{"type":"FeatureCollection", "features": [
{"type":"Feature","geometry":{"type":"Polygon","coordinates":[[[-58.2,-32.448],[-58.1,-32.312],[-58.188,-32.152],[-58.168,-31.848],[-57.988,-31.644],[-58.04,-31.508],[-57.904,-31.24],[-57.8,-30.792],[-57.808,-30.748],[-57.988,-30.604],[-58.068,-30.42],[-58.26,-30.232],[-58.628,-30.152],[-59.004,-30.204],[-59.24,-30.344],[-59.66,-30.336],[-59.66,-30.736],[-60.096,-31.352],[-60.416,-31.672],[-60.648,-31.716],[-60.724,-31.948],[-60.668,-32.048],[-60.764,-32.54],[-60.676,-32.848],[-60.496,-33.124],[-60.296,-33.256],[-59.64,-33.672],[-59.264,-33.724],[-58.68,-34.032],[-58.448,-34.008],[-58.548,-33.684],[-58.52,-33.448],[-58.412,-33.3],[-58.384,-33.076],[-58.148,-33.048],[-58.2,-32.448]]]},"properties":{"id":"AR-E"}},
{"type":"Feature","geometry":{"type":"Polygon","coordinates":[[[-58.2,-32.448],[-58.192,-32.492],[-58.048,-32.912],[-58.176,-33.112],[-58.368,-33.152],[-58.392,-33.424],[-58.416,-33.876],[-58.196,-34.16],[-58.076,-34.192],[-57.824,-34.476],[-57.168,-34.448],[-56.796,-34.7],[-56.364,-34.792],[-56.312,-34.908],[-56.04,-34.884],[-55.792,-34.776],[-55.372,-34.804],[-55.26,-34.896],[-54.94,-34.968],[-54.532,-34.808],[-54.144,-34.668],[-53.972,-34.488],[-53.764,-34.392],[-53.712,-34.2],[-53.54,-34.064],[-53.38,-33.74],[-53.54,-33.648],[-53.52,-33.124],[-53.184,-32.8],[-53.188,-32.648],[-53.416,-32.564],[-53.648,-32.34],[-53.772,-32.048],[-54.136,-31.908],[-54.468,-31.664],[-54.592,-31.472],[-54.82,-31.436],[-55.26,-31.228],[-55.352,-31.056],[-55.592,-30.848],[-55.864,-31.076],[-56.008,-31.08],[-56.016,-31.076],[-56.012,-30.8],[-56.832,-30.104],[-57.104,-30.12],[-57.212,-30.288],[-57.536,-30.276],[-57.604,-30.192],[-57.612,-30.184],[-57.644,-30.192],[-57.652,-30.328],[-57.848,-30.484],[-57.808,-30.748],[-57.8,-30.792],[-57.904,-31.24],[-58.04,-31.508],[-57.988,-31.644],[-58.168,-31.848],[-58.188,-32.152],[-58.1,-32.312],[-58.2,-32.448]]]},"properties":{"id":"UY"}},
{"type":"Feature","geometry":{"type":"Polygon","coordinates":[[[117.568,4.16],[117.164,4.332],[116.496,4.324],[116.124,4.38],[116.02,4.272],[115.88,4.352],[115.64,4.144],[115.464,3.032],[115.244,3.04],[115.068,2.828],[115.056,2.608],[115.128,2.48],[114.92,2.296],[114.78,2.248],[114.832,1.904],[114.672,1.82],[114.668,1.696],[114.5,1.436],[114.4,1.504],[114.208,1.44],[114.192,1.216],[113.864,0.976],[113.948,0.864],[113.776,0.56],[114.036,0.648],[114.376,0.588],[114.664,0.62],[114.976,0.736],[115.076,0.532],[114.952,0.284],[115.016,0.056],[115.348,0.004],[115.276,-0.22],[115.328,-0.512],[115.46,-0.884],[115.74,-1.104],[115.804,-1.296],[115.676,-1.424],[115.608,-1.468],[115.74,-1.784],[115.748,-2],[115.876,-2.352],[115.996,-2.272],[116.572,-2.364],[116.604,-2.224],[116.392,-2.192],[116.468,-1.908],[116.324,-1.704],[116.556,-1.608],[116.54,-1.48],[116.764,-1.364],[116.82,-1.26],[117.024,-1.204],[117.3,-0.816],[117.452,-0.868],[117.576,-0.628],[117.596,-0.424],[117.432,-0.264],[117.532,-0.032],[117.516,0.292],[117.812,0.812],[118.188,0.876],[118.564,0.804],[118.8,0.804],[119.004,0.964],[118.776,1.2],[118.424,1.484],[117.924,1.82],[117.86,2.04],[118.092,2.264],[118.064,2.368],[117.828,2.608],[117.784,2.76],[117.632,2.812],[117.616,3.084],[117.352,3.184],[117.324,3.436],[117.22,3.648],[117.748,3.636],[117.776,3.8],[117.52,4.048],[117.568,4.16]]]},"properties":{"id":"ID-KI"}},
{"type":"Feature","geometry":{"type":"Polygon","coordinates":[[[117.568,4.16],[117.672,4.428],[117.892,4.256],[118.544,4.36],[118.6,4.52],[118.332,4.652],[118.136,4.884],[118.356,5.04],[118.508,4.932],[118.68,4.944],[119.156,5.108],[119.268,5.2],[119.204,5.444],[118.972,5.428],[118.736,5.548],[118.412,5.796],[118.124,5.864],[118.016,6.06],[117.884,5.956],[117.656,5.96],[117.604,6.18],[117.744,6.388],[117.508,6.604],[117.308,6.628],[117.144,7.004],[117.028,6.908],[116.972,6.708],[116.748,7.012],[116.644,6.716],[116.504,6.496],[116.2,6.216],[116.052,5.844],[115.92,5.748],[115.848,5.56],[115.552,5.54],[115.36,5.32],[115.56,5.208],[115.556,5.068],[115.42,4.964],[115.148,4.908],[115.272,4.636],[115.324,4.316],[115.112,4.384],[115.028,4.82],[114.98,4.888],[114.744,4.732],[114.836,4.356],[114.796,4.3],[114.768,4.132],[114.588,4.02],[114.244,4.48],[114,4.6],[113.948,4.272],[113.736,4],[113.436,3.752],[113.276,3.484],[112.976,3.144],[112.012,2.884],[111.668,2.844],[111.44,2.68],[111.364,2.34],[111.208,2.388],[111.212,2.072],[110.968,1.504],[110.728,1.548],[110.368,1.716],[109.928,1.692],[109.656,1.936],[109.644,2.084],[109.528,1.888],[109.648,1.76],[109.676,1.572],[109.976,1.288],[110.172,1.176],[110.256,1.04],[110.552,0.852],[110.852,0.996],[111.196,1.076],[111.352,1.012],[111.824,1.008],[112.1,1.156],[112.18,1.448],[112.472,1.568],[113.024,1.536],[113.088,1.432],[113.504,1.316],[113.648,1.232],[113.908,1.444],[114.208,1.44],[114.4,1.504],[114.5,1.436],[114.668,1.696],[114.672,1.82],[114.832,1.904],[114.78,2.248],[114.92,2.296],[115.128,2.48],[115.056,2.608],[115.068,2.828],[115.244,3.04],[115.464,3.032],[115.64,4.144],[115.88,4.352],[116.02,4.272],[116.124,4.38],[116.496,4.324],[117.164,4.332],[117.568,4.16]]]},"properties":{"id":"MY-13"}},
{"type":"Feature","geometry":{"type":"MultiPolygon","coordinates":[[[[-69.512,-17.508],[-69.856,-17.736],[-69.784,-17.98],[-69.972,-18.252],[-70.396,-18.336],[-70.304,-18.444],[-70.356,-18.772],[-70.272,-19.172],[-70.216,-19.596],[-70.152,-19.72],[-70.124,-20.072],[-70.192,-20.368],[-70.204,-20.74],[-70.06,-21.448],[-70.152,-21.664],[-70.296,-22.916],[-70.452,-23.096],[-70.564,-23.06],[-70.584,-23.424],[-70.412,-23.512],[-70.5,-23.784],[-70.5,-24.096],[-70.584,-24.524],[-70.576,-24.732],[-70.472,-24.976],[-70.444,-25.344],[-70.652,-25.54],[-70.712,-25.836],[-70.636,-26.028],[-70.644,-26.316],[-70.788,-26.996],[-70.96,-27.16],[-70.912,-27.62],[-71.04,-27.668],[-71.14,-27.944],[-71.172,-28.36],[-71.3,-28.676],[-71.52,-28.94],[-71.488,-29.212],[-71.308,-29.42],[-71.288,-29.912],[-71.384,-30.148],[-71.64,-30.252],[-71.712,-30.616],[-71.668,-31.152],[-71.516,-31.776],[-71.544,-32.192],[-71.412,-32.368],[-71.444,-32.644],[-71.568,-33],[-71.72,-33.168],[-71.64,-33.5],[-71.688,-33.72],[-71.872,-33.932],[-72.028,-34.164],[-72.056,-34.66],[-72.104,-34.76],[-72.232,-35.116],[-72.364,-35.208],[-72.528,-35.492],[-72.648,-35.568],[-72.596,-35.812],[-72.8,-36.052],[-72.896,-36.44],[-73.004,-36.712],[-73.16,-36.736],[-73.172,-37.076],[-73.284,-37.216],[-73.672,-37.364],[-73.604,-37.512],[-73.668,-37.72],[-73.464,-38.092],[-73.524,-38.476],[-73.284,-39.076],[-73.248,-39.384],[-73.4,-39.804],[-73.684,-39.944],[-73.748,-40.272],[-73.728,-40.544],[-73.84,-40.668],[-73.948,-40.972],[-73.8,-41.564],[-73.66,-41.756],[-73.2,-41.784],[-73.112,-41.588],[-72.956,-41.484],[-72.752,-41.548],[-72.644,-41.724],[-72.864,-41.904],[-72.488,-42.064],[-72.808,-42.244],[-72.844,-42.84],[-72.76,-43.008],[-73.112,-43.46],[-72.972,-43.62],[-73.044,-43.728],[-73.276,-44.112],[-72.688,-44.488],[-72.728,-44.76],[-73.116,-44.948],[-73.348,-44.956],[-73.304,-45.144],[-73.46,-45.268],[-73.556,-45.876],[-73.768,-46.236],[-74.188,-45.792],[-74.692,-45.84],[-74.712,-45.984],[-74.96,-46.216],[-75.092,-46.216],[-75.516,-46.556],[-75.704,-46.64],[-75.552,-46.948],[-75.352,-46.9],[-75.436,-46.648],[-75.084,-46.64],[-74.652,-46.788],[-74.268,-46.78],[-73.956,-47.06],[-74.14,-47.224],[-74.324,-47.22],[-74.736,-47.704],[-74.628,-47.768],[-73.708,-47.776],[-73.592,-48.14],[-73.892,-48.024],[-74.416,-47.984],[-74.196,-48.472],[-74.392,-48.6],[-74.308,-48.728],[-74.168,-48.704],[-74.068,-48.74],[-74.2,-48.72],[-74.308,-48.748],[-74.372,-48.72],[-74.424,-49.372],[-74.216,-49.524],[-74.324,-49.632],[-74.252,-50.08],[-74.572,-50.1],[-74.128,-50.764],[-74.256,-50.94],[-74.128,-51.188],[-73.784,-51.224],[-73.936,-51.4],[-73.904,-51.612],[-73.68,-51.768],[-73.54,-52.056],[-73.316,-52.168],[-73.144,-51.94],[-72.468,-51.788],[-72.528,-51.956],[-72.804,-51.936],[-73.332,-52.22],[-73.58,-52.208],[-73.532,-52.456],[-73.688,-52.596],[-73.268,-52.672],[-73.328,-53.072],[-72.952,-53.024],[-73.004,-52.832],[-72.792,-52.752],[-72.656,-52.52],[-71.572,-52.56],[-71.852,-52.696],[-72.16,-52.652],[-72.564,-52.832],[-72.96,-52.824],[-72.892,-53.056],[-73.2,-53.24],[-72.524,-53.544],[-72.468,-53.284],[-71.532,-52.868],[-71.168,-52.812],[-71.256,-53.016],[-71.836,-53.252],[-72.284,-53.244],[-72.452,-53.408],[-72.052,-53.708],[-71.644,-53.824],[-71.228,-53.876],[-70.972,-53.756],[-70.992,-53.384],[-70.816,-52.992],[-70.812,-52.82],[-70.584,-52.672],[-69.848,-52.488],[-69.672,-52.532],[-69.484,-52.292],[-69.236,-52.204],[-68.9,-52.304],[-68.448,-52.348],[-69.212,-52.136],[-69.484,-52.132],[-69.952,-52.008],[-71.916,-51.992],[-71.96,-51.868],[-72.28,-51.7],[-72.384,-51.16],[-72.264,-50.836],[-72.304,-50.648],[-72.78,-50.62],[-73.096,-50.772],[-73.26,-50.556],[-73.324,-50.268],[-73.532,-50.14],[-73.572,-49.932],[-73.464,-49.76],[-73.588,-49.528],[-73.456,-49.308],[-73.1,-49.272],[-73.172,-49.252],[-73.008,-48.992],[-72.592,-48.792],[-72.576,-48.452],[-72.324,-48.284],[-72.344,-48.072],[-72.544,-47.916],[-72.344,-47.604],[-72.008,-47.2],[-71.936,-46.8],[-71.688,-46.692],[-71.772,-46.112],[-71.648,-46],[-71.8,-45.74],[-71.764,-45.572],[-71.524,-45.52],[-71.312,-45.3],[-71.588,-44.98],[-71.856,-44.792],[-71.496,-44.744],[-71.336,-44.8],[-71.124,-44.532],[-71.208,-44.428],[-71.824,-44.404],[-71.86,-44.108],[-71.744,-44.044],[-71.66,-43.928],[-71.82,-43.76],[-71.724,-43.596],[-71.936,-43.456],[-71.744,-43.192],[-72.008,-43.12],[-72.148,-43],[-72.148,-42.592],[-72.04,-42.492],[-72.124,-42.264],[-71.736,-42.084],[-71.768,-42],[-71.924,-41.624],[-71.868,-41.012],[-71.956,-40.72],[-71.86,-40.56],[-71.68,-40.34],[-71.824,-40.212],[-71.624,-39.932],[-71.716,-39.728],[-71.64,-39.6],[-71.46,-39.432],[-71.4,-39.236],[-71.416,-38.936],[-71.228,-38.808],[-70.872,-38.692],[-70.848,-38.528],[-70.972,-38.424],[-71.016,-38.144],[-71.184,-37.708],[-71.124,-37.444],[-71.204,-37.292],[-71.088,-37.104],[-71.196,-36.84],[-71.056,-36.672],[-71.028,-36.48],[-70.72,-36.416],[-70.704,-36.26],[-70.432,-36.128],[-70.408,-35.508],[-70.544,-35.208],[-70.372,-35.028],[-70.228,-34.584],[-70.048,-34.284],[-69.832,-34.244],[-69.908,-33.956],[-69.896,-33.664],[-69.788,-33.38],[-69.904,-33.24],[-70.1,-33.188],[-70.108,-33.052],[-70,-32.876],[-70.14,-32.768],[-70.172,-32.464],[-70.256,-32.316],[-70.332,-32.208],[-70.428,-31.872],[-70.592,-31.548],[-70.48,-31.096],[-70.34,-31.04],[-70.32,-30.8],[-70.216,-30.516],[-69.904,-30.312],[-69.848,-30.128],[-69.976,-30.06],[-69.928,-29.716],[-70.044,-29.364],[-69.804,-29.1],[-69.74,-28.64],[-69.656,-28.4],[-69.42,-28.212],[-69.136,-27.772],[-68.8,-27.112],[-68.584,-27.164],[-68.332,-27.044],[-68.32,-26.872],[-68.572,-26.552],[-68.576,-26.304],[-68.42,-26.18],[-68.5,-25.756],[-68.604,-25.436],[-68.556,-25.292],[-68.496,-25.16],[-68.38,-25.136],[-68.572,-24.768],[-68.504,-24.612],[-68.244,-24.384],[-67.364,-24.032],[-67.252,-23.732],[-67.012,-23],[-67.192,-22.824],[-67.548,-22.892],[-67.876,-22.832],[-67.86,-22.568],[-67.992,-22.056],[-68.096,-21.952],[-68.2,-21.572],[-68.208,-21.284],[-68.416,-20.96],[-68.532,-20.928],[-68.572,-20.744],[-68.48,-20.644],[-68.684,-20.516],[-68.68,-20.328],[-68.776,-20.088],[-68.588,-20.056],[-68.552,-19.856],[-68.7,-19.748],[-68.576,-19.564],[-68.492,-19.376],[-68.664,-19.272],[-68.988,-18.948],[-68.956,-18.856],[-69.036,-18.48],[-69.156,-18.14],[-69.084,-18.04],[-69.304,-17.976],[-69.336,-17.804],[-69.512,-17.508]]],[[[-74.336,-43.28],[-73.876,-43.42],[-73.68,-43.38],[-73.72,-43.14],[-73.492,-43.1],[-73.648,-42.884],[-73.516,-42.788],[-73.808,-42.608],[-73.68,-42.372],[-73.376,-42.256],[-73.488,-42.144],[-73.536,-41.84],[-73.692,-41.808],[-74.056,-41.944],[-74.052,-42.132],[-74.188,-42.432],[-74.128,-42.672],[-74.336,-43.28]]],[[[-74.5,-48.584],[-74.668,-48.264],[-75.032,-48.504],[-74.948,-48.62],[-74.62,-48.692],[-74.5,-48.584]]],[[[-75.16,-48.3],[-74.836,-48.344],[-74.828,-48.144],[-75.256,-48.068],[-75.16,-48.3]]],[[[-75.148,-48.66],[-75.072,-48.596],[-75.38,-48.008],[-75.584,-48.084],[-75.556,-48.38],[-75.272,-48.42],[-75.148,-48.66]]],[[[-74.752,-45.808],[-75.112,-45.884],[-75.076,-46.092],[-74.768,-45.988],[-74.752,-45.808]]],[[[-74.504,-45.732],[-74.208,-45.636],[-74.42,-45.456],[-74.504,-45.732]]],[[[-73.732,-45.216],[-73.916,-44.996],[-74.208,-45.044],[-74.008,-45.232],[-73.732,-45.216]]],[[[-73.928,-44.628],[-74.4,-44.628],[-74.28,-44.804],[-73.928,-44.628]]],[[[-73.384,-44.588],[-73.408,-44.824],[-73.148,-44.912],[-72.836,-44.712],[-72.72,-44.528],[-73.004,-44.36],[-73.384,-44.588]]],[[[-68.64,-54.8],[-68.64,-54.784],[-68.636,-53.712],[-68.628,-52.64],[-68.744,-52.556],[-69.14,-52.684],[-69.376,-52.472],[-69.584,-52.508],[-69.736,-52.776],[-70,-52.84],[-70.472,-53.308],[-70.256,-53.46],[-69.676,-53.36],[-69.352,-53.356],[-69.36,-53.52],[-70.136,-53.74],[-70.072,-54.248],[-70.324,-54.324],[-70.932,-54.112],[-70.86,-54.316],[-71.012,-54.448],[-71.724,-54.404],[-71.94,-54.512],[-71.476,-54.676],[-71.288,-54.676],[-70.24,-54.856],[-69.796,-54.788],[-69.068,-54.948],[-68.656,-54.888],[-68.64,-54.8]]],[[[-68,-55.628],[-68.24,-55.292],[-68.532,-55.108],[-68.44,-54.94],[-69.32,-54.992],[-69.884,-55.064],[-70.032,-55.152],[-69.608,-55.364],[-69.272,-55.212],[-68.856,-55.256],[-68.968,-55.428],[-68.252,-55.524],[-68,-55.628]]],[[[-67.884,-55.244],[-67.424,-55.216],[-67.06,-55.072],[-67.3,-54.928],[-67.94,-54.904],[-68.188,-54.98],[-68.156,-55.196],[-67.884,-55.244]]],[[[-71.632,-54.08],[-71.5,-54.212],[-71.112,-54.38],[-70.992,-54.264],[-71.464,-53.94],[-71.632,-54.08]]],[[[-72.016,-54.204],[-71.712,-54.148],[-71.728,-53.9],[-71.944,-53.852],[-72.26,-53.944],[-72.016,-54.204]]],[[[-70.456,-53.612],[-70.88,-53.844],[-70.824,-54.112],[-70.54,-54.22],[-70.336,-54.008],[-70.452,-53.888],[-70.456,-53.612]]],[[[-72.528,-54.076],[-72.188,-53.776],[-72.656,-53.536],[-73.132,-53.488],[-73.584,-53.584],[-73.068,-53.832],[-72.744,-53.892],[-72.932,-54.06],[-72.528,-54.076]]],[[[-73.208,-53.316],[-73.436,-53.14],[-73.876,-53.004],[-74.408,-52.912],[-74.264,-53.092],[-73.88,-53.056],[-73.42,-53.284],[-73.208,-53.316]]],[[[-73.836,-52.7],[-73.676,-52.472],[-73.896,-52.408],[-74.128,-52.664],[-73.836,-52.7]]],[[[-74.384,-50.98],[-74.88,-50.888],[-74.892,-51.048],[-74.384,-50.98]]],[[[-74.312,-50.836],[-74.384,-50.456],[-74.58,-50.632],[-74.312,-50.836]]],[[[-75.04,-50.288],[-75.132,-50.084],[-75.396,-50.172],[-75.46,-50.352],[-75.04,-50.288]]],[[[-75.2,-49.772],[-74.96,-49.784],[-74.868,-50.016],[-74.484,-49.952],[-74.42,-49.688],[-74.536,-49.508],[-74.448,-49.324],[-74.524,-48.724],[-74.756,-48.68],[-75.052,-48.856],[-74.804,-49.104],[-74.932,-49.316],[-75.468,-49.332],[-75.2,-49.772]]]]},"properties":{"id":"CL"}},
{"type":"Feature","geometry":{"type":"Polygon","coordinates":[[[-67.192,-22.824],[-67.036,-22.656],[-67.032,-22.524],[-66.796,-22.436],[-66.736,-22.224],[-66.376,-22.128],[-66.24,-21.792],[-66.096,-21.832],[-65.744,-22.116],[-65.192,-22.1],[-65.02,-22.096],[-64.588,-22.212],[-64.572,-22.344],[-64.292,-22.692],[-63.948,-22.008],[-62.804,-22.004],[-62.652,-22.236],[-62.276,-21.068],[-62.272,-21],[-62.276,-20.58],[-62.212,-20.472],[-61.924,-20.064],[-61.76,-19.656],[-60.008,-19.3],[-59.088,-19.288],[-58.176,-19.82],[-58.16,-20.164],[-57.86,-19.98],[-58.124,-19.728],[-57.788,-19.06],[-57.784,-18.912],[-57.552,-18.184],[-57.732,-17.848],[-57.724,-17.736],[-57.792,-17.556],[-58.012,-17.496],[-58.38,-17.268],[-58.48,-16.684],[-58.356,-16.508],[-58.464,-16.332],[-60.128,-16.272],[-60.18,-16.224],[-60.236,-15.504],[-60.528,-15.144],[-60.276,-15.096],[-60.292,-14.632],[-60.472,-14.116],[-60.388,-13.976],[-60.464,-13.816],[-60.724,-13.664],[-60.896,-13.552],[-61.348,-13.492],[-61.592,-13.508],[-61.868,-13.464],[-62.22,-13.12],[-62.808,-12.988],[-62.976,-12.852],[-63.076,-12.652],[-63.248,-12.7],[-63.496,-12.552],[-63.8,-12.456],[-63.92,-12.544],[-64.396,-12.456],[-64.468,-12.26],[-64.716,-12.148],[-64.792,-12.032],[-64.996,-11.996],[-65.064,-11.752],[-65.352,-11.392],[-65.304,-10.992],[-65.404,-10.8],[-65.448,-10.468],[-65.396,-10.392],[-65.288,-10.216],[-65.304,-9.824],[-65.452,-9.68],[-65.584,-9.836],[-65.788,-9.732],[-66.192,-9.8],[-66.648,-9.916],[-67.064,-10.256],[-67.336,-10.328],[-67.584,-10.5],[-67.756,-10.716],[-67.864,-10.66],[-68.096,-10.696],[-68.292,-10.98],[-68.616,-11.112],[-68.788,-11.128],[-68.884,-11.016],[-69.396,-10.936],[-69.576,-10.952],[-68.688,-12.492],[-68.98,-12.868],[-68.972,-13.032],[-68.984,-13.972],[-68.884,-14.212],[-68.992,-14.38],[-69.248,-14.592],[-69.392,-14.964],[-69.148,-15.232],[-69.292,-15.352],[-69.424,-15.656],[-69.22,-16.152],[-68.844,-16.304],[-69,-16.424],[-69.036,-16.672],[-69.192,-16.744],[-69.428,-17.088],[-69.664,-17.288],[-69.512,-17.508],[-69.336,-17.804],[-69.304,-17.976],[-69.084,-18.04],[-69.156,-18.14],[-69.036,-18.48],[-68.956,-18.856],[-68.988,-18.948],[-68.664,-19.272],[-68.492,-19.376],[-68.576,-19.564],[-68.7,-19.748],[-68.552,-19.856],[-68.588,-20.056],[-68.776,-20.088],[-68.68,-20.328],[-68.684,-20.516],[-68.48,-20.644],[-68.572,-20.744],[-68.532,-20.928],[-68.416,-20.96],[-68.208,-21.284],[-68.2,-21.572],[-68.096,-21.952],[-67.992,-22.056],[-67.86,-22.568],[-67.876,-22.832],[-67.548,-22.892],[-67.192,-22.824]]]},"properties":{"id":"BO"}},
{"type":"Feature","geometry":{"type":"Polygon","coordinates":[[[-69.512,-17.508],[-69.664,-17.288],[-69.428,-17.088],[-69.192,-16.744],[-69.036,-16.672],[-69,-16.424],[-68.844,-16.304],[-69.22,-16.152],[-69.424,-15.656],[-69.292,-15.352],[-69.148,-15.232],[-69.392,-14.964],[-69.248,-14.592],[-68.992,-14.38],[-68.884,-14.212],[-68.984,-13.972],[-68.972,-13.032],[-68.98,-12.868],[-68.688,-12.492],[-69.576,-10.952],[-69.956,-10.92],[-70.288,-11.064],[-70.536,-10.94],[-70.64,-11.012],[-70.64,-9.956],[-70.544,-9.728],[-70.68,-9.528],[-71.196,-9.94],[-71.392,-10.008],[-72.196,-10.004],[-72.16,-9.888],[-72.26,-9.668],[-72.432,-9.484],[-72.812,-9.412],[-73.216,-9.408],[-72.96,-9.084],[-73.176,-8.72],[-73.352,-8.6],[-73.356,-8.48],[-73.528,-8.372],[-73.668,-8.012],[-73.712,-7.788],[-73.984,-7.528],[-73.98,-7.376],[-73.76,-7.336],[-73.808,-7.116],[-73.764,-6.904],[-73.372,-6.584],[-73.132,-6.436],[-73.236,-6.076],[-73,-5.708],[-72.896,-5.272],[-72.916,-5.132],[-72.628,-5.024],[-72.072,-4.604],[-71.776,-4.48],[-70.968,-4.384],[-70.832,-4.18],[-70.584,-4.196],[-70.428,-4.136],[-70.232,-4.304],[-69.964,-4.236],[-70.188,-4.028],[-70.312,-3.828],[-70.544,-3.864],[-70.736,-3.784],[-70.052,-2.716],[-70.236,-2.624],[-70.876,-2.228],[-70.992,-2.196],[-71.22,-2.34],[-71.388,-2.368],[-71.456,-2.256],[-71.768,-2.144],[-71.968,-2.328],[-72.396,-2.448],[-72.644,-2.336],[-72.944,-2.42],[-73.196,-2.188],[-73.112,-2.072],[-73.188,-1.8],[-73.34,-1.792],[-73.532,-1.672],[-73.496,-1.476],[-73.636,-1.256],[-74.288,-0.944],[-74.416,-0.564],[-74.824,-0.172],[-74.932,-0.208],[-75.14,-0.044],[-75.284,-0.108],[-75.456,-0.16],[-75.436,-0.404],[-75.272,-0.524],[-75.268,-0.644],[-75.228,-0.968],[-75.412,-0.924],[-75.58,-1.548],[-76.092,-2.128],[-76.668,-2.564],[-77.812,-2.968],[-77.94,-3.056],[-78.376,-3.528],[-78.5,-3.952],[-78.684,-4.328],[-78.708,-4.584],[-78.852,-4.652],[-79.008,-4.96],[-79.232,-4.964],[-79.46,-4.772],[-79.508,-4.532],[-79.656,-4.44],[-79.796,-4.484],[-80.08,-4.308],[-80.408,-4.476],[-80.488,-4.396],[-80.512,-4.064],[-80.304,-4.004],[-80.164,-3.88],[-80.216,-3.632],[-80.34,-3.392],[-80.772,-3.712],[-81.064,-4.084],[-81.252,-4.24],[-81.336,-4.68],[-81.064,-5.024],[-81.2,-5.208],[-80.932,-5.464],[-80.856,-5.652],[-80.94,-5.852],[-81.152,-5.884],[-81.1,-6.072],[-80.632,-6.376],[-80.12,-6.652],[-79.692,-7.16],[-79.464,-7.716],[-79.3,-7.94],[-78.984,-8.216],[-78.94,-8.436],[-78.76,-8.608],[-78.764,-8.776],[-78.648,-8.964],[-78.496,-9.188],[-78.368,-9.616],[-78.228,-9.792],[-78.168,-10.14],[-77.892,-10.604],[-77.672,-10.928],[-77.596,-11.164],[-77.648,-11.292],[-77.32,-11.492],[-77.196,-11.68],[-77.14,-12],[-77.116,-12.08],[-76.852,-12.304],[-76.8,-12.508],[-76.516,-12.868],[-76.484,-13.036],[-76.248,-13.32],[-76.18,-13.54],[-76.276,-13.944],[-76.284,-14.14],[-76.148,-14.224],[-75.98,-14.46],[-75.932,-14.648],[-75.552,-14.884],[-75.36,-15.144],[-75.24,-15.204],[-75.076,-15.436],[-74.464,-15.728],[-74.44,-15.8],[-74.048,-15.96],[-73.7,-16.22],[-73.42,-16.292],[-73.28,-16.388],[-72.692,-16.66],[-72.364,-16.76],[-72.292,-16.88],[-71.808,-17.192],[-71.488,-17.316],[-71.36,-17.632],[-71.176,-17.792],[-70.916,-17.948],[-70.684,-18.16],[-70.396,-18.336],[-69.972,-18.252],[-69.784,-17.98],[-69.856,-17.736],[-69.512,-17.508]]]},"properties":{"id":"PE"}},
{"type":"Feature","geometry":{"type":"Polygon","coordinates":[[[-68.496,-25.16],[-67.808,-25.284],[-66.6,-25.268],[-66.468,-25.48],[-66.512,-25.632],[-66.808,-25.724],[-66.78,-25.896],[-66.42,-26.376],[-66.224,-26.172],[-66.052,-26.252],[-65.712,-26.296],[-65.664,-26.076],[-64.968,-26.268],[-64.768,-26.212],[-64.488,-26.22],[-64.212,-25.604],[-63.924,-25.652],[-63.4,-25.66],[-62.336,-24.404],[-62.34,-24.12],[-62.34,-22.472],[-62.652,-22.236],[-62.804,-22.004],[-63.948,-22.008],[-64.292,-22.692],[-64.572,-22.344],[-64.588,-22.212],[-65.02,-22.096],[-65.192,-22.1],[-65.336,-22.504],[-65.268,-22.844],[-65.04,-23.004],[-65.044,-23.252],[-64.816,-23.504],[-64.66,-23.456],[-64.44,-23.62],[-64.348,-23.504],[-64.18,-23.54],[-64.16,-24.184],[-64.316,-24.416],[-64.624,-24.612],[-64.816,-24.46],[-64.9,-24.592],[-65.176,-24.456],[-65.276,-24.5],[-65.588,-24.404],[-65.76,-24.156],[-65.964,-23.988],[-66.024,-23.848],[-65.988,-23.544],[-66.352,-23.368],[-66.404,-23.556],[-66.336,-23.724],[-66.352,-24.04],[-66.504,-24.236],[-66.676,-24.2],[-67.092,-23.828],[-67.252,-23.732],[-67.364,-24.032],[-68.244,-24.384],[-68.504,-24.612],[-68.572,-24.768],[-68.38,-25.136],[-68.496,-25.16]]]},"properties":{"id":"AR-A"}},
{"type":"Feature","geometry":{"type":"Polygon","coordinates":[[[-67.192,-22.824],[-67.012,-23],[-67.252,-23.732],[-67.092,-23.828],[-66.676,-24.2],[-66.504,-24.236],[-66.352,-24.04],[-66.336,-23.724],[-66.404,-23.556],[-66.352,-23.368],[-65.988,-23.544],[-66.024,-23.848],[-65.964,-23.988],[-65.76,-24.156],[-65.588,-24.404],[-65.276,-24.5],[-65.176,-24.456],[-64.9,-24.592],[-64.816,-24.46],[-64.624,-24.612],[-64.316,-24.416],[-64.16,-24.184],[-64.18,-23.54],[-64.348,-23.504],[-64.44,-23.62],[-64.66,-23.456],[-64.816,-23.504],[-65.044,-23.252],[-65.04,-23.004],[-65.268,-22.844],[-65.336,-22.504],[-65.192,-22.1],[-65.744,-22.116],[-66.096,-21.832],[-66.24,-21.792],[-66.376,-22.128],[-66.736,-22.224],[-66.796,-22.436],[-67.032,-22.524],[-67.036,-22.656],[-67.192,-22.824]]]},"properties":{"id":"AR-Y"}},
{"type":"Feature","geometry":{"type":"Polygon","coordinates":[[[33.78,34.976],[33.892,34.96],[33.828,35],[33.908,35.068],[33.68,35.032],[33.7,34.972],[33.78,34.976]]]},"properties":{"id":"ESB"}},
{"type":"Feature","geometry":{"type":"MultiPolygon","coordinates":[[[[33.68,35.032],[33.492,35.048],[33.4,35.196],[33.192,35.188],[32.856,35.08],[32.712,35.18],[32.64,35.188],[32.6,35.18],[32.568,35.172],[32.372,35.04],[32.412,34.752],[32.64,34.66],[32.76,34.652],[32.832,34.7],[33.016,34.636],[33.272,34.708],[33.604,34.82],[33.7,34.972],[33.68,35.032]]],[[[33.892,34.96],[33.896,34.96],[34.012,35.064],[33.908,35.068],[33.828,35],[33.892,34.96]]]]},"properties":{"id":"CY"}},
{"type":"Feature","geometry":{"type":"Polygon","coordinates":[[[77.8,35.496],[77.048,35.112],[76.92,34.92],[76.552,34.724],[76.024,34.676],[75.776,34.504],[75.348,34.556],[75.376,34.372],[75.88,33.964],[76.168,33.872],[76.248,33.576],[76.488,33.504],[76.74,33.196],[77.136,32.928],[77.348,32.868],[77.72,33.012],[78.008,32.612],[78.252,32.696],[78.38,32.528],[78.632,32.58],[78.944,32.348],[79.112,32.472],[79.444,32.536],[79.62,32.728],[79.416,32.972],[79.456,33.252],[79.1,33.288],[78.824,33.46],[78.732,34.08],[78.976,34.216],[78.956,34.34],[78.608,34.548],[78.272,34.66],[78.132,35.056],[78,35.268],[78.056,35.452],[77.8,35.496]]]},"properties":{"id":"IN-LA"}},
{"type":"Feature","geometry":{"type":"Polygon","coordinates":[[[78.956,34.34],[79.204,34.44],[79.512,34.472],[79.792,34.432],[79.956,34.684],[79.884,34.92],[80.176,35.252],[80.32,35.508],[80.488,35.404],[80.86,35.348],[81.06,35.388],[81.712,35.244],[82.004,35.32],[82.088,35.448],[82.428,35.688],[82.936,35.676],[82.972,35.492],[83.564,35.36],[83.984,35.416],[84.216,35.388],[84.564,35.56],[85.148,35.748],[85.388,35.756],[85.62,35.676],[85.928,35.76],[86.088,35.876],[86.212,36.116],[86.46,36.22],[87.192,36.304],[87.344,36.376],[87.572,36.332],[88,36.428],[88.46,36.448],[88.96,36.288],[89.224,36.264],[89.676,36.08],[90.164,36.128],[90.624,36.112],[90.828,36.012],[91.136,36.14],[91.008,36.504],[90.804,36.56],[90.688,36.7],[90.808,36.912],[91.288,37.012],[91.072,37.488],[90.436,37.78],[90.44,37.996],[90.192,38.324],[90.312,38.464],[90.652,38.676],[91.296,38.744],[92.124,38.94],[92.332,39.048],[92.936,39.152],[92.948,39.452],[92.772,39.812],[92.92,40.12],[92.924,40.424],[93.288,40.468],[93.576,40.588],[94.012,41.104],[94.58,41.584],[95.06,41.788],[95.492,41.856],[95.772,41.828],[96.036,41.996],[96.044,42.5],[96.368,42.724],[96.296,42.932],[95.908,43.216],[95.512,43.98],[95.328,44.008],[95.38,44.288],[95.036,44.256],[94.7,44.344],[94.34,44.512],[94.196,44.656],[93.976,44.66],[93.524,44.952],[93.076,45.004],[92.476,44.996],[92.008,45.076],[91.664,45.06],[91.136,45.196],[90.904,45.184],[90.652,45.492],[90.712,45.752],[91.004,46.02],[90.896,46.304],[91.048,46.568],[91.016,46.688],[90.932,46.876],[90.712,47.016],[90.468,47.308],[90.44,47.492],[90.084,47.756],[89.752,47.824],[89.54,48.032],[89.044,47.992],[88.58,48.212],[88.564,48.344],[87.944,48.6],[87.804,48.8],[87.816,49.164],[87.324,49.084],[86.888,49.108],[86.728,48.992],[86.744,48.704],[86.564,48.528],[86.192,48.42],[85.784,48.408],[85.588,48.14],[85.516,47.92],[85.672,47.384],[85.66,47.208],[85.5,47.052],[85.204,47.032],[84.916,46.852],[84.664,46.984],[83.904,46.972],[83.152,47.212],[83.012,47.196],[82.984,46.944],[82.84,46.732],[82.488,45.9],[82.296,45.556],[82.616,45.436],[82.584,45.176],[82.296,45.228],[81.952,45.144],[81.74,45.34],[80.852,45.128],[80.06,45.02],[79.86,44.904],[79.992,44.792],[80.22,44.82],[80.376,44.672],[80.344,44.104],[80.712,43.46],[80.772,43.112],[80.368,43.028],[80.476,42.864],[80.228,42.792],[80.14,42.624],[80.268,42.236],[80.212,42.188],[80.18,42.02],[79.844,42],[79.748,41.88],[79.304,41.788],[78.672,41.54],[78.36,41.376],[78.232,41.172],[78.076,41.04],[77.868,41.064],[77.476,40.984],[76.86,41.012],[76.448,40.416],[76.244,40.44],[75.92,40.308],[75.68,40.292],[75.56,40.632],[75.192,40.44],[74.832,40.508],[74.704,40.332],[74.368,40.104],[74.004,40.06],[73.824,39.804],[73.928,39.592],[73.632,39.448],[73.604,39.236],[73.816,38.992],[73.684,38.856],[73.796,38.604],[73.932,38.528],[74.14,38.668],[74.336,38.668],[74.776,38.512],[74.792,38.08],[74.964,37.768],[74.892,37.6],[75.164,37.4],[74.892,37.232],[74.488,37.224],[74.544,37.02],[74.912,36.964],[75.1,36.996],[75.352,36.916],[75.412,36.748],[75.792,36.688],[75.976,36.464],[76.016,36.232],[75.896,36.096],[76.06,35.992],[76.168,35.808],[76.564,35.864],[76.572,35.752],[76.776,35.648],[77.412,35.468],[77.8,35.496],[78.056,35.452],[78,35.268],[78.132,35.056],[78.272,34.66],[78.608,34.548],[78.956,34.34]]]},"properties":{"id":"CN-XJ"}},
{"type":"Feature","geometry":{"type":"Polygon","coordinates":[[[78.38,32.528],[78.456,32.228],[78.744,31.964],[78.672,31.772],[78.82,31.608],[78.7,31.512],[78.74,31.336],[78.892,31.28],[79.072,31.46],[79.24,31.328],[79.396,31.036],[79.528,30.952],[79.832,30.96],[80.252,30.564],[80.724,30.392],[80.996,30.196],[81.084,30.028],[81.268,30.072],[81.592,30.416],[82.088,30.332],[82.144,30.068],[82.54,29.924],[82.836,29.66],[83.164,29.624],[83.328,29.484],[83.516,29.192],[83.656,29.16],[83.944,29.292],[84.1,29.248],[84.224,28.916],[84.676,28.604],[84.92,28.536],[85.168,28.584],[85.08,28.332],[85.26,28.268],[85.676,28.308],[86.056,27.888],[86.204,28.004],[86.516,27.972],[86.66,28.108],[86.984,27.952],[87.156,27.824],[87.68,27.812],[87.824,27.908],[88.12,27.86],[88.612,28.104],[88.816,27.996],[88.852,27.844],[88.74,27.544],[88.892,27.316],[89.124,27.616],[89.204,27.748],[89.416,27.988],[89.56,28.136],[89.864,28.296],[90.26,28.336],[90.588,28.232],[90.476,28.072],[90.756,28.056],[91.092,27.972],[91.268,28.072],[91.436,27.988],[91.628,27.852],[92.064,27.76],[92.24,27.864],[92.576,27.848],[92.736,27.984],[92.656,28.104],[93.188,28.432],[93.448,28.672],[93.864,28.704],[93.992,28.844],[94.252,28.932],[94.272,29.096],[94.632,29.32],[94.776,29.168],[95.224,29.06],[95.488,29.068],[95.516,29.208],[95.744,29.34],[96.14,29.368],[96.456,28.996],[96.6,28.708],[96.336,28.48],[96.716,28.436],[96.932,28.336],[97.116,28.368],[97.324,28.216],[97.436,28.288],[97.528,28.528],[97.7,28.488],[98.116,28.144],[98.3,28.356],[98.488,28.248],[98.64,28.424],[98.588,28.672],[98.872,28.812],[99.108,29.224],[98.988,29.652],[99.056,29.916],[98.988,30.144],[98.904,30.664],[98.956,30.748],[98.62,31.188],[98.884,31.356],[98.592,31.6],[98.444,31.804],[98.452,31.984],[98.016,32.464],[97.716,32.544],[97.36,32.5],[97.36,32.26],[97.256,32.076],[96.756,31.972],[96.796,31.716],[96.484,31.752],[96.28,31.908],[96.096,31.7],[95.408,31.812],[95.424,32.096],[95.26,32.244],[95.06,32.26],[94.94,32.428],[94.584,32.672],[94.112,32.48],[93.736,32.572],[93.512,32.516],[93.004,32.736],[92.464,32.768],[92.22,32.744],[91.544,33.08],[91.376,33.272],[91.188,33.336],[90.804,33.14],[90.66,33.156],[90.204,33.4],[90.14,33.58],[89.976,33.632],[89.876,33.824],[89.636,34.092],[89.788,34.2],[89.84,34.384],[89.724,34.74],[89.788,34.928],[89.584,34.94],[89.456,35.212],[89.484,35.344],[89.692,35.508],[89.788,35.828],[89.484,35.88],[89.436,35.988],[89.676,36.08],[89.224,36.264],[88.96,36.288],[88.46,36.448],[88,36.428],[87.572,36.332],[87.344,36.376],[87.192,36.304],[86.46,36.22],[86.212,36.116],[86.088,35.876],[85.928,35.76],[85.62,35.676],[85.388,35.756],[85.148,35.748],[84.564,35.56],[84.216,35.388],[83.984,35.416],[83.564,35.36],[82.972,35.492],[82.936,35.676],[82.428,35.688],[82.088,35.448],[82.004,35.32],[81.712,35.244],[81.06,35.388],[80.86,35.348],[80.488,35.404],[80.32,35.508],[80.176,35.252],[79.884,34.92],[79.956,34.684],[79.792,34.432],[79.512,34.472],[79.204,34.44],[78.956,34.34],[78.976,34.216],[78.732,34.08],[78.824,33.46],[79.1,33.288],[79.456,33.252],[79.416,32.972],[79.62,32.728],[79.444,32.536],[79.112,32.472],[78.944,32.348],[78.632,32.58],[78.38,32.528]]]},"properties":{"id":"CN-XZ"}},
{"type":"Feature","geometry":{"type":"Polygon","coordinates":[[[34.248,31.212],[34.824,29.74],[34.888,29.492],[34.956,29.56],[35.144,30.156],[35.14,30.432],[35.264,30.72],[35.348,30.924],[35.44,31.104],[35.456,31.432],[35.46,31.492],[35.224,31.38],[34.928,31.344],[34.952,31.608],[35.148,31.736],[35,31.852],[34.96,32.188],[35.032,32.384],[35.212,32.54],[35.56,32.384],[35.564,32.644],[35.756,32.744],[35.888,32.944],[35.804,33.248],[35.82,33.408],[35.48,33.088],[35.288,33.1],[35.104,33.088],[35.076,32.892],[34.948,32.816],[34.868,32.408],[34.804,32.192],[34.732,32.012],[34.664,31.872],[34.48,31.584],[34.248,31.212]]]},"properties":{"id":"IL"}},
{"type":"Feature","geometry":{"type":"MultiPolygon","coordinates":[[[[34.48,31.584],[34.2,31.316],[34.248,31.212],[34.48,31.584]]],[[[35.46,31.492],[35.504,31.684],[35.56,31.764],[35.56,32.192],[35.56,32.384],[35.212,32.54],[35.032,32.384],[34.96,32.188],[35,31.852],[35.148,31.736],[34.952,31.608],[34.928,31.344],[35.224,31.38],[35.46,31.492]]]]},"properties":{"id":"PS"}},
{"type":"Feature","geometry":{"type":"Polygon","coordinates":[[[35.82,33.408],[35.844,33.42],[35.872,33.432],[36.052,33.816],[36.268,33.912],[36.604,34.2],[36.42,34.5],[36.328,34.5],[36.112,34.628],[35.968,34.648],[35.644,34.216],[35.548,33.908],[35.484,33.864],[35.376,33.588],[35.104,33.088],[35.288,33.1],[35.48,33.088],[35.82,33.408]]]},"properties":{"id":"LB"}},
{"type":"Feature","geometry":{"type":"Polygon","coordinates":[[[34.968,6.008],[35.1,5.624],[35.432,5.428],[35.804,5.32],[35.756,5.064],[35.784,4.764],[35.92,4.62],[36.044,4.444],[36.648,4.432],[36.844,4.432],[37.112,4.284],[37.976,3.728],[38.1,3.612],[38.496,3.624],[38.896,3.512],[39.092,3.52],[39.296,3.492],[39.536,3.404],[39.744,3.66],[39.848,3.868],[40.764,4.284],[41.116,3.964],[41.884,3.976],[42.136,4.2],[42.788,4.284],[42.872,4.328],[42.96,4.516],[43.12,4.648],[43.528,4.84],[43.968,4.952],[44.596,4.916],[44.94,4.912],[45.52,5.54],[45.936,5.996],[46.468,6.54],[47.532,7.564],[47.98,7.996],[46.98,7.996],[45.516,8.496],[44.024,8.984],[43.62,9.336],[43.42,9.412],[43.236,9.692],[43.188,9.884],[43.068,9.924],[42.836,10.208],[42.7,10.66],[42.924,11],[42.608,11.088],[42.392,11.004],[41.956,10.94],[41.768,10.988],[41.788,11.26],[41.748,11.536],[41.808,11.736],[41.976,11.88],[42.38,12.464],[42.136,12.772],[41.948,12.876],[41.712,13.248],[41.192,13.616],[41.044,13.872],[40.832,14.104],[40.352,14.336],[40,14.456],[39.724,14.5],[39.488,14.524],[39.208,14.44],[39.076,14.636],[38.868,14.492],[38.428,14.416],[38.244,14.652],[38.008,14.724],[37.892,14.88],[37.564,14.116],[37.292,14.456],[37.12,14.42],[37.072,14.284],[36.748,14.332],[36.528,14.264],[36.436,13.992],[36.44,13.776],[36.384,13.572],[36.232,13.36],[36.116,12.932],[36.124,12.72],[35.7,12.664],[35.616,12.576],[35.248,11.956],[35.148,11.872],[35.048,11.772],[35.072,11.548],[34.948,11.276],[34.932,10.844],[34.84,10.728],[34.588,10.88],[34.436,10.796],[34.28,10.564],[34.324,10.268],[34.1,9.68],[34.072,9.456],[34.084,9.204],[34.108,8.6],[33.972,8.444],[33.696,8.372],[33.6,8.464],[33.176,8.404],[33.208,8.24],[33.008,7.944],[33.052,7.8],[33.464,7.748],[33.716,7.656],[34.008,7.408],[34.032,7.256],[34.196,7.096],[34.296,6.968],[34.504,6.892],[34.524,6.752],[34.732,6.636],[34.844,6.248],[34.968,6.008]]]},"properties":{"id":"ET"}},
{"type":"Feature","geometry":{"type":"Polygon","coordinates":[[[34.072,9.456],[33.9,9.456],[33.968,9.84],[33.904,10.192],[33.372,10.652],[33.152,10.732],[33.184,10.844],[33.084,11.584],[33.208,12.212],[32.732,12.216],[32.748,12.004],[32.084,12],[32.344,11.708],[32.364,11.24],[32.416,11.052],[31.944,10.656],[31.864,10.472],[31.664,10.216],[31.236,9.792],[30.948,9.752],[30.748,9.736],[30.484,9.972],[30.012,10.272],[29.616,10.06],[29.612,9.916],[29.484,9.76],[29.008,9.604],[28.828,9.428],[28.844,9.324],[28.044,9.332],[27.896,9.596],[27.08,9.608],[26.696,9.476],[26.556,9.52],[26.18,9.96],[26.104,9.988],[25.9,10.192],[25.84,10.42],[25.084,10.292],[24.976,9.968],[24.792,9.8],[24.796,9.532],[24.68,9.372],[24.56,8.888],[24.38,8.844],[24.172,8.688],[24.244,8.572],[24.12,8.372],[24.264,8.268],[24.432,8.272],[24.832,8.164],[25.088,7.884],[25.216,7.864],[25.28,7.66],[25.192,7.5],[25.36,7.336],[26.028,6.996],[26.08,6.844],[26.38,6.632],[26.288,6.388],[26.452,6.28],[26.528,6.044],[26.704,6.008],[27.172,5.72],[27.3,5.204],[27.44,5.072],[27.552,4.9],[27.768,4.736],[27.772,4.596],[28.008,4.5],[28.176,4.348],[28.404,4.276],[28.756,4.552],[28.988,4.496],[29.172,4.348],[29.304,4.388],[29.496,4.668],[29.788,4.54],[29.776,4.404],[30.124,4.104],[30.204,3.952],[30.54,3.84],[30.572,3.6],[30.692,3.632],[30.84,3.492],[30.944,3.68],[31.068,3.732],[31.296,3.776],[31.504,3.66],[31.612,3.696],[31.8,3.808],[32.024,3.588],[32.056,3.56],[32.176,3.528],[32.372,3.732],[32.756,3.768],[33.016,3.876],[33.264,3.752],[33.528,3.772],[33.976,4.22],[34.38,4.62],[34.668,4.764],[35.244,4.98],[35.572,4.904],[35.524,4.78],[35.612,4.62],[35.92,4.62],[35.784,4.764],[35.756,5.064],[35.804,5.32],[35.432,5.428],[35.1,5.624],[34.968,6.008],[34.844,6.248],[34.732,6.636],[34.524,6.752],[34.504,6.892],[34.296,6.968],[34.196,7.096],[34.032,7.256],[34.008,7.408],[33.716,7.656],[33.464,7.748],[33.052,7.8],[33.008,7.944],[33.208,8.24],[33.176,8.404],[33.6,8.464],[33.696,8.372],[33.972,8.444],[34.108,8.6],[34.084,9.204],[34.072,9.456]]]},"properties":{"id":"SS"}},
{"type":"Feature","geometry":{"type":"Polygon","coordinates":[[[41.884,3.976],[41.344,3.2],[40.964,2.816],[40.968,1.232],[40.968,-0.004],[40.98,-0.872],[41.524,-1.572],[41.536,-1.676],[41.536,-1.696],[41.652,-1.564],[42.08,-0.864],[42.648,-0.228],[43.184,0.316],[43.52,0.672],[43.78,0.92],[44.552,1.56],[45,1.868],[45.268,1.988],[45.604,2.184],[46.028,2.44],[46.624,3.024],[47.04,3.468],[47.488,3.936],[47.84,4.34],[48.056,4.612],[48.204,4.908],[48.648,5.48],[49.036,6.144],[49.076,6.416],[49.368,7.024],[49.64,7.408],[49.82,7.74],[49.844,7.964],[50.06,8.132],[50.168,8.332],[50.324,8.56],[50.424,8.856],[50.648,9.112],[50.676,9.26],[50.84,9.456],[50.808,9.624],[50.9,10.024],[50.928,10.328],[51.24,10.424],[51.14,10.676],[51.084,11.188],[51.12,11.504],[51.248,11.652],[51.292,11.832],[50.796,11.988],[50.576,11.92],[50.512,11.772],[50.268,11.588],[49.852,11.464],[49.576,11.46],[49.24,11.3],[48.94,11.248],[48.94,9.564],[48.94,9.452],[47.98,7.996],[47.532,7.564],[46.468,6.54],[45.936,5.996],[45.52,5.54],[44.94,4.912],[44.596,4.916],[43.968,4.952],[43.528,4.84],[43.12,4.648],[42.96,4.516],[42.872,4.328],[42.788,4.284],[42.136,4.2],[41.884,3.976]]]},"properties":{"id":"SO"}},
{"type":"Feature","geometry":{"type":"Polygon","coordinates":[[[35.92,4.62],[35.612,4.62],[35.524,4.78],[35.572,4.904],[35.244,4.98],[34.668,4.764],[34.38,4.62],[33.976,4.22],[34.06,4.008],[34.28,3.708],[34.44,3.668],[34.384,3.468],[34.436,3.184],[34.544,3.096],[34.576,2.948],[34.732,2.852],[34.82,2.596],[34.924,2.476],[34.924,2.212],[34.968,2.1],[34.98,1.676],[34.78,1.372],[34.796,1.232],[34.568,1.104],[34.56,1.092],[34.508,1.104],[34.464,1],[34.296,0.748],[34.132,0.568],[34.088,0.368],[33.96,0.2],[33.892,0.092],[33.952,-0.116],[33.896,-0.664],[33.904,-1.004],[34.052,-1.04],[34.72,-1.412],[35.248,-1.708],[36.06,-2.16],[37.424,-2.924],[37.644,-3.044],[37.68,-3.192],[37.592,-3.404],[37.772,-3.656],[38.416,-4.12],[39.192,-4.676],[39.364,-4.632],[39.552,-4.404],[39.668,-4.088],[39.788,-3.916],[39.848,-3.624],[39.964,-3.4],[40.128,-3.252],[40.224,-2.992],[40.176,-2.764],[40.388,-2.56],[40.616,-2.552],[40.828,-2.376],[40.904,-2.08],[41.2,-1.944],[41.304,-1.956],[41.536,-1.696],[41.536,-1.676],[41.524,-1.572],[40.98,-0.872],[40.968,-0.004],[40.968,1.232],[40.964,2.816],[41.344,3.2],[41.884,3.976],[41.116,3.964],[40.764,4.284],[39.848,3.868],[39.744,3.66],[39.536,3.404],[39.296,3.492],[39.092,3.52],[38.896,3.512],[38.496,3.624],[38.1,3.612],[37.976,3.728],[37.112,4.284],[36.844,4.432],[36.648,4.432],[36.044,4.444],[35.92,4.62]]]},"properties":{"id":"KE"}},
{"type":"Feature","geometry":{"type":"Polygon","coordinates":[[[34.08,-9.512],[33.864,-9.668],[33.652,-9.612],[33.404,-9.604],[32.92,-9.408],[32.976,-9.6],[33.216,-9.728],[33.364,-9.9],[33.308,-10.012],[33.532,-10.232],[33.672,-10.572],[33.5,-10.768],[33.32,-10.82],[33.292,-10.976],[33.392,-11.164],[33.232,-11.416],[33.304,-11.644],[33.312,-11.9],[33.256,-12.072],[33.332,-12.3],[33.512,-12.376],[33.372,-12.52],[33.024,-12.612],[32.94,-12.768],[33.004,-12.892],[32.996,-13.192],[32.904,-13.352],[32.724,-13.572],[32.86,-13.808],[33.048,-13.996],[33.204,-14.012],[33.356,-14.232],[33.62,-14.56],[34.344,-14.388],[34.38,-14.412],[34.5,-14.576],[34.584,-14.984],[34.56,-15.2],[34.42,-15.576],[34.344,-15.732],[34.232,-15.888],[34.388,-16.036],[34.384,-16.188],[34.888,-16.7],[35.096,-16.816],[35.08,-17.124],[35.292,-17.128],[35.28,-16.7],[35.132,-16.536],[35.236,-16.4],[35.3,-16.208],[35.376,-16.14],[35.696,-16.108],[35.796,-15.932],[35.836,-15.46],[35.788,-15.212],[35.904,-14.888],[35.752,-14.544],[35.456,-14.136],[35.084,-13.704],[34.864,-13.516],[34.584,-13.404],[34.496,-12.688],[34.356,-12.204],[34.564,-11.832],[34.652,-11.572],[34.964,-11.572],[34.888,-11.376],[34.76,-11.336],[34.62,-11.12],[34.616,-10.964],[34.672,-10.74],[34.62,-10.584],[34.58,-10.532],[34.584,-10.3],[34.484,-9.948],[34.08,-9.512]]]},"properties":{"id":"MW"}},
{"type":"Feature","geometry":{"type":"Polygon","coordinates":[[[33.904,-1.004],[33.632,-1.004],[33.428,-1.004],[32.848,-1.004],[32.724,-1.004],[31.988,-1.004],[31.28,-1.004],[30.828,-1.004],[30.472,-1.068],[30.556,-1.32],[30.736,-1.408],[30.832,-1.596],[30.828,-1.96],[30.888,-2.084],[30.836,-2.344],[30.556,-2.4],[30.416,-2.644],[30.488,-2.944],[30.82,-2.992],[30.8,-3.276],[30.612,-3.376],[30.372,-3.704],[30.176,-4.04],[30.004,-4.272],[29.728,-4.46],[29.404,-4.448],[29.32,-4.836],[29.344,-5],[29.592,-5.62],[29.604,-5.78],[29.476,-6.004],[29.524,-6.272],[29.74,-6.652],[29.968,-6.804],[30.296,-7.148],[30.44,-7.596],[30.656,-7.928],[30.752,-8.196],[30.96,-8.552],[31.12,-8.616],[31.352,-8.588],[31.54,-8.704],[31.672,-8.912],[31.936,-8.932],[32.144,-9.072],[32.232,-9.132],[32.384,-9.132],[32.52,-9.26],[32.712,-9.284],[32.92,-9.408],[33.404,-9.604],[33.652,-9.612],[33.864,-9.668],[34.08,-9.512],[34.484,-9.948],[34.584,-10.3],[34.58,-10.532],[34.62,-10.584],[34.672,-10.74],[34.616,-10.964],[34.62,-11.12],[34.76,-11.336],[34.888,-11.376],[34.964,-11.572],[35.656,-11.58],[35.828,-11.412],[36.168,-11.58],[36.2,-11.7],[36.748,-11.668],[36.82,-11.572],[37.044,-11.596],[37.428,-11.724],[37.784,-11.56],[37.876,-11.32],[38.092,-11.256],[38.256,-11.276],[38.492,-11.412],[38.656,-11.276],[38.896,-11.168],[39.288,-11.156],[39.484,-11],[39.76,-10.944],[40.008,-10.812],[40.436,-10.476],[40.232,-10.2],[39.976,-10.18],[39.78,-9.932],[39.652,-9.444],[39.644,-9.188],[39.492,-9.08],[39.408,-8.872],[39.284,-8.32],[39.456,-8.012],[39.444,-7.832],[39.296,-7.688],[39.304,-7.448],[39.436,-7.18],[39.548,-7.12],[39.464,-6.856],[39.292,-6.816],[39.128,-6.56],[38.852,-6.348],[38.8,-5.964],[38.832,-5.816],[39.14,-5.104],[39.208,-4.872],[39.192,-4.676],[38.416,-4.12],[37.772,-3.656],[37.592,-3.404],[37.68,-3.192],[37.644,-3.044],[37.424,-2.924],[36.06,-2.16],[35.248,-1.708],[34.72,-1.412],[34.052,-1.04],[33.904,-1.004]]]},"properties":{"id":"TZ"}},
{"type":"Feature","geometry":{"type":"Polygon","coordinates":[[[91.628,27.852],[91.596,27.548],[91.728,27.46],[91.976,27.472],[92.084,27.304],[92.004,27.176],[92.08,26.92],[92.212,26.912],[92.816,27.052],[93.02,26.952],[93.696,27.004],[93.984,27.328],[94.352,27.592],[94.476,27.592],[95.312,27.896],[95.544,27.904],[95.716,27.992],[95.964,27.992],[95.776,27.716],[95.98,27.448],[95.904,27.276],[95.644,27.232],[95.176,27.032],[95.248,26.648],[95.392,26.692],[96.144,27.256],[96.76,27.34],[96.864,27.172],[97.06,27.092],[96.904,27.408],[96.872,27.62],[97.224,27.9],[97.332,27.896],[97.324,28.216],[97.116,28.368],[96.932,28.336],[96.716,28.436],[96.336,28.48],[96.6,28.708],[96.456,28.996],[96.14,29.368],[95.744,29.34],[95.516,29.208],[95.488,29.068],[95.224,29.06],[94.776,29.168],[94.632,29.32],[94.272,29.096],[94.252,28.932],[93.992,28.844],[93.864,28.704],[93.448,28.672],[93.188,28.432],[92.656,28.104],[92.736,27.984],[92.576,27.848],[92.24,27.864],[92.064,27.76],[91.628,27.852]]]},"properties":{"id":"IN-AR"}},
{"type":"Feature","geometry":{"type":"Polygon","coordinates":[[[35.756,32.744],[35.768,32.748],[36.08,32.516],[36.516,32.356],[36.82,32.316],[37.496,32.692],[38.316,33.132],[38.776,33.372],[40.172,34.072],[40.692,34.332],[40.988,34.428],[41.196,34.768],[41.192,35.16],[41.308,35.552],[41.344,35.856],[41.24,36.044],[41.276,36.356],[41.416,36.528],[41.844,36.616],[42.376,37.064],[42.356,37.108],[42.18,37.308],[41.896,37.156],[41.48,37.076],[40.708,37.1],[40.26,36.924],[39.764,36.744],[39.44,36.692],[39.184,36.66],[38.636,36.744],[38.528,36.832],[38.192,36.904],[38.028,36.836],[37.524,36.672],[37.016,36.644],[36.964,36.752],[36.66,36.828],[36.536,36.496],[36.648,36.304],[36.36,36.18],[36.356,36.024],[36.156,35.824],[35.912,35.916],[35.812,35.836],[35.78,35.54],[35.932,35.26],[35.868,34.924],[35.968,34.648],[36.112,34.628],[36.328,34.5],[36.42,34.5],[36.604,34.2],[36.268,33.912],[36.052,33.816],[35.872,33.432],[35.844,33.42],[35.82,33.408],[35.804,33.248],[35.888,32.944],[35.756,32.744]]]},"properties":{"id":"SY"}},
{"type":"Feature","geometry":{"type":"Polygon","coordinates":[[[47.98,7.996],[48.94,9.452],[48.94,9.564],[48.94,11.248],[48.656,11.332],[48.344,11.276],[48.16,11.144],[47.676,11.108],[47.368,11.172],[46.66,10.756],[46.448,10.692],[46.208,10.796],[46.104,10.772],[45.804,10.876],[45.488,10.684],[45.336,10.672],[44.964,10.416],[44.588,10.384],[44.276,10.456],[43.828,10.804],[43.488,11.24],[43.46,11.352],[43.24,11.488],[43.188,11.408],[42.924,11],[42.7,10.66],[42.836,10.208],[43.068,9.924],[43.188,9.884],[43.236,9.692],[43.42,9.412],[43.62,9.336],[44.024,8.984],[45.516,8.496],[46.98,7.996],[47.98,7.996]]]},"properties":{"id":"SOL"}},
{"type":"Feature","geometry":{"type":"Polygon","coordinates":[[[-54.32,5.212],[-54.484,4.912],[-54.452,4.484],[-54.356,4.068],[-54.188,3.816],[-53.988,3.612],[-54.004,3.456],[-54.192,3.18],[-54.212,2.776],[-54.36,2.508],[-54.616,2.328],[-54.476,2.216],[-54.136,2.112],[-53.868,2.304],[-53.532,2.248],[-53.344,2.348],[-53.236,2.252],[-52.96,2.176],[-52.708,2.36],[-52.352,3.06],[-51.988,3.704],[-51.684,4.04],[-51.652,4.192],[-51.8,4.612],[-51.932,4.592],[-52.096,4.76],[-52.404,4.972],[-52.996,5.456],[-53.252,5.548],[-53.516,5.58],[-53.944,5.744],[-54.06,5.436],[-54.172,5.348],[-54.32,5.212]]]},"properties":{"id":"FR-GF"}},
{"type":"Feature","geometry":{"type":"Polygon","coordinates":[[[-54.172,5.348],[-53.988,5.744],[-54.036,5.844],[-54.704,5.976],[-55.012,5.992],[-55.128,5.82],[-55.228,5.904],[-55.252,5.916],[-55.396,5.972],[-55.888,5.964],[-55.896,5.676],[-55.896,5.764],[-56.604,5.952],[-56.956,6.012],[-57.124,5.82],[-57.164,5.556],[-57.248,5.484],[-57.232,5.26],[-57.316,5.028],[-57.72,4.988],[-57.92,4.828],[-57.836,4.652],[-58.068,4.152],[-58.032,3.988],[-57.828,3.664],[-57.644,3.516],[-57.564,3.348],[-57.284,3.344],[-57.276,3.136],[-57.176,2.82],[-56.704,2.028],[-56.48,1.94],[-56.02,1.832],[-55.924,2.06],[-56.116,2.332],[-55.988,2.52],[-55.724,2.396],[-55.4,2.432],[-55.356,2.496],[-55.016,2.592],[-54.776,2.456],[-54.616,2.328],[-54.36,2.508],[-54.212,2.776],[-54.192,3.18],[-54.004,3.456],[-53.988,3.612],[-54.188,3.816],[-54.356,4.068],[-54.452,4.484],[-54.484,4.912],[-54.32,5.212],[-54.172,5.348]]]},"properties":{"id":"SR"}},
{"type":"Feature","geometry":{"type":"Polygon","coordinates":[[[-57.248,5.484],[-57.16,5.64],[-57.168,6.084],[-57.288,6.236],[-57.52,6.276],[-57.6,6.428],[-57.912,6.712],[-58.172,6.816],[-58.4,6.884],[-58.568,6.636],[-58.58,6.464],[-58.604,6.416],[-58.616,6.488],[-58.596,6.808],[-58.52,6.976],[-58.464,7.312],[-58.664,7.584],[-58.78,7.664],[-59.164,8.06],[-60.02,8.56],[-59.816,8.288],[-60.02,8.06],[-60.268,7.92],[-60.504,7.82],[-60.732,7.524],[-60.6,7.332],[-60.644,7.22],[-60.348,7.152],[-60.42,6.944],[-60.932,6.732],[-61.128,6.716],[-61.204,6.596],[-61.12,6.188],[-61.268,6.108],[-61.38,5.904],[-60.74,5.204],[-60.456,5.176],[-60.212,5.268],[-60.088,5.156],[-59.984,5.084],[-60.088,4.608],[-59.688,4.372],[-59.74,4.204],[-59.528,3.932],[-59.68,3.7],[-59.836,3.608],[-59.828,3.384],[-59.96,3.068],[-60,2.696],[-59.904,2.36],[-59.74,2.264],[-59.764,1.92],[-59.244,1.376],[-58.972,1.312],[-58.772,1.2],[-58.52,1.268],[-58.5,1.452],[-58.332,1.592],[-58.028,1.516],[-57.992,1.652],[-57.56,1.708],[-57.428,1.9],[-57.104,2.02],[-57.012,1.92],[-56.808,1.872],[-56.48,1.94],[-56.704,2.028],[-57.176,2.82],[-57.276,3.136],[-57.284,3.344],[-57.564,3.348],[-57.644,3.516],[-57.828,3.664],[-58.032,3.988],[-58.068,4.152],[-57.836,4.652],[-57.92,4.828],[-57.72,4.988],[-57.316,5.028],[-57.232,5.26],[-57.248,5.484]]]},"properties":{"id":"GY"}},
{"type":"Feature","geometry":{"type":"MultiPolygon","coordinates":[[[[128.364,38.624],[128.268,38.452],[128.04,38.304],[127.156,38.308],[126.968,38.212],[126.94,38.176],[126.668,37.828],[126.532,37.756],[126.604,37.548],[126.72,37.376],[126.66,37.256],[126.756,37.048],[126.96,36.904],[126.568,36.992],[126.336,36.824],[126.692,36],[126.812,36.048],[126.512,35.576],[126.436,35.372],[126.364,35.188],[126.408,34.844],[126.272,34.644],[126.492,34.508],[126.48,34.348],[126.808,34.452],[127.012,34.612],[127.316,34.444],[127.5,34.612],[127.384,34.76],[127.512,34.884],[127.748,34.736],[127.804,34.956],[128.02,35],[128.436,34.844],[128.528,35.104],[128.964,35.132],[129.2,35.164],[129.268,35.316],[129.46,35.612],[129.536,35.94],[129.384,36.2],[129.424,36.616],[129.472,36.772],[129.332,37.284],[129.064,37.68],[128.632,38.144],[128.364,38.624]]],[[[126.948,33.48],[126.792,33.564],[126.312,33.464],[126.172,33.268],[126.288,33.2],[126.84,33.312],[126.948,33.48]]]]},"properties":{"id":"KR"}},
{"type":"Feature","geometry":{"type":"Polygon","coordinates":[[[128.364,38.624],[128.016,38.86],[127.768,39.108],[127.452,39.164],[127.44,39.404],[127.576,39.596],[127.52,39.748],[127.876,39.892],[128.008,40.044],[128.304,40.032],[128.664,40.2],[128.656,40.32],[129.076,40.472],[129.16,40.564],[129.232,40.704],[129.716,40.836],[129.712,41.124],[129.8,41.368],[129.66,41.464],[129.692,41.648],[130.204,42.172],[130.48,42.34],[130.7,42.296],[130.532,42.532],[130.452,42.548],[130.244,42.744],[130.24,42.904],[129.88,42.996],[129.76,42.748],[129.704,42.444],[129.244,42.38],[129.212,42.22],[128.884,42.032],[128.036,41.992],[128.04,41.88],[128.304,41.584],[128.184,41.404],[127.944,41.472],[127.64,41.428],[127.268,41.504],[127,41.752],[126.616,41.664],[126.5,41.436],[126.008,40.9],[125.704,40.86],[125.416,40.652],[124.896,40.484],[124.368,40.1],[124.436,39.832],[124.676,39.624],[124.868,39.712],[125.284,39.52],[125.452,39.572],[125.348,39.46],[125.432,39.3],[125.288,39.152],[125.136,38.804],[125.264,38.708],[125.528,38.72],[125.632,38.66],[125.648,38.628],[125.464,38.708],[125.06,38.568],[124.884,38.356],[124.904,38.124],[125.012,37.904],[125.3,37.896],[125.348,37.736],[125.608,37.808],[125.804,37.988],[126.064,37.804],[126.4,37.888],[126.668,37.828],[126.94,38.176],[126.968,38.212],[127.156,38.308],[128.04,38.304],[128.268,38.452],[128.364,38.624]]]},"properties":{"id":"KP"}},
{"type":"Feature","geometry":{"type":"Polygon","coordinates":[[[-11.784,28.212],[-12.06,28.088],[-12.968,27.916],[-13.172,27.684],[-13.3,27.324],[-13.404,27.176],[-13.5,26.86],[-13.62,26.688],[-13.924,26.5],[-14.156,26.432],[-14.412,26.26],[-14.52,25.924],[-14.784,25.448],[-14.848,25.216],[-14.836,24.92],[-15.012,24.592],[-15.172,24.496],[-15.62,24.028],[-15.768,23.96],[-15.772,23.788],[-15.968,23.512],[-16.136,23.184],[-16.172,22.972],[-16.288,22.9],[-16.356,22.584],[-16.52,22.316],[-16.708,22.276],[-16.968,21.78],[-17.012,21.42],[-16.728,21.468],[-15.748,21.492],[-15.46,21.452],[-14.84,21.452],[-14.668,21.6],[-14.628,21.86],[-14.22,22.308],[-14.168,22.76],[-14.02,23.412],[-13.892,23.692],[-13.768,23.792],[-13.312,23.98],[-13.06,24.4],[-12.948,24.496],[-12.432,24.832],[-12.312,25.112],[-12.056,25.996],[-11.716,26.104],[-11.636,26.296],[-11.336,26.632],[-11.392,26.884],[-10.92,27.008],[-10.552,26.992],[-10.252,26.86],[-10.032,26.912],[-9.736,26.86],[-9.412,27.088],[-9,27.088],[-8.752,27.192],[-8.816,27.66],[-8.684,27.66],[-8.684,28.664],[-8.384,28.904],[-8.068,29.08],[-7.62,29.388],[-7.348,29.384],[-7.148,29.508],[-6.784,29.448],[-6.7,29.516],[-6.344,29.572],[-6,29.58],[-5.756,29.616],[-5.54,29.524],[-5.176,29.976],[-4.772,30.228],[-4.484,30.384],[-4.372,30.508],[-3.836,30.628],[-3.644,30.712],[-3.556,30.956],[-3.816,31.22],[-3.672,31.388],[-3.66,31.648],[-3.16,31.732],[-2.828,31.796],[-2.94,32.048],[-2.516,32.132],[-1.248,32.08],[-1.272,32.228],[-1.216,32.392],[-1.048,32.516],[-1.424,32.744],[-1.56,32.932],[-1.5,33.06],[-1.676,33.236],[-1.612,33.52],[-1.72,33.9],[-1.672,34.092],[-1.872,34.596],[-1.788,34.756],[-2.192,35.004],[-2.224,35.088],[-2.564,35.096],[-2.904,35.172],[-2.912,35.276],[-2.944,35.268],[-2.968,35.312],[-2.948,35.328],[-3.412,35.196],[-3.672,35.288],[-3.82,35.208],[-3.96,35.252],[-4.376,35.152],[-4.496,35.18],[-4.772,35.24],[-5.248,35.584],[-5.34,35.848],[-5.4,35.924],[-5.6,35.824],[-5.928,35.78],[-6.248,35],[-6.556,34.416],[-6.724,34.184],[-6.928,33.944],[-7.116,33.836],[-7.34,33.732],[-7.888,33.508],[-8.012,33.468],[-8.244,33.404],[-8.628,33.128],[-8.868,32.88],[-9.26,32.576],[-9.272,32.228],[-9.46,31.944],[-9.668,31.732],[-9.848,31.404],[-9.824,30.96],[-9.888,30.688],[-9.612,30.404],[-9.656,30.128],[-9.82,29.84],[-10.052,29.6],[-10.14,29.428],[-10.4,29.16],[-10.572,28.992],[-11.048,28.76],[-11.484,28.324],[-11.784,28.212]]]},"properties":{"id":"MA"}},
{"type":"Feature","geometry":{"type":"Polygon","coordinates":[[[-17.012,21.42],[-17.1,20.836],[-17.056,20.768],[-17.08,20.876],[-16.96,21.332],[-15.004,21.332],[-14.296,21.332],[-13.016,21.332],[-13.032,21.58],[-13.092,22.496],[-13.164,22.752],[-13.016,23.02],[-12.62,23.272],[-12.352,23.324],[-12.016,23.496],[-12.016,24.936],[-12.016,25.996],[-10.204,25.996],[-8.708,25.996],[-8.68,26.012],[-8.684,27.284],[-8.684,27.66],[-8.816,27.66],[-8.752,27.192],[-9,27.088],[-9.412,27.088],[-9.736,26.86],[-10.032,26.912],[-10.252,26.86],[-10.552,26.992],[-10.92,27.008],[-11.392,26.884],[-11.336,26.632],[-11.636,26.296],[-11.716,26.104],[-12.056,25.996],[-12.312,25.112],[-12.432,24.832],[-12.948,24.496],[-13.06,24.4],[-13.312,23.98],[-13.768,23.792],[-13.892,23.692],[-14.02,23.412],[-14.168,22.76],[-14.22,22.308],[-14.628,21.86],[-14.668,21.6],[-14.84,21.452],[-15.46,21.452],[-15.748,21.492],[-16.728,21.468],[-17.012,21.42]]]},"properties":{"id":"EH"}},
{"type":"Feature","geometry":{"type":"Polygon","coordinates":[[[-85.236,11.052],[-85.632,11.196],[-85.7,11.08],[-85.74,10.94],[-85.632,10.62],[-85.808,10.496],[-85.86,10.348],[-85.78,10.08],[-85.64,9.904],[-85.332,9.828],[-85.228,9.724],[-85.144,9.612],[-84.864,9.824],[-84.96,9.948],[-85.168,10.02],[-85.068,10.156],[-84.636,9.784],[-84.68,9.692],[-84.52,9.52],[-84.272,9.48],[-83.92,9.296],[-83.628,9.036],[-83.588,8.836],[-83.74,8.624],[-83.576,8.444],[-83.152,8.368],[-82.968,8.22],[-82.896,8.036],[-82.944,8.248],[-82.848,8.628],[-82.924,8.74],[-82.72,8.92],[-82.94,9.072],[-82.944,9.436],[-82.828,9.604],[-82.572,9.576],[-82.772,9.66],[-83.016,9.964],[-83.204,10.128],[-83.468,10.496],[-83.624,10.904],[-83.696,10.936],[-83.764,10.772],[-83.932,10.72],[-84.156,10.788],[-84.208,10.86],[-84.676,11.072],[-84.884,10.948],[-85.236,11.052]]]},"properties":{"id":"CR"}},
{"type":"Feature","geometry":{"type":"Polygon","coordinates":[[[-83.696,10.936],[-83.72,10.944],[-83.836,11.144],[-83.868,11.376],[-83.652,11.612],[-83.712,12.048],[-83.664,12.256],[-83.768,12.548],[-83.588,12.632],[-83.508,12.904],[-83.528,13.032],[-83.572,13.288],[-83.432,13.956],[-83.22,14.252],[-83.192,14.388],[-83.3,14.772],[-83.132,14.996],[-83.392,15.032],[-83.868,14.776],[-84.484,14.62],[-84.7,14.676],[-84.772,14.804],[-85,14.744],[-85.024,14.604],[-85.432,14.132],[-85.564,14.044],[-85.744,13.824],[-86.096,14.044],[-86.412,13.748],[-86.728,13.768],[-86.772,13.708],[-86.764,13.636],[-86.732,13.268],[-86.912,13.24],[-86.948,13.068],[-87.316,12.98],[-87.648,12.872],[-87.12,12.46],[-86.796,12.22],[-86.672,12],[-86.504,11.768],[-86.176,11.52],[-85.7,11.08],[-85.632,11.196],[-85.236,11.052],[-84.884,10.948],[-84.676,11.072],[-84.208,10.86],[-84.156,10.788],[-83.932,10.72],[-83.764,10.772],[-83.696,10.936]]]},"properties":{"id":"NI"}},
{"type":"Feature","geometry":{"type":"Polygon","coordinates":[[[18.628,3.476],[18.512,3.592],[17.856,3.536],[17.808,3.608],[17.416,3.684],[17.336,3.62],[16.968,3.532],[16.64,3.528],[16.568,3.464],[16.428,2.728],[16.196,2.236],[16.064,1.98],[16.16,1.736],[15.888,1.792],[15.764,1.908],[15.484,1.976],[15.348,1.924],[15.232,2.032],[15.092,1.984],[14.872,2.1],[14.704,2.104],[14.564,2.208],[14.42,2.136],[13.664,2.156],[13.296,2.16],[13.208,1.992],[13.128,1.592],[13.24,1.428],[13.184,1.224],[13.544,1.284],[13.796,1.436],[14.22,1.356],[14.276,1.156],[14.468,0.912],[14.232,0.544],[14.076,0.54],[13.872,0.196],[13.888,-0.092],[13.832,-0.204],[14.12,-0.304],[14.5,-0.632],[14.392,-1.024],[14.44,-1.184],[14.484,-1.388],[14.372,-1.604],[14.368,-1.924],[14.252,-1.968],[14.228,-2.324],[14.1,-2.48],[13.884,-2.488],[13.772,-2.12],[13.444,-2.428],[12.996,-2.36],[12.804,-1.92],[12.74,-1.892],[12.632,-1.824],[12.452,-1.9],[12.46,-2.328],[12.064,-2.416],[11.94,-2.328],[11.756,-2.416],[11.56,-2.348],[11.612,-2.68],[11.536,-2.804],[11.764,-2.984],[11.688,-3.172],[11.944,-3.304],[11.828,-3.548],[11.84,-3.708],[11.648,-3.672],[11.568,-3.544],[11.212,-3.696],[11.116,-3.936],[11.36,-4.112],[11.4,-4.22],[11.808,-4.576],[11.84,-4.74],[11.888,-4.856],[12.008,-5.02],[12.376,-4.62],[12.608,-4.564],[12.784,-4.4],[13.072,-4.636],[13.36,-4.796],[13.58,-4.784],[13.692,-4.692],[13.712,-4.464],[13.904,-4.492],[14.368,-4.28],[14.468,-4.448],[14.348,-4.568],[14.396,-4.856],[14.636,-4.904],[14.832,-4.816],[15.076,-4.52],[15.152,-4.424],[15.46,-4.212],[15.568,-4.04],[15.888,-3.94],[15.956,-3.816],[16.228,-3.288],[16.184,-2.94],[16.224,-2.636],[16.176,-2.288],[16.232,-2.128],[16.524,-1.86],[16.656,-1.592],[16.84,-1.264],[17.028,-1.096],[17.296,-1.02],[17.544,-0.756],[17.748,-0.524],[17.716,-0.196],[17.856,0.24],[17.94,0.36],[17.868,1.016],[17.964,1.192],[18.072,1.552],[18.072,2.16],[18.248,2.52],[18.392,2.712],[18.528,3.064],[18.612,3.128],[18.628,3.476]]]},"properties":{"id":"CG"}},
{"type":"Feature","geometry":{"type":"Polygon","coordinates":[[[13.072,-4.636],[12.832,-4.724],[12.68,-4.924],[12.444,-5.056],[12.532,-5.164],[12.508,-5.728],[12.212,-5.764],[12.448,-6.052],[12.724,-5.98],[12.824,-5.828],[13.184,-5.856],[14.02,-5.872],[14.576,-5.904],[14.76,-5.88],[16.1,-5.86],[16.316,-5.856],[16.596,-5.924],[16.728,-6.188],[16.732,-6.568],[16.832,-6.828],[16.928,-6.888],[16.996,-7.296],[17.096,-7.38],[17.536,-8.076],[17.9,-8.048],[18.1,-8.108],[18.176,-8],[19.356,-8],[19.332,-7.868],[19.424,-7.58],[19.52,-7],[19.964,-7],[20.296,-7],[20.332,-6.916],[20.612,-6.916],[20.52,-7.288],[21.784,-7.284],[21.86,-7.468],[21.828,-7.644],[21.76,-8.016],[21.912,-8.332],[21.94,-8.5],[21.86,-8.848],[21.84,-9.276],[21.792,-9.392],[21.856,-9.616],[22.16,-9.932],[22.312,-10.368],[22.308,-10.612],[22.324,-10.744],[22.164,-10.852],[22.28,-11.236],[22.536,-11.036],[22.728,-11.096],[23.016,-11.104],[23.496,-10.964],[23.832,-11.028],[23.968,-10.872],[24.124,-11.044],[24.38,-11.12],[24.312,-11.408],[24.564,-11.444],[24.676,-11.34],[25.28,-11.2],[25.352,-11.648],[25.852,-11.792],[25.996,-11.904],[26.416,-11.912],[26.644,-11.984],[26.876,-11.964],[26.968,-11.872],[27.012,-11.608],[27.18,-11.568],[27.236,-11.808],[27.42,-11.92],[27.588,-12.244],[27.832,-12.26],[27.96,-12.368],[28.34,-12.452],[28.424,-12.52],[28.584,-12.888],[28.668,-12.848],[29.064,-13.388],[29.168,-13.432],[29.576,-13.224],[29.6,-13.376],[29.796,-13.424],[29.8,-12.16],[29.8,-12.156],[29.476,-12.244],[29.448,-12.336],[29.032,-12.376],[28.836,-12.092],[28.496,-11.856],[28.356,-11.448],[28.44,-11.348],[28.564,-10.812],[28.7,-10.644],[28.636,-10.52],[28.624,-9.952],[28.668,-9.82],[28.516,-9.38],[28.372,-9.236],[28.764,-8.936],[28.932,-8.68],[28.916,-8.472],[29.576,-8.372],[30.752,-8.196],[30.656,-7.928],[30.44,-7.596],[30.296,-7.148],[29.968,-6.804],[29.74,-6.652],[29.524,-6.272],[29.476,-6.004],[29.604,-5.78],[29.592,-5.62],[29.344,-5],[29.32,-4.836],[29.404,-4.448],[29.368,-4.188],[29.216,-3.9],[29.216,-3.708],[29.224,-3.572],[29.212,-3.408],[29.236,-3.272],[29.24,-3.104],[29.088,-2.928],[29.016,-2.72],[28.892,-2.652],[28.86,-2.42],[29.152,-2.152],[29.132,-1.844],[29.188,-1.74],[29.36,-1.508],[29.444,-1.496],[29.576,-1.388],[29.552,-0.992],[29.612,-0.864],[29.628,-0.444],[29.644,-0.356],[29.68,-0.136],[29.712,0.1],[29.832,0.336],[29.904,0.44],[29.928,0.784],[29.984,0.848],[30.184,0.956],[30.24,1.136],[30.444,1.212],[30.552,1.336],[30.68,1.5],[31.076,1.84],[31.28,2.152],[31.176,2.304],[30.968,2.404],[30.724,2.44],[30.772,2.676],[30.856,2.892],[30.764,3.124],[30.904,3.388],[30.84,3.492],[30.692,3.632],[30.572,3.6],[30.54,3.84],[30.204,3.952],[30.124,4.104],[29.776,4.404],[29.788,4.54],[29.496,4.668],[29.304,4.388],[29.172,4.348],[28.988,4.496],[28.756,4.552],[28.404,4.276],[28.176,4.348],[28.008,4.5],[27.772,4.596],[27.768,4.736],[27.552,4.9],[27.44,5.072],[27.116,5.2],[26.76,5.088],[26.464,5.06],[26.128,5.26],[26.028,5.188],[25.732,5.26],[25.58,5.376],[25.364,5.312],[25.308,5.032],[24.664,4.924],[24.48,5.104],[24.164,4.908],[23.568,4.724],[23.388,4.588],[23.168,4.74],[22.9,4.824],[22.788,4.724],[22.688,4.492],[22.452,4.148],[22.304,4.128],[22.036,4.228],[21.724,4.296],[21.54,4.244],[20.872,4.452],[20.604,4.408],[20.456,4.524],[20.34,4.772],[19.86,5.06],[19.72,5.136],[19.408,5.132],[19.108,4.932],[18.72,4.376],[18.596,4.372],[18.536,4.308],[18.62,4.168],[18.612,3.868],[18.628,3.476],[18.612,3.128],[18.528,3.064],[18.392,2.712],[18.248,2.52],[18.072,2.16],[18.072,1.552],[17.964,1.192],[17.868,1.016],[17.94,0.36],[17.856,0.24],[17.716,-0.196],[17.748,-0.524],[17.544,-0.756],[17.296,-1.02],[17.028,-1.096],[16.84,-1.264],[16.656,-1.592],[16.524,-1.86],[16.232,-2.128],[16.176,-2.288],[16.224,-2.636],[16.184,-2.94],[16.228,-3.288],[15.956,-3.816],[15.888,-3.94],[15.568,-4.04],[15.46,-4.212],[15.152,-4.424],[15.076,-4.52],[14.832,-4.816],[14.636,-4.904],[14.396,-4.856],[14.348,-4.568],[14.468,-4.448],[14.368,-4.28],[13.904,-4.492],[13.712,-4.464],[13.692,-4.692],[13.58,-4.784],[13.36,-4.796],[13.072,-4.636]]]},"properties":{"id":"CD"}},
{"type":"Feature","geometry":{"type":"Polygon","coordinates":[[[88.892,27.316],[88.876,27.28],[88.732,27.148],[88.956,26.912],[89.184,26.812],[89.368,26.836],[89.756,26.7],[89.86,26.724],[90.088,26.74],[90.384,26.892],[90.588,26.78],[90.944,26.78],[91.012,26.784],[91.52,26.796],[92.08,26.92],[92.004,27.176],[92.084,27.304],[91.976,27.472],[91.728,27.46],[91.596,27.548],[91.628,27.852],[91.436,27.988],[91.268,28.072],[91.092,27.972],[90.756,28.056],[90.476,28.072],[90.588,28.232],[90.26,28.336],[89.864,28.296],[89.56,28.136],[89.416,27.988],[89.204,27.748],[89.124,27.616],[88.892,27.316]]]},"properties":{"id":"BT"}},
{"type":"Feature","geometry":{"type":"Polygon","coordinates":[[[31.764,52.1],[31.476,52.116],[30.94,52.02],[30.66,51.82],[30.536,51.552],[30.64,51.336],[30.556,51.244],[30.148,51.484],[29.828,51.428],[29.62,51.484],[29.352,51.376],[29.044,51.628],[28.8,51.532],[28.348,51.524],[27.812,51.604],[27.668,51.492],[27.512,51.624],[27.256,51.596],[27.176,51.748],[26.856,51.748],[26.08,51.9],[25.548,51.92],[25.184,51.948],[24.392,51.88],[23.98,51.588],[23.748,51.644],[23.608,51.516],[23.636,51.34],[23.876,51.136],[23.968,50.824],[24.108,50.632],[23.98,50.404],[23.66,50.328],[23.1,49.956],[22.64,49.528],[22.704,49.168],[22.864,49.012],[22.54,49.072],[22.372,48.86],[22.152,48.584],[22.132,48.404],[22.16,48.404],[22.876,47.948],[23.232,48.08],[23.484,47.976],[23.976,47.964],[24.232,47.896],[24.568,47.936],[24.928,47.712],[24.944,47.716],[25.26,47.9],[26.104,47.98],[26.304,48.212],[26.616,48.26],[26.844,48.392],[27.252,48.38],[27.504,48.472],[27.884,48.38],[28.004,48.324],[28.5,48.108],[28.8,48.112],[28.864,48],[28.936,47.944],[29.124,47.976],[29.24,47.756],[29.136,47.484],[29.372,47.304],[29.556,47.324],[29.56,46.96],[29.932,46.804],[29.9,46.552],[30.08,46.376],[29.6,46.364],[29.456,46.484],[29.184,46.54],[29.056,46.5],[28.92,46.404],[28.984,46.22],[28.932,45.992],[28.564,45.736],[28.504,45.568],[28.272,45.52],[28.2,45.46],[28.216,45.452],[28.332,45.324],[28.712,45.228],[29.324,45.444],[29.652,45.348],[29.66,45.216],[29.968,45.84],[30.14,45.82],[30.496,46.08],[30.772,46.396],[30.756,46.516],[31.188,46.628],[31.86,46.628],[31.964,46.724],[31.852,46.52],[31.816,46.484],[32.264,46.128],[32.504,46.076],[32.788,46.136],[33.628,46.124],[33.848,46.196],[34.688,45.976],[34.788,45.804],[35,45.728],[34.812,46.168],[35.104,46.296],[35.264,46.26],[35.28,46.256],[35.38,46.368],[35.9,46.652],[36.188,46.668],[37.036,46.876],[37.336,46.884],[37.58,47.092],[38.216,47.104],[38.2,47.292],[38.352,47.608],[38.736,47.676],[38.876,47.86],[39.036,47.856],[39.76,47.832],[39.844,48.12],[39.992,48.272],[39.808,48.584],[39.632,48.588],[39.76,48.896],[40.14,49.244],[40.04,49.456],[40.12,49.588],[39.8,49.544],[39.572,49.712],[39.18,49.86],[38.852,49.864],[38.344,49.992],[38.024,49.908],[37.728,50.08],[37.436,50.424],[36.684,50.26],[36.268,50.28],[36.104,50.42],[35.692,50.344],[35.424,50.5],[35.444,50.688],[35.284,50.96],[35.1,51.184],[34.748,51.164],[34.28,51.36],[34.128,51.68],[34.372,51.828],[34.068,52.032],[34.056,52.172],[33.804,52.356],[33.4,52.344],[33.196,52.368],[32.928,52.248],[32.528,52.316],[32.096,52.04],[31.764,52.1]]]},"properties":{"id":"UA"}},
{"type":"Feature","geometry":{"type":"Polygon","coordinates":[[[31.764,52.1],[31.608,52.372],[31.504,52.848],[31.248,53.016],[31.36,53.12],[31.74,53.192],[31.908,53.092],[32.204,53.1],[32.716,53.432],[32.452,53.548],[32.48,53.664],[32.084,53.808],[31.752,53.82],[31.748,54.088],[31.324,54.228],[31.18,54.452],[31.168,54.62],[30.772,54.788],[31.008,55.044],[30.796,55.284],[30.908,55.576],[30.216,55.856],[29.868,55.832],[29.46,55.688],[29.376,55.956],[29.032,56.024],[28.708,55.96],[28.62,56.084],[28.288,56.048],[28.148,56.144],[28.052,56.14],[27.76,55.976],[27.592,55.796],[26.98,55.828],[26.596,55.668],[26.444,55.336],[26.74,55.244],[26.58,55.12],[26.308,55.144],[26.172,54.992],[25.784,54.868],[25.528,54.348],[24.852,54.144],[24.82,54.02],[24.376,53.888],[24.2,53.952],[23.644,53.9],[23.484,53.94],[23.592,53.612],[23.892,53.152],[23.92,52.772],[23.736,52.616],[23.392,52.508],[23.176,52.284],[23.636,52.084],[23.56,51.756],[23.608,51.516],[23.748,51.644],[23.98,51.588],[24.392,51.88],[25.184,51.948],[25.548,51.92],[26.08,51.9],[26.856,51.748],[27.176,51.748],[27.256,51.596],[27.512,51.624],[27.668,51.492],[27.812,51.604],[28.348,51.524],[28.8,51.532],[29.044,51.628],[29.352,51.376],[29.62,51.484],[29.828,51.428],[30.148,51.484],[30.556,51.244],[30.64,51.336],[30.536,51.552],[30.66,51.82],[30.94,52.02],[31.476,52.116],[31.764,52.1]]]},"properties":{"id":"BY"}},
{"type":"Feature","geometry":{"type":"Polygon","coordinates":[[[16.488,-28.572],[16.768,-28.444],[16.764,-28.284],[16.892,-28.084],[17.096,-28.032],[17.192,-28.208],[17.344,-28.228],[17.328,-28.456],[17.404,-28.704],[17.912,-28.78],[18.168,-28.9],[18.744,-28.84],[19.08,-28.96],[19.248,-28.772],[19.484,-28.68],[19.568,-28.532],[19.98,-28.424],[19.984,-26.896],[19.984,-25.62],[19.98,-24.752],[19.98,-23.864],[19.98,-23.308],[19.98,-22],[20.972,-22],[20.98,-21],[20.98,-20.352],[20.976,-19.172],[20.992,-18.32],[21.476,-18.3],[22.98,-18.02],[23.312,-18.008],[23.644,-18.468],[24.184,-18.028],[24.42,-17.956],[24.576,-18.044],[24.724,-17.896],[24.96,-17.8],[25.26,-17.796],[24.968,-17.56],[24.684,-17.492],[24.22,-17.48],[23.38,-17.64],[22.232,-17.856],[21.38,-18.012],[21.216,-17.932],[20.988,-17.964],[20.808,-18.032],[20.564,-17.984],[20.336,-17.856],[20.036,-17.896],[19.672,-17.844],[19.02,-17.824],[18.76,-17.748],[18.452,-17.388],[18,-17.388],[17.28,-17.388],[15.56,-17.388],[14.22,-17.388],[13.944,-17.408],[13.344,-16.968],[13.168,-16.952],[12.888,-17.028],[12.556,-17.236],[12.244,-17.224],[12.096,-17.14],[11.768,-17.252],[11.716,-17.548],[11.848,-18.144],[12.032,-18.504],[12.288,-18.696],[12.568,-19.104],[12.704,-19.412],[13.156,-20.156],[13.388,-20.816],[13.628,-21.188],[13.832,-21.456],[13.952,-21.784],[14.136,-21.948],[14.388,-22.276],[14.508,-22.548],[14.52,-22.924],[14.412,-22.972],[14.492,-23.308],[14.484,-23.552],[14.472,-24.16],[14.612,-24.444],[14.6,-24.564],[14.78,-24.804],[14.828,-25],[14.8,-25.264],[14.876,-25.58],[14.844,-25.764],[14.98,-26.06],[14.968,-26.336],[15.128,-26.456],[15.084,-26.696],[15.236,-26.964],[15.296,-27.324],[15.52,-27.632],[15.684,-27.948],[16.42,-28.608],[16.488,-28.572]]]},"properties":{"id":"NA"}},
{"type":"Feature","geometry":{"type":"Polygon","coordinates":[[[16.488,-28.572],[16.6,-28.856],[16.808,-29.08],[17.056,-29.676],[17.28,-30.348],[17.768,-31.156],[18.024,-30.776],[18.248,-30.784],[18.412,-30.5],[18.56,-30.472],[18.94,-30.724],[18.904,-31.008],[18.996,-31.288],[19.072,-31.748],[19.212,-31.912],[19.472,-32.08],[19.424,-32.312],[19.488,-32.464],[19.924,-32.356],[20.084,-32.412],[20.208,-32.764],[20.42,-32.936],[20.704,-32.92],[20.864,-32.676],[21.116,-32.608],[21.192,-32.46],[21.552,-32.24],[21.852,-32.244],[22.1,-32.056],[22.292,-31.572],[22.604,-31.776],[23.028,-31.888],[23.4,-31.68],[23.7,-31.668],[23.864,-31.8],[24.148,-31.788],[24.5,-31.704],[24.56,-31.4],[24.764,-31.388],[25.444,-31.096],[25.52,-30.8],[25.468,-30.612],[25.184,-30.456],[24.908,-30.2],[24.784,-29.988],[24.408,-29.764],[24.34,-29.648],[24.876,-28.648],[24.844,-28.52],[25.012,-28.068],[24.844,-27.904],[25.028,-27.708],[24.672,-27.672],[24.692,-27.828],[24.52,-28.1],[24.364,-27.9],[24.408,-27.684],[24.112,-27.744],[24.044,-27.584],[24.084,-27.36],[23.896,-27.256],[24.024,-27.016],[23.844,-26.888],[23.492,-26.736],[23.58,-26.616],[23.272,-26.48],[23.224,-26.268],[23.376,-26.016],[23.1,-25.988],[22.916,-26.156],[22.852,-26.4],[22.704,-26.412],[22.62,-26.112],[22.256,-26.34],[22.056,-26.616],[21.768,-26.704],[21.688,-26.856],[21.38,-26.824],[21.124,-26.864],[20.852,-26.808],[20.692,-26.888],[20.608,-26.688],[20.624,-26.428],[20.84,-26.132],[20.796,-25.892],[20.364,-25.032],[19.98,-24.752],[19.984,-25.62],[19.984,-26.896],[19.98,-28.424],[19.568,-28.532],[19.484,-28.68],[19.248,-28.772],[19.08,-28.96],[18.744,-28.84],[18.168,-28.9],[17.912,-28.78],[17.404,-28.704],[17.328,-28.456],[17.344,-28.228],[17.192,-28.208],[17.096,-28.032],[16.892,-28.084],[16.764,-28.284],[16.768,-28.444],[16.488,-28.572]]]},"properties":{"id":"ZA-NC"}},
{"type":"Feature","geometry":{"type":"Polygon","coordinates":[[[-63.016,18.032],[-63.016,18.124],[-63.108,18.064],[-63.016,18.032]]]},"properties":{"id":"MF"}},
{"type":"Feature","geometry":{"type":"Polygon","coordinates":[[[-63.108,18.064],[-63.096,18.036],[-63.016,18.032],[-63.108,18.064]]]},"properties":{"id":"SX"}},
{"type":"Feature","geometry":{"type":"Polygon","coordinates":[[[56.384,25.32],[56.364,25.424],[56.28,25.628],[56.152,25.656],[56.184,26.016],[56.076,26.06],[56.016,25.88],[55.744,25.664],[55.516,25.512],[55.492,25.46],[55.424,25.396],[55.324,25.308],[55.004,24.968],[54.708,24.804],[54.56,24.456],[54.444,24.316],[54.124,24.144],[53.852,24.06],[53.58,24.048],[52.672,24.144],[52.224,23.976],[51.808,24],[51.772,24.176],[51.568,24.256],[51.592,24.08],[52.54,22.956],[52.584,22.932],[54.136,22.74],[55.104,22.62],[55.188,22.704],[55.192,22.996],[55.444,23.552],[55.54,23.772],[55.5,23.972],[55.996,24.08],[55.808,24.34],[55.8,24.692],[55.788,24.856],[55.976,24.972],[56.024,24.884],[56.076,24.728],[56.172,24.824],[56.276,24.872],[56.316,24.912],[56.316,24.928],[56.384,24.98],[56.364,25.068],[56.384,25.32]],[[56.208,25.228],[56.232,25.312],[56.26,25.332],[56.348,25.296],[56.208,25.228]]]},"properties":{"id":"AE"}},
{"type":"Feature","geometry":{"type":"MultiPolygon","coordinates":[[[[56.208,25.228],[56.348,25.296],[56.26,25.332],[56.232,25.312],[56.208,25.228]]],[[[56.28,25.628],[56.4,25.992],[56.3,26.204],[56.076,26.06],[56.184,26.016],[56.152,25.656],[56.28,25.628]]],[[[55.188,22.704],[55.628,22.024],[55.6,21.868],[55.344,21.096],[54.98,19.996],[53.632,19.544],[51.98,18.996],[51.984,18.98],[52.732,17.3],[52.8,17.268],[53.092,16.644],[53.34,16.736],[53.584,16.748],[54.024,16.984],[54.592,17.04],[54.808,16.952],[55.028,17.012],[55.256,17.228],[55.3,17.416],[55.224,17.516],[55.444,17.84],[56.188,17.956],[56.344,17.936],[56.56,18.148],[56.66,18.596],[56.916,18.812],[57.444,18.944],[57.708,18.944],[57.84,19.016],[57.752,19.268],[57.7,19.756],[57.848,20.112],[57.856,20.26],[58.104,20.576],[58.256,20.608],[58.224,20.396],[58.52,20.416],[58.68,20.828],[58.92,21.144],[59.168,21.364],[59.336,21.436],[59.496,21.756],[59.792,22.2],[59.844,22.444],[59.776,22.54],[59.484,22.62],[59.26,22.892],[59.084,23.056],[58.788,23.512],[58.492,23.656],[58.284,23.632],[58.132,23.712],[57.912,23.716],[57.532,23.828],[57.152,23.952],[56.94,24.116],[56.612,24.496],[56.384,24.98],[56.316,24.928],[56.316,24.912],[56.276,24.872],[56.172,24.824],[56.076,24.728],[56.024,24.884],[55.976,24.972],[55.788,24.856],[55.8,24.692],[55.808,24.34],[55.996,24.08],[55.5,23.972],[55.54,23.772],[55.444,23.552],[55.192,22.996],[55.188,22.704]]],[[[58.908,20.628],[58.644,20.356],[58.788,20.288],[58.908,20.628]]]]},"properties":{"id":"OM"}},
{"type":"Feature","geometry":{"type":"Polygon","coordinates":[[[72.012,40.264],[72.228,40.46],[72.448,40.56],[72.584,40.508],[72.784,40.668],[73.136,40.836],[72.62,40.88],[72.476,41.012],[72.196,41.008],[72.168,41.168],[71.872,41.196],[71.684,41.536],[71.584,41.324],[71.276,41.112],[70.756,41.268],[70.632,41.468],[70.472,41.404],[70.168,41.58],[70.552,41.824],[70.824,41.936],[71.248,42.2],[70.948,42.248],[70.736,42.196],[70.612,42.028],[70.316,42.036],[70.136,41.848],[69.872,41.7],[69.624,41.668],[69.044,41.38],[69.04,41.22],[68.648,40.952],[68.548,40.836],[68.628,40.668],[68.46,40.584],[68.268,40.664],[68.068,40.788],[68.132,41.028],[67.936,41.2],[66.756,41.152],[66.688,41.2],[66.504,41.992],[66.016,41.996],[66.012,42.372],[66.1,42.992],[65.796,42.876],[65.516,43.296],[65.272,43.416],[64.956,43.696],[64.856,43.712],[64.428,43.548],[63.208,43.628],[62.028,43.48],[61.16,44.168],[61.036,44.384],[59.056,45.324],[58.532,45.56],[56.708,45.16],[55.98,44.996],[55.976,43.616],[55.976,42.7],[55.98,41.32],[56.532,41.3],[57.012,41.256],[56.952,41.868],[57.384,42.164],[57.852,42.192],[57.996,42.492],[58.284,42.688],[58.492,42.644],[58.612,42.78],[58.896,42.548],[59.124,42.536],[59.244,42.364],[59.48,42.284],[59.868,42.304],[60.028,42.2],[59.984,41.948],[60.14,41.876],[60.048,41.752],[60.156,41.604],[60.096,41.388],[60.416,41.236],[61.004,41.228],[61.28,41.156],[61.472,41.296],[61.876,41.124],[62.044,40.716],[62.188,40.504],[62.352,40.432],[62.452,40.008],[62.592,39.892],[63.476,39.404],[63.708,39.192],[64.12,38.96],[64.368,38.94],[64.636,38.744],[64.976,38.612],[65.604,38.236],[65.876,38.272],[66.636,37.968],[66.52,37.784],[66.52,37.364],[67.004,37.384],[67.236,37.192],[67.484,37.276],[67.78,37.188],[67.828,37.528],[68.24,37.944],[68.36,38.176],[68.056,38.536],[68.036,38.692],[68.152,38.9],[68.1,38.98],[67.672,39.004],[67.68,39.104],[67.36,39.292],[67.436,39.484],[67.764,39.624],[68.336,39.528],[68.516,39.548],[68.64,39.848],[68.788,39.992],[68.696,40.112],[68.644,40.184],[69.072,40.216],[69.284,40.22],[69.2,40.544],[69.436,40.804],[69.66,40.64],[70.28,40.876],[70.46,41.016],[70.756,40.696],[70.352,40.456],[70.58,40.22],[70.96,40.24],[71.364,40.296],[71.672,40.148],[72.012,40.264]]]},"properties":{"id":"UZ"}},
{"type":"Feature","geometry":{"type":"Polygon","coordinates":[[[87.324,49.084],[87.216,49.228],[86.904,49.352],[86.776,49.696],[86.612,49.796],[86.392,49.624],[86.112,49.52],[85.384,49.616],[85.264,49.58],[85.032,49.884],[84.976,50.076],[84.248,50.26],[84.088,50.636],[83.82,50.868],[83.432,50.992],[83.108,50.992],[82.976,50.88],[82.072,50.716],[81.764,50.784],[81.46,50.732],[81.4,50.96],[81.06,50.948],[81.148,51.136],[80.684,51.304],[80.476,51.208],[80.44,50.96],[79.992,50.788],[79.304,51.688],[78.76,51.296],[78.188,51.14],[78.296,50.88],[78.688,50.7],[78.82,50.352],[78.472,50.028],[77.732,50.204],[77.448,49.988],[77.184,49.876],[77.168,49.644],[76.768,49.492],[76.632,49.352],[77.048,49.052],[76.884,48.984],[76.972,48.804],[77.36,48.816],[77.348,48.612],[76.952,48.352],[77.156,48.276],[77.272,48.02],[77.072,47.624],[76.932,47.22],[77.056,47.128],[77.58,47.176],[77.852,47.18],[78.276,47.304],[78.804,47.068],[79.308,47.032],[79.492,46.864],[80.02,46.88],[80.78,46.592],[81.168,46.54],[81.604,46.392],[81.912,46.064],[82.14,45.688],[82.296,45.556],[82.488,45.9],[82.84,46.732],[82.984,46.944],[83.012,47.196],[83.152,47.212],[83.904,46.972],[84.664,46.984],[84.916,46.852],[85.204,47.032],[85.5,47.052],[85.66,47.208],[85.672,47.384],[85.516,47.92],[85.588,48.14],[85.784,48.408],[86.192,48.42],[86.564,48.528],[86.744,48.704],[86.728,48.992],[86.888,49.108],[87.324,49.084]]]},"properties":{"id":"KZ-VOS"}},
{"type":"Feature","geometry":{"type":"Polygon","coordinates":[[[82.296,45.556],[82.14,45.688],[81.912,46.064],[81.604,46.392],[81.168,46.54],[80.78,46.592],[80.02,46.88],[79.492,46.864],[79.308,47.032],[78.804,47.068],[78.276,47.304],[77.852,47.18],[77.58,47.176],[77.6,46.676],[77.16,46.548],[77.02,46.648],[76.528,46.648],[75.896,46.688],[75.404,46.68],[74.76,46.4],[74.184,45.956],[74.056,45.776],[74.032,45.536],[74.096,45.268],[73.848,45.26],[73.9,45.076],[74.54,44.656],[74.612,44.412],[74.76,44.312],[75.148,44.22],[75.328,44.08],[75.272,43.876],[75.016,43.564],[75.428,43.468],[75.296,43.296],[75.364,43.156],[75.808,42.936],[76.404,42.888],[76.956,42.988],[77.212,42.908],[78.496,42.876],[79.032,42.756],[79.476,42.452],[79.916,42.424],[80.212,42.188],[80.268,42.236],[80.14,42.624],[80.228,42.792],[80.476,42.864],[80.368,43.028],[80.772,43.112],[80.712,43.46],[80.344,44.104],[80.376,44.672],[80.22,44.82],[79.992,44.792],[79.86,44.904],[80.06,45.02],[80.852,45.128],[81.74,45.34],[81.952,45.144],[82.296,45.228],[82.584,45.176],[82.616,45.436],[82.296,45.556]],[[76.96,43.192],[76.808,43.272],[76.9,43.364],[77.032,43.38],[76.96,43.192]]]},"properties":{"id":"KZ-ALA"}},
{"type":"Feature","geometry":{"type":"Polygon","coordinates":[[[73.632,39.448],[73.368,39.444],[73.168,39.356],[72.652,39.392],[72.316,39.328],[72.228,39.188],[72.048,39.368],[71.732,39.284],[71.74,39.448],[71.508,39.584],[70.74,39.388],[70.656,39.496],[70.46,39.6],[70.208,39.524],[69.668,39.576],[69.288,39.54],[69.228,39.752],[69.312,39.988],[69.968,40.212],[70.628,39.992],[70.64,40.084],[70.96,40.24],[70.58,40.22],[70.352,40.456],[70.756,40.696],[70.46,41.016],[70.28,40.876],[69.66,40.64],[69.436,40.804],[69.2,40.544],[69.284,40.22],[69.072,40.216],[68.644,40.184],[68.696,40.112],[68.788,39.992],[68.64,39.848],[68.516,39.548],[68.336,39.528],[67.764,39.624],[67.436,39.484],[67.36,39.292],[67.68,39.104],[67.672,39.004],[68.1,38.98],[68.152,38.9],[68.036,38.692],[68.056,38.536],[68.36,38.176],[68.24,37.944],[67.828,37.528],[67.78,37.188],[68.024,36.924],[68.308,37.116],[69.004,37.304],[69.308,37.116],[69.444,37.236],[69.38,37.436],[69.528,37.588],[70.004,37.552],[70.156,37.54],[70.284,37.704],[70.164,37.888],[70.3,38],[70.484,38.136],[70.596,38.34],[70.976,38.472],[71.336,38.28],[71.256,37.948],[71.596,37.9],[71.496,37.568],[71.432,37.068],[71.612,36.704],[71.836,36.7],[72.26,36.968],[72.656,37.028],[72.76,37.188],[73.276,37.46],[73.752,37.428],[73.8,37.228],[74.224,37.404],[74.66,37.392],[74.892,37.232],[75.164,37.4],[74.892,37.6],[74.964,37.768],[74.792,38.08],[74.776,38.512],[74.336,38.668],[74.14,38.668],[73.932,38.528],[73.796,38.604],[73.684,38.856],[73.816,38.992],[73.604,39.236],[73.632,39.448]]]},"properties":{"id":"TJ"}},
{"type":"Feature","geometry":{"type":"Polygon","coordinates":[[[26.596,55.668],[26.228,55.796],[25.96,55.96],[25.796,56.04],[25.648,56.144],[25.348,56.16],[25.072,56.196],[24.872,56.444],[24.572,56.308],[24.14,56.256],[23.98,56.312],[23.872,56.332],[23.38,56.356],[23.172,56.356],[22.86,56.396],[22.58,56.388],[21.984,56.388],[21.964,56.384],[21.736,56.324],[21.484,56.264],[21.052,56.072],[21.076,55.744],[21.224,55.52],[21.268,55.248],[22.1,55.028],[22.268,55.068],[22.572,55.064],[22.808,54.892],[22.68,54.452],[22.768,54.356],[22.812,54.392],[23.336,54.228],[23.484,53.94],[23.644,53.9],[24.2,53.952],[24.376,53.888],[24.82,54.02],[24.852,54.144],[25.528,54.348],[25.784,54.868],[26.172,54.992],[26.308,55.144],[26.58,55.12],[26.74,55.244],[26.444,55.336],[26.596,55.668]]]},"properties":{"id":"LT"}},
{"type":"Feature","geometry":{"type":"Polygon","coordinates":[[[-53.38,-33.74],[-52.82,-33.324],[-52.62,-33.1],[-52.376,-32.5],[-52.128,-32.176],[-52.26,-32.052],[-52.244,-31.84],[-52,-31.552],[-51.924,-31.308],[-51.652,-31.26],[-51.444,-31.08],[-51.292,-30.624],[-51.124,-30.256],[-50.536,-30.32],[-50.732,-30.792],[-50.94,-30.896],[-50.988,-31.044],[-51.176,-31.148],[-51.152,-31.48],[-50.72,-31.044],[-50.316,-30.46],[-50.044,-29.816],[-49.712,-29.324],[-49.872,-29.216],[-50.08,-29.244],[-49.948,-28.952],[-49.956,-28.796],[-49.736,-28.512],[-49.884,-28.452],[-50.16,-28.484],[-50.62,-28.376],[-51.08,-27.82],[-51.604,-27.5],[-51.892,-27.512],[-52.18,-27.268],[-52.74,-27.252],[-52.868,-27.16],[-53.216,-27.16],[-53.368,-27.072],[-53.652,-27.216],[-53.844,-27.164],[-54.188,-27.26],[-54.288,-27.428],[-54.46,-27.412],[-54.7,-27.552],[-54.828,-27.544],[-55.024,-27.84],[-55.328,-27.928],[-55.44,-28.08],[-55.624,-28.144],[-55.772,-28.232],[-55.9,-28.46],[-56.184,-28.744],[-56.416,-29.052],[-56.616,-29.16],[-56.676,-29.312],[-57.096,-29.752],[-57.308,-29.848],[-57.324,-29.98],[-57.612,-30.184],[-57.604,-30.192],[-57.536,-30.276],[-57.212,-30.288],[-57.104,-30.12],[-56.832,-30.104],[-56.012,-30.8],[-56.016,-31.076],[-56.008,-31.08],[-55.864,-31.076],[-55.592,-30.848],[-55.352,-31.056],[-55.26,-31.228],[-54.82,-31.436],[-54.592,-31.472],[-54.468,-31.664],[-54.136,-31.908],[-53.772,-32.048],[-53.648,-32.34],[-53.416,-32.564],[-53.188,-32.648],[-53.184,-32.8],[-53.52,-33.124],[-53.54,-33.648],[-53.38,-33.74]]]},"properties":{"id":"BR-RS"}},
{"type":"Feature","geometry":{"type":"Polygon","coordinates":[[[96.368,42.724],[97.192,42.788],[97.848,42.724],[99.476,42.564],[99.62,42.596],[100.016,42.676],[101.22,42.528],[101.636,42.516],[102.036,42.184],[103.072,42.004],[103.72,41.756],[104.5,41.872],[104.496,41.664],[105.016,41.596],[105.276,41.756],[105.868,41.992],[106.768,42.288],[108.048,42.44],[108.796,42.4],[108.996,42.448],[109.484,42.448],[109.668,42.548],[110.408,42.768],[110.932,43.288],[111.596,43.524],[111.932,43.696],[111.84,43.94],[111.52,44.188],[111.408,44.416],[111.74,44.968],[111.984,45.088],[112.44,45.052],[112.616,44.908],[113.104,44.796],[113.636,44.748],[114.056,44.94],[114.42,45.2],[114.532,45.384],[114.94,45.372],[115.636,45.444],[116.012,45.68],[116.168,45.708],[116.212,45.908],[116.58,46.3],[116.804,46.384],[117.3,46.352],[117.392,46.572],[117.696,46.512],[118.24,46.716],[118.72,46.676],[118.816,46.76],[119.316,46.612],[119.68,46.592],[119.904,46.708],[119.904,46.844],[119.7,47.16],[119.156,47.516],[119.084,47.66],[118.768,47.756],[118.544,47.968],[118.184,48.028],[117.74,47.976],[117.316,47.656],[116.852,47.872],[116.244,47.864],[115.852,47.704],[115.56,47.932],[115.516,48.124],[115.808,48.272],[115.8,48.532],[116.684,49.824],[116.216,50.012],[115.752,49.884],[115.368,49.896],[114.996,50.144],[114.752,50.236],[114.288,50.276],[113.848,50.08],[113.58,50.02],[113.212,49.824],[113.044,49.588],[112.732,49.492],[112.432,49.528],[112.128,49.44],[111.34,49.364],[110.732,49.136],[110.372,49.24],[110.18,49.16],[109.288,49.34],[108.568,49.324],[108.032,49.588],[107.948,49.932],[107.744,49.968],[107.224,49.996],[106.972,50.196],[106.656,50.328],[106.244,50.292],[105.984,50.4],[105.328,50.476],[104.348,50.272],[104.2,50.172],[103.6,50.132],[102.62,50.4],[102.328,50.544],[102.148,51.096],[102.184,51.324],[102.052,51.384],[101.388,51.452],[100.512,51.728],[100.004,51.732],[99.68,51.888],[99.324,51.936],[98.936,52.124],[98.62,51.78],[98.332,51.72],[98.22,51.476],[98.052,51.468],[97.808,51],[97.992,50.836],[98.024,50.644],[98.292,50.52],[98.264,50.284],[98.104,50.064],[97.848,49.932],[97.568,49.916],[97.3,49.724],[97.084,49.804],[96.968,49.888],[96.372,49.888],[95.868,50.016],[95.476,49.896],[95.076,49.944],[94.92,50.044],[94.624,50.016],[94.344,50.248],[94.236,50.564],[93.012,50.624],[92.96,50.776],[92.648,50.676],[92.3,50.844],[92.16,50.688],[91.748,50.684],[91.416,50.46],[91.012,50.424],[90.684,50.216],[90.476,50.216],[90.052,50.084],[89.996,50.004],[89.632,49.908],[89.684,49.708],[89.252,49.628],[89.16,49.504],[88.872,49.436],[88.2,49.456],[88.144,49.272],[87.816,49.164],[87.804,48.8],[87.944,48.6],[88.564,48.344],[88.58,48.212],[89.044,47.992],[89.54,48.032],[89.752,47.824],[90.084,47.756],[90.44,47.492],[90.468,47.308],[90.712,47.016],[90.932,46.876],[91.016,46.688],[91.048,46.568],[90.896,46.304],[91.004,46.02],[90.712,45.752],[90.652,45.492],[90.904,45.184],[91.136,45.196],[91.664,45.06],[92.008,45.076],[92.476,44.996],[93.076,45.004],[93.524,44.952],[93.976,44.66],[94.196,44.656],[94.34,44.512],[94.7,44.344],[95.036,44.256],[95.38,44.288],[95.328,44.008],[95.512,43.98],[95.908,43.216],[96.296,42.932],[96.368,42.724]]]},"properties":{"id":"MN"}},
{"type":"Feature","geometry":{"type":"Polygon","coordinates":[[[97.192,42.788],[97.848,41.62],[97.648,41.456],[97.952,41.12],[98.328,40.856],[98.236,40.54],[98.644,40.568],[98.824,40.728],[99.156,40.836],[99.664,40.9],[100.012,40.896],[100.204,40.616],[99.9,40.204],[99.628,40.068],[99.688,39.876],[100.188,39.696],[100.544,39.408],[100.832,39.38],[100.852,39.168],[101.048,39],[101.58,38.688],[101.832,38.688],[102.024,38.892],[101.824,39.064],[102.392,39.236],[102.964,39.12],[103.284,39.292],[103.748,39.424],[104.024,39.44],[104.224,39.092],[104.172,38.96],[103.796,38.592],[103.472,38.436],[103.52,38.14],[103.388,38.1],[103.44,37.844],[103.68,37.776],[104.108,37.46],[104.36,37.4],[104.424,37.5],[104.944,37.544],[105.356,37.752],[105.66,37.74],[105.788,37.804],[105.84,38.572],[106.112,39.12],[106.276,39.268],[106.788,39.36],[106.808,39.2],[106.976,39.036],[106.704,38.636],[106.644,38.46],[106.472,38.292],[106.828,38.152],[107.164,38.14],[107.404,37.92],[107.656,37.852],[107.884,37.8],[108.04,37.632],[108.764,37.68],[108.792,37.94],[108.956,37.924],[109.028,38.112],[108.988,38.336],[109.16,38.544],[109.536,38.784],[109.676,39.012],[110.176,39.284],[110.496,39.376],[110.684,39.264],[111.012,39.564],[111.112,39.384],[111.344,39.444],[111.488,39.652],[111.76,39.6],[111.92,39.688],[112.1,40.004],[112.4,40.288],[112.736,40.172],[112.96,40.356],[113.228,40.416],[113.336,40.32],[114.044,40.488],[114.156,40.744],[113.88,41.1],[113.984,41.24],[113.928,41.42],[114.196,41.592],[114.256,41.86],[114.596,42.14],[114.804,42.18],[114.92,41.936],[114.888,41.612],[115.224,41.584],[115.34,41.72],[115.86,41.928],[116.036,41.8],[116.376,42.008],[116.6,41.924],[116.86,42.02],[116.888,42.396],[117.056,42.464],[117.412,42.46],[117.452,42.548],[117.8,42.568],[118.024,42.384],[118.132,42.02],[118.324,41.864],[118.16,41.72],[118.48,41.356],[119.152,41.312],[119.232,41.272],[119.388,41.472],[119.3,41.776],[119.364,42.1],[119.336,42.288],[119.564,42.372],[120.032,41.86],[120.14,41.788],[120.628,42.16],[120.912,42.296],[121.036,42.26],[121.368,42.5],[121.648,42.452],[121.876,42.54],[122.044,42.72],[122.3,42.636],[122.476,42.848],[122.728,42.74],[123.132,42.828],[123.18,42.944],[123.612,43.08],[123.696,43.352],[123.38,43.452],[123.524,43.696],[123.324,44.04],[123.124,44.496],[122.376,44.22],[122.28,44.428],[122.044,44.696],[122.012,45.12],[122.236,45.288],[122.028,45.484],[121.936,45.688],[121.668,45.716],[121.816,45.912],[121.996,45.98],[122.24,45.812],[122.4,45.948],[122.648,45.724],[122.772,45.788],[122.8,46.088],[123.068,46.108],[123.16,46.22],[122.988,46.408],[123.02,46.612],[123.396,46.596],[123.608,46.776],[123.38,46.9],[123.188,46.76],[122.576,47.132],[122.404,47.332],[122.564,47.532],[123.208,47.812],[123.292,47.944],[123.576,48.056],[124.076,48.448],[124.3,48.492],[124.424,48.176],[124.564,48.236],[124.54,48.572],[124.864,49.176],[125.16,49.152],[125.268,49.44],[125.188,49.94],[125.532,50.392],[125.808,50.564],[125.824,50.768],[126.056,50.98],[125.488,51.508],[125.128,51.616],[124.82,51.364],[124.352,51.28],[123.868,51.312],[123.568,51.204],[122.956,51.388],[122.716,51.7],[122.756,51.848],[122.492,52.296],[122.172,52.48],[122.016,52.284],[121.172,52.596],[121.504,52.776],[121.8,53.024],[121.608,53.24],[121.412,53.316],[120.876,53.28],[120.28,52.864],[120.032,52.76],[120.056,52.6],[120.428,52.636],[120.724,52.544],[120.628,52.348],[120.78,52.116],[120.648,51.912],[120.108,51.664],[119.748,51.084],[119.516,50.904],[119.496,50.736],[119.292,50.6],[119.352,50.344],[119.316,50.092],[119.092,49.988],[118.644,49.956],[118.168,49.672],[117.76,49.512],[117.472,49.616],[117.056,49.672],[116.684,49.824],[115.8,48.532],[115.808,48.272],[115.516,48.124],[115.56,47.932],[115.852,47.704],[116.244,47.864],[116.852,47.872],[117.316,47.656],[117.74,47.976],[118.184,48.028],[118.544,47.968],[118.768,47.756],[119.084,47.66],[119.156,47.516],[119.7,47.16],[119.904,46.844],[119.904,46.708],[119.68,46.592],[119.316,46.612],[118.816,46.76],[118.72,46.676],[118.24,46.716],[117.696,46.512],[117.392,46.572],[117.3,46.352],[116.804,46.384],[116.58,46.3],[116.212,45.908],[116.168,45.708],[116.012,45.68],[115.636,45.444],[114.94,45.372],[114.532,45.384],[114.42,45.2],[114.056,44.94],[113.636,44.748],[113.104,44.796],[112.616,44.908],[112.44,45.052],[111.984,45.088],[111.74,44.968],[111.408,44.416],[111.52,44.188],[111.84,43.94],[111.932,43.696],[111.596,43.524],[110.932,43.288],[110.408,42.768],[109.668,42.548],[109.484,42.448],[108.996,42.448],[108.796,42.4],[108.048,42.44],[106.768,42.288],[105.868,41.992],[105.276,41.756],[105.016,41.596],[104.496,41.664],[104.5,41.872],[103.72,41.756],[103.072,42.004],[102.036,42.184],[101.636,42.516],[101.22,42.528],[100.016,42.676],[99.62,42.596],[99.476,42.564],[97.848,42.724],[97.192,42.788]]]},"properties":{"id":"CN-NM"}},
{"type":"Feature","geometry":{"type":"Polygon","coordinates":[[[92.936,39.152],[93.276,39.188],[93.724,39.308],[94.48,39.316],[95.056,39.148],[95.304,39.184],[95.72,38.876],[96.056,38.68],[96.504,38.548],[96.512,38.472],[96.944,38.36],[97.028,39.196],[97.364,39.152],[98.068,38.8],[98.264,38.932],[98.604,38.948],[98.78,39.068],[98.964,38.98],[99.8,38.364],[100.08,38.28],[100.14,38.484],[100.356,38.308],[100.556,38.252],[100.636,38.104],[101.048,37.964],[101.764,37.524],[101.936,37.732],[102.032,37.48],[102.428,37.28],[102.552,37.164],[102.46,36.956],[102.676,36.8],[102.612,36.656],[102.82,36.328],[103.04,36.216],[102.932,36.088],[102.976,35.832],[102.7,35.84],[102.704,35.524],[102.536,35.536],[102.288,35.408],[102.376,35.204],[102.268,35.056],[102.008,34.944],[101.792,34.632],[102.152,34.496],[102.212,34.352],[101.78,34.068],[101.612,34.192],[101.036,34.34],[100.816,34.296],[100.792,34.156],[100.948,33.928],[101.128,33.852],[101.16,33.664],[101.4,33.644],[101.612,33.512],[101.776,33.532],[101.924,33.408],[101.864,33.124],[102.48,33.464],[102.172,33.94],[102.78,34.276],[102.932,34.296],[103.12,34.168],[103.184,33.824],[103.744,33.676],[104.092,33.668],[104.292,33.364],[104.404,33.064],[104.288,32.848],[104.56,32.688],[104.9,32.612],[105.268,32.64],[105.5,32.908],[105.888,32.98],[105.912,33.232],[105.748,33.292],[105.832,33.496],[106.072,33.616],[106.172,33.564],[106.48,33.7],[106.432,33.944],[106.656,34.256],[106.672,34.384],[106.316,34.584],[106.492,34.74],[106.564,35.08],[106.916,35.088],[107.212,34.892],[107.32,34.944],[107.832,34.976],[107.672,35.228],[107.98,35.224],[108.156,35.292],[108.492,35.272],[108.616,35.392],[108.492,35.88],[108.676,36.004],[108.704,36.36],[108.356,36.548],[108.04,36.596],[107.888,36.756],[107.5,36.892],[107.3,36.908],[107.284,37.068],[106.644,37.18],[106.648,36.836],[106.504,36.708],[106.496,36.268],[106.812,36.212],[106.944,36.076],[106.912,35.788],[106.768,35.708],[106.468,35.728],[106.464,35.332],[106.212,35.396],[105.432,35.756],[105.32,35.932],[105.444,36.256],[105.22,36.692],[105.32,36.78],[105.18,36.972],[104.924,37.096],[104.688,37.412],[104.36,37.4],[104.108,37.46],[103.68,37.776],[103.44,37.844],[103.388,38.1],[103.52,38.14],[103.472,38.436],[103.796,38.592],[104.172,38.96],[104.224,39.092],[104.024,39.44],[103.748,39.424],[103.284,39.292],[102.964,39.12],[102.392,39.236],[101.824,39.064],[102.024,38.892],[101.832,38.688],[101.58,38.688],[101.048,39],[100.852,39.168],[100.832,39.38],[100.544,39.408],[100.188,39.696],[99.688,39.876],[99.628,40.068],[99.9,40.204],[100.204,40.616],[100.012,40.896],[99.664,40.9],[99.156,40.836],[98.824,40.728],[98.644,40.568],[98.236,40.54],[98.328,40.856],[97.952,41.12],[97.648,41.456],[97.848,41.62],[97.192,42.788],[96.368,42.724],[96.044,42.5],[96.036,41.996],[95.772,41.828],[95.492,41.856],[95.06,41.788],[94.58,41.584],[94.012,41.104],[93.576,40.588],[93.288,40.468],[92.924,40.424],[92.92,40.12],[92.772,39.812],[92.948,39.452],[92.936,39.152]]]},"properties":{"id":"CN-GS"}},
{"type":"Feature","geometry":{"type":"Polygon","coordinates":[[[87.816,49.164],[88.144,49.272],[88.2,49.456],[88.872,49.436],[89.16,49.504],[89.252,49.628],[89.684,49.708],[89.632,49.908],[89.392,50.32],[89.844,50.428],[89.384,50.856],[89.052,51.064],[88.956,51.44],[88.736,51.56],[88.508,51.316],[88.132,51.384],[87.86,51.548],[88.088,51.712],[87.84,51.812],[88.12,52.1],[88.364,52.168],[88.412,52.456],[88.2,52.416],[87.924,52.548],[87.636,52.448],[87.172,52.612],[86.84,52.648],[86.616,52.372],[86.804,52.292],[86.756,52.108],[86.44,52.024],[85.94,52.076],[85.668,51.752],[85.24,51.472],[85.008,51.488],[84.396,51.268],[84.016,51.064],[84.472,50.972],[84.6,50.86],[84.54,50.692],[84.088,50.636],[84.248,50.26],[84.976,50.076],[85.032,49.884],[85.264,49.58],[85.384,49.616],[86.112,49.52],[86.392,49.624],[86.612,49.796],[86.776,49.696],[86.904,49.352],[87.216,49.228],[87.324,49.084],[87.816,49.164]]]},"properties":{"id":"RU-AL"}},
{"type":"Feature","geometry":{"type":"Polygon","coordinates":[[[12.96,50.408],[12.512,50.388],[12.336,50.26],[12.1,50.312],[12.248,50.044],[12.524,49.904],[12.384,49.744],[12.796,49.328],[13,49.296],[13.18,49.12],[13.524,48.968],[13.816,48.768],[14.076,48.592],[14.444,48.636],[14.692,48.588],[14.92,48.76],[14.984,49.008],[15.544,48.904],[15.82,48.872],[16.032,48.76],[16.436,48.796],[16.872,48.72],[16.944,48.604],[17.168,48.86],[17.412,48.832],[17.648,48.84],[18.104,49.092],[18.192,49.276],[18.36,49.332],[18.388,49.376],[18.536,49.48],[18.832,49.512],[18.48,49.896],[18.02,50.044],[17.84,49.972],[17.388,50.272],[16.944,50.42],[16.868,50.188],[16.584,50.128],[16.336,50.372],[16.332,50.644],[15.848,50.676],[15.524,50.784],[15.348,50.784],[15.228,50.976],[14.996,51.008],[14.812,50.86],[14.608,50.852],[14.576,50.976],[13.836,50.724],[13.6,50.712],[13.232,50.584],[12.96,50.408]]]},"properties":{"id":"CZ"}},
{"type":"Feature","geometry":{"type":"Polygon","coordinates":[[[14.812,50.86],[15.02,51.272],[14.952,51.396],[14.708,51.54],[14.16,51.528],[13.972,51.36],[13.252,51.384],[13.06,51.616],[12.916,51.648],[12.236,51.564],[12.132,51.292],[12.264,51.084],[12.484,51.06],[12.648,50.9],[12.26,50.792],[12.28,50.68],[11.988,50.548],[11.904,50.416],[12.1,50.312],[12.336,50.26],[12.512,50.388],[12.96,50.408],[13.232,50.584],[13.6,50.712],[13.836,50.724],[14.576,50.976],[14.608,50.852],[14.812,50.86]]]},"properties":{"id":"DE-SN"}},
{"type":"Feature","geometry":{"type":"Polygon","coordinates":[[[11.904,50.416],[11.28,50.36],[10.788,50.388],[10.592,50.324],[10.24,50.512],[10.056,50.516],[9.768,50.404],[9.508,50.108],[9.012,50.096],[9.148,49.748],[9.112,49.576],[9.652,49.772],[9.928,49.552],[10.128,49.512],[10.148,49.204],[10.468,48.916],[10.316,48.532],[9.98,48.38],[10.136,48.108],[10.132,47.688],[9.864,47.676],[9.556,47.532],[9.948,47.524],[10.192,47.38],[10.176,47.272],[10.304,47.304],[10.608,47.564],[11.084,47.388],[11.26,47.4],[11.62,47.588],[12.564,47.64],[13.036,47.492],[13.076,47.648],[12.848,47.984],[12.744,48.12],[13.404,48.376],[13.52,48.584],[13.716,48.524],[13.816,48.768],[13.524,48.968],[13.18,49.12],[13,49.296],[12.796,49.328],[12.384,49.744],[12.524,49.904],[12.248,50.044],[12.1,50.312],[11.904,50.416]]]},"properties":{"id":"DE-BY"}},
{"type":"Feature","geometry":{"type":"MultiPolygon","coordinates":[[[[25.096,58.068],[25.42,58.008],[25.552,57.948],[25.704,57.92],[26.352,57.58],[26.432,57.56],[26.796,57.572],[27.352,57.528],[27.556,57.812],[27.672,57.912],[27.52,58.196],[27.556,58.396],[27.428,58.708],[27.448,58.82],[27.696,58.976],[28.02,59.48],[27.872,59.408],[26.936,59.452],[26.78,59.504],[25.836,59.576],[24.4,59.48],[24.092,59.312],[23.72,59.232],[23.52,59.124],[23.424,58.908],[23.58,58.792],[23.584,58.544],[23.74,58.344],[24.112,58.24],[24.528,58.352],[24.464,58.072],[24.308,57.868],[24.584,57.948],[24.828,57.98],[25.036,58.048],[25.096,58.068]]],[[[23.232,58.504],[22.9,58.62],[22.32,58.584],[21.868,58.264],[22.324,58.208],[22.756,58.244],[23.232,58.504]]],[[[22.292,58.896],[22.556,58.688],[22.936,58.984],[22.596,59.088],[22.292,58.896]]]]},"properties":{"id":"EE"}},
{"type":"Feature","geometry":{"type":"Polygon","coordinates":[[[28.148,56.144],[28.168,56.428],[28.092,56.5],[27.864,56.744],[27.644,56.84],[27.744,57.032],[27.84,57.292],[27.696,57.356],[27.352,57.528],[26.796,57.572],[26.432,57.56],[26.352,57.58],[25.704,57.92],[25.552,57.948],[25.42,58.008],[25.096,58.068],[25.036,58.048],[24.828,57.98],[24.584,57.948],[24.308,57.868],[24.396,57.4],[24.404,57.348],[24.332,57.2],[24.112,57.088],[23.928,57.008],[23.58,56.984],[23.252,57.116],[23.16,57.32],[23.032,57.396],[22.996,57.412],[22.588,57.664],[22.196,57.656],[21.772,57.588],[21.62,57.472],[21.512,57.38],[21.328,56.972],[21.064,56.848],[21.048,56.656],[21.02,56.616],[21.052,56.512],[21.064,56.492],[21.036,56.472],[21.004,56.444],[20.972,56.26],[21.052,56.072],[21.484,56.264],[21.736,56.324],[21.964,56.384],[21.984,56.388],[22.58,56.388],[22.86,56.396],[23.172,56.356],[23.38,56.356],[23.872,56.332],[23.98,56.312],[24.14,56.256],[24.572,56.308],[24.872,56.444],[25.072,56.196],[25.348,56.16],[25.648,56.144],[25.796,56.04],[25.96,55.96],[26.228,55.796],[26.596,55.668],[26.98,55.828],[27.592,55.796],[27.76,55.976],[28.052,56.14],[28.148,56.144]]]},"properties":{"id":"LV"}},
{"type":"Feature","geometry":{"type":"Polygon","coordinates":[[[30.908,55.576],[31.048,55.768],[31.468,55.728],[31.344,55.964],[31.496,56.028],[31.492,56.3],[31.232,56.348],[30.816,56.72],[31,56.964],[30.644,56.98],[30.516,57.32],[30.472,57.684],[30.528,57.888],[29.952,57.944],[29.66,58.244],[29.976,58.444],[29.54,58.48],[29.232,58.708],[28.552,58.864],[28.272,58.856],[28.132,58.992],[27.696,58.976],[27.448,58.82],[27.428,58.708],[27.556,58.396],[27.52,58.196],[27.672,57.912],[27.556,57.812],[27.352,57.528],[27.696,57.356],[27.84,57.292],[27.744,57.032],[27.644,56.84],[27.864,56.744],[28.092,56.5],[28.168,56.428],[28.148,56.144],[28.288,56.048],[28.62,56.084],[28.708,55.96],[29.032,56.024],[29.376,55.956],[29.46,55.688],[29.868,55.832],[30.216,55.856],[30.908,55.576]]]},"properties":{"id":"RU-PSK"}},
{"type":"Feature","geometry":{"type":"MultiPolygon","coordinates":[[[[20.624,69.036],[21.312,69.292],[21.664,69.264],[21.948,69.064],[22.44,69.088],[22.592,69.232],[22.352,69.476],[22.764,69.512],[22.564,69.908],[22.112,70.16],[21.232,70.224],[21.84,70.092],[21.904,69.824],[21.172,69.876],[20.512,69.768],[19.784,69.804],[19.1,69.736],[18.852,69.552],[18.3,69.488],[18.004,69.284],[18.08,69.168],[17.68,69.092],[17.236,68.756],[16.628,68.64],[16.58,68.536],[18.036,68.62],[18.188,68.54],[19.04,68.504],[19.932,68.352],[20.244,68.476],[20.34,68.912],[20.624,69.036]]],[[[15.908,68.956],[15.724,68.732],[15.872,68.548],[16.496,68.58],[16.504,68.804],[15.932,68.684],[15.908,68.956]]],[[[18.072,69.436],[17.772,69.548],[17.264,69.48],[16.916,69.316],[16.824,69.056],[17.96,69.18],[17.924,69.332],[18.072,69.436]]],[[[19,69.828],[18.356,69.792],[18.26,69.532],[18.824,69.592],[19,69.828]]],[[[19.62,70.016],[19.208,70.1],[18.768,69.956],[19.12,69.788],[19.62,70.016]]]]},"properties":{"id":"NO-19"}},
{"type":"Feature","geometry":{"type":"Polygon","coordinates":[[[18.188,68.54],[18.168,68.16],[17.896,67.968],[17.32,68.104],[16.808,67.912],[16.484,67.556],[16.128,67.424],[16.436,67.2],[16.416,67.052],[16.04,66.888],[15.428,66.492],[15.476,66.356],[16.496,66.076],[16.88,66.004],[17.472,65.756],[18.7,65.44],[19.404,65.164],[20.116,65.312],[21.268,65.164],[21.58,65.068],[21.488,65.392],[21.944,65.412],[22.36,65.76],[22.836,65.808],[24.164,65.824],[24.02,66.048],[23.724,66.208],[23.644,66.436],[23.88,66.564],[24,66.812],[23.58,67.152],[23.764,67.42],[23.552,67.588],[23.5,67.884],[23.052,68.3],[22.608,68.424],[22.072,68.476],[21.464,68.688],[20.936,68.968],[20.624,69.036],[20.34,68.912],[20.244,68.476],[19.932,68.352],[19.04,68.504],[18.188,68.54]]]},"properties":{"id":"SE-BD"}},
{"type":"Feature","geometry":{"type":"MultiPolygon","coordinates":[[[[16.58,68.536],[16.172,68.316],[15.788,67.952],[15.064,67.84],[15.04,67.676],[14.408,67.28],[14.224,66.98],[13.688,66.836],[13.08,66.496],[13.224,66.184],[12.868,66.136],[12.916,65.952],[12.348,65.64],[12.604,65.432],[12.344,65.304],[12.504,65.144],[12.2,65],[12.896,64.98],[13.16,65.12],[14.332,65.112],[14.332,65.116],[14.516,65.32],[14.644,65.844],[14.54,66.124],[15.052,66.152],[15.476,66.356],[15.428,66.492],[16.04,66.888],[16.416,67.052],[16.436,67.2],[16.128,67.424],[16.484,67.556],[16.808,67.912],[17.32,68.104],[17.896,67.968],[18.168,68.16],[18.188,68.54],[18.036,68.62],[16.58,68.536]]],[[[15.908,68.956],[15.46,68.796],[15.24,68.564],[15.216,68.336],[15.904,68.368],[16.092,68.532],[16.496,68.58],[15.872,68.548],[15.724,68.732],[15.908,68.956]]],[[[14.396,68.66],[15.064,68.58],[15.396,68.732],[15.296,68.908],[14.396,68.66]]]]},"properties":{"id":"NO-18"}},
{"type":"Feature","geometry":{"type":"Polygon","coordinates":[[[15.476,66.356],[15.052,66.152],[14.54,66.124],[14.644,65.844],[14.516,65.32],[14.332,65.116],[14.708,65],[15.64,64.472],[16.264,64.256],[16.744,64.016],[16.9,63.96],[17.728,63.888],[18.364,63.984],[18.52,63.852],[18.956,63.772],[19.316,63.456],[19.752,63.524],[20.504,63.824],[20.688,63.8],[20.968,64.148],[21.488,64.488],[21.18,64.836],[21.58,65.068],[21.268,65.164],[20.116,65.312],[19.404,65.164],[18.7,65.44],[17.472,65.756],[16.88,66.004],[16.496,66.076],[15.476,66.356]]]},"properties":{"id":"SE-AC"}},
{"type":"Feature","geometry":{"type":"Polygon","coordinates":[[[14.332,65.112],[13.644,64.584],[14.116,64.44],[14.16,64.204],[13.94,64.008],[13.236,64.092],[12.68,63.956],[12.172,63.6],[12.06,63.204],[12.092,62.588],[12.28,62.344],[12.316,62.272],[12.796,62.208],[13.384,62.004],[13.328,61.904],[13.608,61.66],[14.48,61.592],[14.6,61.812],[15.124,61.852],[15.124,62],[15.456,62.16],[15.36,62.28],[15.068,62.296],[14.824,62.584],[16.312,62.724],[16.66,62.924],[16.968,62.992],[16.02,63.46],[15.936,63.664],[16.592,63.736],[16.744,64.016],[16.264,64.256],[15.64,64.472],[14.708,65],[14.332,65.116],[14.332,65.112]]]},"properties":{"id":"SE-Z"}},
{"type":"Feature","geometry":{"type":"Polygon","coordinates":[[[12.2,65],[12.176,65.012],[12.044,65.06],[11.776,64.976],[11.404,64.664],[10.624,64.404],[10.964,64.292],[10.784,63.956],[10.196,63.544],[10.912,63.732],[11.096,63.888],[11.464,63.8],[10.756,63.624],[10.876,63.444],[10.964,63.348],[11.46,63.336],[11.644,63.196],[12.06,63.204],[12.172,63.6],[12.68,63.956],[13.236,64.092],[13.94,64.008],[14.16,64.204],[14.116,64.44],[13.644,64.584],[14.332,65.112],[13.16,65.12],[12.896,64.98],[12.2,65]]]},"properties":{"id":"NO-17"}},
{"type":"Feature","geometry":{"type":"MultiPolygon","coordinates":[[[[12.06,63.204],[11.644,63.196],[11.46,63.336],[10.964,63.348],[10.876,63.444],[9.96,63.428],[9.7,63.644],[9.168,63.404],[8.788,63.428],[8.868,63.212],[8.848,63.204],[9.468,63.192],[9.416,62.832],[8.948,62.744],[9.232,62.572],[9.092,62.38],[9.784,62.284],[10.104,62.444],[10.284,62.708],[11.168,62.668],[11.54,62.408],[12.28,62.344],[12.092,62.588],[12.06,63.204]]],[[[10.624,64.404],[10.012,64.12],[9.992,63.928],[9.544,63.776],[9.92,63.516],[10.196,63.544],[10.784,63.956],[10.964,64.292],[10.624,64.404]]],[[[9.14,63.568],[8.964,63.656],[8.544,63.604],[8.504,63.436],[9.14,63.568]]]]},"properties":{"id":"NO-16"}},
{"type":"Feature","geometry":{"type":"Polygon","coordinates":[[[12.28,62.344],[11.54,62.408],[11.168,62.668],[10.284,62.708],[10.104,62.444],[9.784,62.284],[10.084,61.904],[10.06,61.756],[10.624,61.708],[10.852,61.28],[10.46,61.036],[10.728,60.804],[11.164,60.624],[11.84,60.06],[11.876,59.884],[12.144,59.9],[12.512,60.116],[12.596,60.516],[12.376,60.756],[12.28,61.016],[12.712,61.056],[12.876,61.372],[12.16,61.724],[12.316,62.272],[12.28,62.344]]]},"properties":{"id":"NO-04"}},
{"type":"Feature","geometry":{"type":"Polygon","coordinates":[[[12.316,62.272],[12.16,61.724],[12.876,61.372],[12.712,61.056],[13.1,60.816],[13.528,60.448],[13.844,60.26],[14.156,60.228],[14.452,60.036],[14.768,60.1],[15.24,60.016],[15.456,59.884],[15.976,60.188],[16.32,60.076],[16.716,60.216],[16.204,60.58],[16.404,60.796],[16.156,61],[15.8,61.064],[15.636,61.248],[15.184,61.544],[14.712,61.492],[14.48,61.592],[13.608,61.66],[13.328,61.904],[13.384,62.004],[12.796,62.208],[12.316,62.272]]]},"properties":{"id":"SE-W"}},
{"type":"Feature","geometry":{"type":"Polygon","coordinates":[[[11.876,59.884],[11.884,59.804],[11.676,59.56],[11.812,59.248],[12.756,59.136],[12.928,58.816],[13.288,58.744],[13.616,59.056],[14.312,59.016],[14.328,59.3],[14.468,59.5],[14.452,60.036],[14.156,60.228],[13.844,60.26],[13.528,60.448],[13.1,60.816],[12.712,61.056],[12.28,61.016],[12.376,60.756],[12.596,60.516],[12.512,60.116],[12.144,59.9],[11.876,59.884]]]},"properties":{"id":"SE-S"}},
{"type":"Feature","geometry":{"type":"Polygon","coordinates":[[[11.164,60.624],[10.864,60.492],[10.92,60.372],[10.68,60.152],[10.928,59.992],[10.756,59.844],[10.56,59.728],[10.688,59.484],[10.98,59.72],[11.356,59.764],[11.524,59.624],[11.884,59.804],[11.876,59.884],[11.84,60.06],[11.164,60.624]]]},"properties":{"id":"NO-02"}},
{"type":"Feature","geometry":{"type":"Polygon","coordinates":[[[11.884,59.804],[11.524,59.624],[11.356,59.764],[10.98,59.72],[10.688,59.484],[10.852,59.18],[11.372,59.1],[11.436,58.992],[11.664,58.92],[11.812,59.248],[11.676,59.56],[11.884,59.804]]]},"properties":{"id":"NO-01"}},
{"type":"Feature","geometry":{"type":"Polygon","coordinates":[[[11.812,59.248],[11.664,58.92],[11.436,58.992],[11.232,58.8],[11.224,58.372],[11.876,58.2],[11.692,57.88],[11.912,57.584],[12.3,57.616],[12.416,57.436],[12.944,57.276],[13.116,57.156],[13.684,57.564],[13.752,57.852],[14.212,57.916],[14.428,58.224],[14.812,58.644],[14.52,58.728],[14.312,59.016],[13.616,59.056],[13.288,58.744],[12.928,58.816],[12.756,59.136],[11.812,59.248]]]},"properties":{"id":"SE-O"}},
{"type":"Feature","geometry":{"type":"Polygon","coordinates":[[[20.624,69.036],[20.936,68.968],[21.464,68.688],[22.072,68.476],[22.608,68.424],[23.052,68.3],[23.5,67.884],[23.552,67.588],[23.764,67.42],[23.58,67.152],[24,66.812],[23.88,66.564],[23.644,66.436],[23.724,66.208],[24.02,66.048],[24.164,65.824],[24.52,65.796],[24.672,65.644],[25.092,65.592],[25.352,65.484],[25.284,65.192],[25.444,64.968],[24.772,64.864],[24.344,64.532],[23.708,64.168],[23.604,64.028],[22.992,63.788],[22.828,63.648],[22.496,63.624],[22.372,63.32],[21.904,63.176],[21.616,63.204],[21.384,62.876],[21.112,62.78],[21.116,62.496],[21.34,62.356],[21.316,61.94],[21.624,61.544],[21.408,61.048],[21.324,60.836],[21.468,60.608],[21.772,60.604],[22.064,60.436],[22.628,60.376],[23.02,60.108],[23.236,59.9],[24.296,60.072],[25.736,60.248],[26.096,60.424],[26.484,60.444],[26.552,60.592],[26.688,60.42],[27.056,60.548],[27.456,60.464],[27.808,60.552],[28.004,60.664],[28.796,61.096],[29.276,61.304],[30.144,61.852],[30.636,62.184],[31.224,62.492],[31.568,62.904],[31.224,63.196],[30.488,63.464],[30,63.748],[30.508,63.992],[30.56,64.22],[30.092,64.36],[29.588,64.992],[29.82,65.092],[29.732,65.496],[29.704,65.628],[30.112,65.712],[29.9,66.108],[29.548,66.432],[29.364,66.628],[29.088,66.836],[29.1,66.992],[29.916,67.508],[30.008,67.684],[29.652,67.824],[29.3,68.08],[28.664,68.204],[28.448,68.516],[28.956,69.028],[28.864,69.216],[29.344,69.464],[29.132,69.676],[28.404,69.804],[27.868,70.076],[27.312,69.928],[26.5,69.92],[26.032,69.696],[25.736,69.192],[25.652,68.884],[25.2,68.812],[25.116,68.636],[24.664,68.668],[23.928,68.816],[23.196,68.62],[22.596,68.724],[21.948,69.064],[21.664,69.264],[21.312,69.292],[20.624,69.036]]]},"properties":{"id":"FI"}},
{"type":"Feature","geometry":{"type":"MultiPolygon","coordinates":[[[[21.948,69.064],[22.596,68.724],[23.196,68.62],[23.928,68.816],[24.664,68.668],[25.116,68.636],[25.2,68.812],[25.652,68.884],[25.736,69.192],[26.032,69.696],[26.5,69.92],[27.312,69.928],[27.868,70.076],[28.404,69.804],[29.132,69.676],[29.344,69.464],[28.864,69.216],[28.956,69.028],[29.336,69.276],[29.9,69.36],[30.512,69.536],[30.852,69.528],[30.84,69.804],[29.684,69.968],[31.064,70.368],[30.208,70.68],[29.38,70.768],[28.548,70.98],[27.568,71.096],[26.976,70.528],[26.512,70.432],[26.744,70.824],[26.612,70.948],[25.44,70.344],[25.244,70.528],[25.824,70.828],[25.34,70.952],[24.86,70.928],[24.264,70.608],[23.512,70.364],[23.356,70.116],[21.988,70.324],[21.232,70.224],[22.112,70.16],[22.564,69.908],[22.764,69.512],[22.352,69.476],[22.592,69.232],[22.44,69.088],[21.948,69.064]]],[[[23.656,70.504],[22.896,70.452],[23.216,70.284],[23.656,70.504]]],[[[26.136,71.036],[25.552,71.14],[25.532,70.932],[26.136,71.036]]]]},"properties":{"id":"NO-20"}},
{"type":"Feature","geometry":{"type":"Polygon","coordinates":[[[107.52,14.704],[107.504,14.54],[107.388,14.42],[107.32,14.12],[107.444,13.92],[107.444,13.784],[107.596,13.536],[107.576,13.292],[107.56,13.264],[107.46,13.02],[107.54,12.716],[107.556,12.472],[107.416,12.256],[107.228,12.312],[106.976,12.096],[106.792,12.068],[106.7,11.972],[106.396,11.964],[106.436,11.68],[106.016,11.772],[105.82,11.64],[105.792,11.584],[105.844,11.304],[106.172,10.972],[106.156,10.784],[105.86,10.84],[105.752,11.016],[105.616,10.972],[105.524,10.952],[105.328,10.848],[105.208,10.892],[105.04,10.924],[105.068,10.748],[104.856,10.532],[104.724,10.52],[104.7,10.524],[104.452,10.42],[104.588,10.26],[104.804,10.208],[105.088,9.996],[104.892,9.852],[104.836,9.536],[104.776,8.816],[104.856,8.564],[105.1,8.636],[105.332,8.84],[105.428,9.008],[105.54,9.128],[105.868,9.256],[106.192,9.368],[106.196,9.54],[105.904,9.916],[105.84,10.004],[105.996,9.888],[106.4,9.544],[106.576,9.74],[106.248,10.076],[106.12,10.24],[106.612,9.816],[106.72,10.2],[106.424,10.316],[106.616,10.436],[106.744,10.552],[106.984,10.568],[106.996,10.624],[107.004,10.624],[107.024,10.636],[107.02,10.512],[107.024,10.5],[107.328,10.444],[107.588,10.572],[107.884,10.716],[108,10.7],[108.108,10.92],[108.344,10.952],[108.576,11.18],[108.728,11.18],[108.904,11.324],[109.136,11.572],[109.204,11.788],[109.204,12.648],[109.384,12.832],[109.464,12.912],[109.308,13.132],[109.236,13.7],[109.304,13.76],[109.076,14.672],[108.944,14.98],[108.924,15.256],[108.76,15.396],[108.284,15.992],[108.2,16.212],[108.052,16.236],[107.412,16.752],[107.216,16.908],[107.008,17.164],[106.636,17.472],[106.472,17.748],[106.52,17.956],[106.404,18.108],[106.1,18.292],[105.752,18.664],[105.648,18.892],[105.644,19.064],[105.808,19.276],[105.812,19.6],[106.036,19.996],[106.116,20.032],[106.16,19.984],[106.504,20.3],[106.572,20.368],[106.592,20.648],[106.788,20.732],[106.756,20.94],[106.652,21.02],[106.868,20.884],[107.332,21.004],[107.392,21.28],[107.6,21.3],[107.88,21.536],[107.992,21.484],[107.744,21.656],[107.332,21.612],[107.02,21.892],[106.724,22.008],[106.664,22.224],[106.532,22.404],[106.568,22.576],[106.736,22.696],[106.668,22.868],[106.488,22.924],[106.316,22.852],[106,22.976],[105.852,22.904],[105.536,23.1],[105.52,23.164],[105.332,23.316],[105.06,23.232],[104.796,23.084],[104.728,22.84],[104.552,22.836],[104.36,22.692],[104.212,22.824],[103.868,22.576],[103.648,22.8],[103.548,22.648],[103.308,22.788],[103.144,22.536],[102.988,22.436],[102.844,22.584],[102.444,22.764],[102.324,22.564],[102.12,22.396],[102.228,22.228],[102.592,21.9],[102.652,21.656],[102.948,21.736],[102.896,21.496],[102.924,21.14],[103.148,20.848],[103.224,20.828],[103.388,20.796],[103.664,20.66],[103.776,20.836],[104.056,20.96],[104.296,20.88],[104.616,20.644],[104.544,20.536],[104.68,20.34],[104.956,20.092],[104.944,19.992],[104.804,19.792],[104.504,19.604],[104.2,19.7],[104.016,19.6],[104.088,19.484],[103.856,19.316],[104.26,19.104],[104.72,18.792],[105.112,18.7],[105.168,18.62],[105.08,18.456],[105.256,18.248],[105.476,18.128],[105.604,17.968],[105.736,17.664],[106.184,17.256],[106.404,17.016],[106.532,16.952],[106.536,16.684],[106.752,16.428],[107.068,16.292],[107.136,16.184],[107.432,16.056],[107.392,15.936],[107.16,15.76],[107.368,15.496],[107.576,15.404],[107.656,15.204],[107.504,15.044],[107.52,14.704]]]},"properties":{"id":"VN"}},
{"type":"Feature","geometry":{"type":"Polygon","coordinates":[[[107.52,14.704],[107.416,14.544],[107.212,14.492],[106.948,14.324],[106.792,14.324],[106.624,14.456],[106.34,14.448],[105.968,14.332],[106.144,14.072],[106.048,13.916],[105.896,13.924],[105.744,14.088],[105.532,14.164],[105.348,14.108],[105.184,14.344],[105.048,14.216],[104.916,14.392],[104.772,14.44],[104.46,14.356],[104.248,14.4],[104.044,14.356],[103.872,14.344],[103.552,14.42],[103.244,14.34],[103.016,14.24],[102.912,14.164],[102.7,13.76],[102.512,13.568],[102.328,13.484],[102.328,13.272],[102.492,12.996],[102.496,12.748],[102.496,12.656],[102.764,12.424],[102.692,12.18],[102.764,12.044],[102.912,11.764],[102.912,11.644],[103.116,11.46],[103.096,10.932],[103.404,10.884],[103.476,11.132],[103.66,11.028],[103.688,10.744],[103.508,10.636],[103.624,10.5],[103.916,10.616],[104.268,10.552],[104.424,10.452],[104.452,10.42],[104.7,10.524],[104.724,10.52],[104.856,10.532],[105.068,10.748],[105.04,10.924],[105.208,10.892],[105.328,10.848],[105.524,10.952],[105.616,10.972],[105.752,11.016],[105.86,10.84],[106.156,10.784],[106.172,10.972],[105.844,11.304],[105.792,11.584],[105.82,11.64],[106.016,11.772],[106.436,11.68],[106.396,11.964],[106.7,11.972],[106.792,12.068],[106.976,12.096],[107.228,12.312],[107.416,12.256],[107.556,12.472],[107.54,12.716],[107.46,13.02],[107.56,13.264],[107.576,13.292],[107.596,13.536],[107.444,13.784],[107.444,13.92],[107.32,14.12],[107.388,14.42],[107.504,14.54],[107.52,14.704]]]},"properties":{"id":"KH"}},
{"type":"Feature","geometry":{"type":"Polygon","coordinates":[[[6.116,50.12],[6.296,49.848],[6.5,49.796],[6.348,49.524],[6.936,49.628],[7.268,49.58],[7.384,49.368],[7.372,49.168],[7.644,49.036],[8.2,48.96],[8.48,49.296],[8.416,49.58],[8.336,49.96],[8.172,50.044],[7.92,49.972],[7.772,50.052],[8.124,50.276],[8,50.508],[8.136,50.684],[7.772,50.856],[7.372,50.644],[6.94,50.556],[6.372,50.324],[6.116,50.12]]]},"properties":{"id":"DE-RP"}},
{"type":"Feature","geometry":{"type":"Polygon","coordinates":[[[6.116,50.12],[6.024,50.152],[5.716,49.88],[5.856,49.704],[5.792,49.536],[5.928,49.484],[6.252,49.488],[6.344,49.456],[6.348,49.524],[6.5,49.796],[6.296,49.848],[6.116,50.12]]]},"properties":{"id":"LU"}},
{"type":"Feature","geometry":{"type":"Polygon","coordinates":[[[6.348,49.524],[6.344,49.456],[6.496,49.436],[6.724,49.156],[6.844,49.212],[7.268,49.104],[7.372,49.168],[7.384,49.368],[7.268,49.58],[6.936,49.628],[6.348,49.524]]]},"properties":{"id":"DE-SL"}},
{"type":"Feature","geometry":{"type":"Polygon","coordinates":[[[2.52,51.088],[2.064,51.016],[1.58,50.868],[1.596,50.372],[1.372,50.064],[1.756,49.764],[1.716,49.412],[1.7,49.232],[2.08,49.212],[2.584,49.084],[3.08,49.108],[3.476,48.852],[3.664,49.008],[3.652,49.304],[4.056,49.408],[4.048,49.624],[4.232,49.728],[4.216,49.956],[4.132,49.976],[4.212,50.06],[4.024,50.34],[3.756,50.348],[3.464,50.52],[3.272,50.528],[3.164,50.748],[3.024,50.768],[2.868,50.7],[2.62,50.816],[2.52,51.088]]]},"properties":{"id":"FR-HDF"}},
{"type":"Feature","geometry":{"type":"Polygon","coordinates":[[[3.164,50.748],[3.456,50.768],[3.4,51.244],[3.348,51.376],[3.124,51.328],[2.52,51.088],[2.62,50.816],[2.868,50.7],[3.024,50.768],[3.164,50.748]]]},"properties":{"id":"BE-VWV"}},
{"type":"Feature","geometry":{"type":"Polygon","coordinates":[[[4.216,49.956],[4.428,49.932],[4.34,50.228],[4.588,50.324],[4.576,50.544],[4.304,50.568],[4.1,50.708],[3.896,50.736],[3.456,50.768],[3.164,50.748],[3.272,50.528],[3.464,50.52],[3.756,50.348],[4.024,50.34],[4.212,50.06],[4.132,49.976],[4.216,49.956]]]},"properties":{"id":"BE-WHT"}},
{"type":"Feature","geometry":{"type":"Polygon","coordinates":[[[7.372,49.168],[7.268,49.104],[6.844,49.212],[6.724,49.156],[6.496,49.436],[6.344,49.456],[6.252,49.488],[5.928,49.484],[5.792,49.536],[5.476,49.496],[5.392,49.608],[4.968,49.796],[4.788,49.976],[4.428,49.932],[4.216,49.956],[4.232,49.728],[4.048,49.624],[4.056,49.408],[3.652,49.304],[3.664,49.008],[3.476,48.852],[3.536,48.612],[3.396,48.412],[3.9,47.988],[4.288,47.924],[4.7,48.024],[4.988,47.812],[4.972,47.692],[5.376,47.608],[5.7,47.692],[5.892,47.932],[6.612,47.94],[6.836,47.824],[6.868,47.82],[7.052,47.716],[7.144,47.488],[7.336,47.432],[7.388,47.432],[7.42,47.452],[7.444,47.488],[7.484,47.5],[7.52,47.564],[7.588,47.584],[7.524,47.784],[7.58,48.12],[7.752,48.356],[7.812,48.616],[8.2,48.96],[7.644,49.036],[7.372,49.168]]]},"properties":{"id":"FR-GES"}},
{"type":"Feature","geometry":{"type":"Polygon","coordinates":[[[4.428,49.932],[4.788,49.976],[4.968,49.796],[5.28,50.16],[5.392,50.38],[4.984,50.644],[4.576,50.544],[4.588,50.324],[4.34,50.228],[4.428,49.932]]]},"properties":{"id":"BE-WNA"}},
{"type":"Feature","geometry":{"type":"Polygon","coordinates":[[[6.024,50.152],[6.012,50.312],[5.392,50.38],[5.28,50.16],[4.968,49.796],[5.392,49.608],[5.476,49.496],[5.792,49.536],[5.856,49.704],[5.716,49.88],[6.024,50.152]]]},"properties":{"id":"BE-WLX"}},
{"type":"Feature","geometry":{"type":"Polygon","coordinates":[[[6.372,50.324],[6.232,50.588],[5.996,50.748],[5.892,50.752],[5.732,50.76],[5.656,50.808],[5.432,50.72],[5.1,50.708],[5.02,50.752],[4.984,50.644],[5.392,50.38],[6.012,50.312],[6.024,50.152],[6.116,50.12],[6.372,50.324]]]},"properties":{"id":"BE-WLG"}},
{"type":"Feature","geometry":{"type":"Polygon","coordinates":[[[39.984,43.388],[40.232,43.576],[40.688,43.524],[40.78,43.928],[40.984,44.116],[41.448,43.992],[41.712,44.244],[41.728,44.46],[41.568,44.548],[41.54,44.736],[41.652,44.896],[41.468,44.988],[41.36,45.212],[41.04,45.22],[41.008,45.384],[40.84,45.54],[40.872,45.696],[41.276,45.756],[41.164,45.952],[40.952,46.196],[40.736,46.276],[40.34,46.28],[40.216,46.524],[40.06,46.544],[40.024,46.764],[39.444,46.808],[39.1,46.6],[38.884,46.636],[38.884,46.808],[38.672,46.864],[38.376,46.728],[37.852,46.624],[37.828,46.476],[38.124,46.376],[38.3,46.22],[37.94,46.02],[37.828,45.752],[37.596,45.636],[37.736,45.376],[37.16,45.328],[36.78,45.388],[36.84,45.108],[37.192,44.992],[37.48,44.676],[37.924,44.612],[38.176,44.404],[38.596,44.332],[38.98,44.148],[39.72,43.568],[39.984,43.388]],[[39.752,45.128],[40.176,45.108],[40.528,44.916],[40.392,44.724],[40.456,43.98],[40.28,43.752],[39.932,43.9],[39.728,43.916],[39.792,44.356],[40.02,44.724],[39.884,45.008],[39.488,44.968],[39.552,44.808],[39.064,44.812],[38.76,44.94],[39.324,45],[39.64,45.192],[39.752,45.128]]]},"properties":{"id":"RU-KDA"}},
{"type":"Feature","geometry":{"type":"Polygon","coordinates":[[[39.984,43.388],[40.22,43.32],[40.336,43.14],[40.856,43.064],[41.024,42.988],[41.152,42.796],[41.384,42.756],[41.552,42.408],[41.716,42.06],[41.772,41.904],[41.676,41.664],[41.52,41.516],[41.8,41.424],[41.948,41.504],[42.452,41.432],[42.588,41.58],[42.956,41.436],[43.232,41.172],[43.44,41.108],[43.976,41.164],[43.98,41.164],[44.192,41.232],[44.552,41.176],[44.852,41.224],[45.004,41.292],[45.096,41.348],[45.332,41.444],[45.72,41.344],[45.772,41.232],[46.088,41.184],[46.228,41.196],[46.496,41.044],[46.616,41.108],[46.628,41.348],[46.28,41.572],[46.432,41.892],[46.224,41.992],[45.948,42.024],[45.62,42.224],[45.74,42.472],[45.3,42.56],[45.076,42.692],[44.64,42.74],[44.272,42.704],[44.184,42.628],[43.908,42.568],[43.8,42.748],[43.388,42.888],[43.176,42.936],[43,43.1],[42.596,43.14],[42.364,43.236],[42.156,43.216],[42.012,43.18],[41.552,43.228],[41.38,43.336],[41.012,43.376],[40.688,43.524],[40.232,43.576],[39.984,43.388]]]},"properties":{"id":"GE"}},
{"type":"Feature","geometry":{"type":"Polygon","coordinates":[[[40.688,43.524],[41.012,43.376],[41.38,43.336],[41.552,43.228],[42.012,43.18],[42.156,43.216],[42.364,43.236],[42.46,43.616],[42.684,43.808],[42.66,43.916],[42.304,44.128],[42.556,44.244],[41.728,44.46],[41.712,44.244],[41.448,43.992],[40.984,44.116],[40.78,43.928],[40.688,43.524]]]},"properties":{"id":"RU-KC"}},
{"type":"Feature","geometry":{"type":"Polygon","coordinates":[[[42.364,43.236],[42.596,43.14],[43,43.1],[43.176,42.936],[43.388,42.888],[43.568,42.94],[43.9,43.252],[44.084,43.276],[44.38,43.492],[44.284,43.82],[44.26,43.924],[43.908,43.996],[43.728,43.84],[43.268,43.908],[42.684,43.808],[42.46,43.616],[42.364,43.236]]]},"properties":{"id":"RU-KB"}},
{"type":"Feature","geometry":{"type":"Polygon","coordinates":[[[43.388,42.888],[43.8,42.748],[43.908,42.568],[44.184,42.628],[44.272,42.704],[44.64,42.74],[44.852,42.836],[44.916,43.072],[44.576,43.24],[44.52,43.564],[44.84,43.584],[44.84,43.66],[44.692,43.828],[44.284,43.82],[44.38,43.492],[44.084,43.276],[43.9,43.252],[43.568,42.94],[43.388,42.888]]]},"properties":{"id":"RU-SE"}},
{"type":"Feature","geometry":{"type":"Polygon","coordinates":[[[44.64,42.74],[45.076,42.692],[45.172,42.792],[45.048,43.496],[44.84,43.584],[44.52,43.564],[44.576,43.24],[44.916,43.072],[44.852,42.836],[44.64,42.74]]]},"properties":{"id":"RU-IN"}},
{"type":"Feature","geometry":{"type":"Polygon","coordinates":[[[44.84,43.584],[45.048,43.496],[45.172,42.792],[45.076,42.692],[45.3,42.56],[45.74,42.472],[46.096,42.716],[46.124,42.844],[46.532,42.96],[46.404,43.112],[46.336,43.46],[46.584,43.772],[46.348,43.996],[46.044,43.932],[45.508,44.016],[44.84,43.66],[44.84,43.584]]]},"properties":{"id":"RU-CE"}},
{"type":"Feature","geometry":{"type":"Polygon","coordinates":[[[45.74,42.472],[45.62,42.224],[45.948,42.024],[46.224,41.992],[46.432,41.892],[46.708,41.836],[47.028,41.556],[47.18,41.492],[47.368,41.26],[47.696,41.208],[47.812,41.196],[48.052,41.46],[48.372,41.58],[48.464,41.72],[48.58,41.844],[48.416,41.916],[48.304,42.104],[47.868,42.584],[47.716,42.696],[47.7,42.868],[47.46,43.02],[47.492,43.464],[47.38,43.56],[47.504,43.78],[47.244,44.212],[47.044,44.348],[46.7,44.448],[46.724,44.656],[46.888,44.752],[46.432,44.936],[45.852,45],[45.704,44.976],[45.612,44.768],[45.436,44.616],[45.404,44.316],[45.508,44.016],[46.044,43.932],[46.348,43.996],[46.584,43.772],[46.336,43.46],[46.404,43.112],[46.532,42.96],[46.124,42.844],[46.096,42.716],[45.74,42.472]]]},"properties":{"id":"RU-DA"}},
{"type":"Feature","geometry":{"type":"Polygon","coordinates":[[[20.652,41.076],[20.664,41.06],[20.836,40.924],[20.964,40.848],[21.244,40.864],[21.504,40.9],[21.756,40.924],[21.896,41.064],[21.924,41.108],[22.212,41.16],[22.588,41.124],[22.656,41.176],[22.744,41.288],[22.764,41.324],[22.796,41.336],[22.916,41.336],[22.944,41.524],[22.984,41.676],[22.884,41.872],[22.844,42.008],[22.628,42.08],[22.508,42.148],[22.344,42.312],[22.14,42.32],[22.044,42.304],[21.72,42.26],[21.676,42.236],[21.564,42.248],[21.48,42.248],[21.472,42.24],[21.36,42.22],[21.3,42.1],[21.244,42.096],[21.228,42.104],[21.1,42.196],[21.04,42.16],[20.976,42.136],[20.904,42.116],[20.784,42.084],[20.752,41.94],[20.752,41.912],[20.716,41.86],[20.568,41.872],[20.54,41.844],[20.552,41.8],[20.536,41.588],[20.48,41.468],[20.54,41.404],[20.48,41.32],[20.496,41.252],[20.512,41.212],[20.596,41.088],[20.652,41.076]]]},"properties":{"id":"MK"}},
{"type":"Feature","geometry":{"type":"Polygon","coordinates":[[[20.568,41.872],[20.552,42.072],[20.472,42.236],[20.248,42.32],[20.152,42.492],[20.064,42.548],[19.828,42.468],[19.748,42.588],[19.66,42.636],[19.284,42.2],[19.368,42.108],[19.364,41.852],[19.528,41.836],[19.556,41.584],[19.416,41.384],[19.516,41.26],[19.448,41.008],[19.304,40.652],[19.48,40.452],[19.476,40.212],[19.856,40.048],[20.016,39.844],[20,39.692],[20.2,39.64],[20.3,39.804],[20.432,40.064],[20.616,40.08],[20.74,40.308],[21.036,40.64],[20.964,40.848],[20.836,40.924],[20.664,41.06],[20.652,41.076],[20.596,41.088],[20.512,41.212],[20.496,41.252],[20.48,41.32],[20.54,41.404],[20.48,41.468],[20.536,41.588],[20.552,41.8],[20.54,41.844],[20.568,41.872]]]},"properties":{"id":"AL"}},
{"type":"Feature","geometry":{"type":"MultiPolygon","coordinates":[[[[45.004,41.292],[45.38,41.012],[45.444,40.948],[45.48,40.748],[45.372,40.652],[45.528,40.44],[45.82,40.296],[45.888,40.26],[45.872,40.008],[45.576,39.984],[45.808,39.852],[45.884,39.796],[46.48,39.46],[46.376,39.38],[46.6,39.224],[46.48,39.116],[46.516,38.884],[46.868,39.164],[47.012,39.188],[47.26,39.368],[47.624,39.572],[47.788,39.656],[47.956,39.708],[48.328,39.376],[48.124,39.296],[48.3,39.016],[48.06,38.948],[48.012,38.82],[48.224,38.712],[48.536,38.468],[48.612,38.396],[48.876,38.436],[48.868,38.604],[48.864,38.748],[48.848,38.788],[48.896,38.892],[48.92,38.928],[48.968,39.184],[49.236,39.156],[49.408,39.388],[49.284,39.508],[49.36,39.668],[49.576,40.216],[49.892,40.368],[50.228,40.344],[50.052,40.584],[49.708,40.584],[49.532,40.664],[49.372,40.884],[49.172,41.14],[49.08,41.356],[48.58,41.844],[48.464,41.72],[48.372,41.58],[48.052,41.46],[47.812,41.196],[47.696,41.208],[47.368,41.26],[47.18,41.492],[47.028,41.556],[46.708,41.836],[46.432,41.892],[46.28,41.572],[46.628,41.348],[46.616,41.108],[46.496,41.044],[46.228,41.196],[46.088,41.184],[45.772,41.232],[45.72,41.344],[45.332,41.444],[45.096,41.348],[45.004,41.292]]],[[[45.424,39.492],[45.268,39.592],[45.168,39.564],[45.076,39.748],[44.952,39.736],[44.776,39.704],[44.808,39.64],[44.824,39.632],[45.052,39.388],[45.116,39.308],[45.496,38.98],[45.536,38.968],[45.768,38.94],[46.136,38.864],[45.9,39.296],[45.764,39.36],[45.708,39.568],[45.424,39.492]]]]},"properties":{"id":"AZ"}},
{"type":"Feature","geometry":{"type":"Polygon","coordinates":[[[21.564,42.248],[21.62,42.448],[21.744,42.68],[21.48,42.732],[21.388,42.756],[21.408,42.84],[20.992,43.104],[20.912,43.14],[20.808,43.26],[20.596,43.184],[20.644,43.052],[20.616,43.024],[20.496,42.888],[20.344,42.828],[20.32,42.824],[20.056,42.764],[20.036,42.708],[20.104,42.652],[20.064,42.548],[20.152,42.492],[20.248,42.32],[20.472,42.236],[20.552,42.072],[20.568,41.872],[20.716,41.86],[20.752,41.912],[20.752,41.94],[20.784,42.084],[20.904,42.116],[20.976,42.136],[21.04,42.16],[21.1,42.196],[21.228,42.104],[21.244,42.096],[21.3,42.1],[21.36,42.22],[21.472,42.24],[21.48,42.248],[21.564,42.248]]]},"properties":{"id":"XK"}},
{"type":"Feature","geometry":{"type":"Polygon","coordinates":[[[43.44,41.108],[43.232,41.172],[42.956,41.436],[42.588,41.58],[42.452,41.432],[42.54,41.192],[42.28,40.924],[42.536,40.6],[42.772,40.624],[42.828,40.892],[43.44,41.108]]]},"properties":{"id":"TR-75"}},
{"type":"Feature","geometry":{"type":"Polygon","coordinates":[[[42.452,41.432],[41.948,41.504],[41.8,41.424],[41.52,41.516],[41.2,41.3],[41.384,41.076],[41.128,40.812],[41.364,40.756],[41.4,40.556],[41.656,40.64],[41.82,40.588],[42.024,40.912],[42.28,40.924],[42.54,41.192],[42.452,41.432]]]},"properties":{"id":"TR-08"}},
{"type":"Feature","geometry":{"type":"Polygon","coordinates":[[[-5.34,35.848],[-5.292,35.892],[-5.4,35.924],[-5.34,35.848]]]},"properties":{"id":"ES-CE"}},
{"type":"Feature","geometry":{"type":"Polygon","coordinates":[[[102.12,22.396],[101.656,22.448],[101.52,22.228],[101.608,21.968],[101.752,21.808],[101.724,21.304],[101.82,21.22],[101.768,21.16],[101.496,21.244],[101.208,21.244],[101.16,21.552],[101.004,21.404],[100.724,21.312],[100.608,20.84],[100.384,20.832],[100.212,20.696],[100.1,20.316],[100.364,20.368],[100.544,20.068],[100.408,19.796],[100.392,19.724],[100.576,19.508],[100.744,19.484],[100.876,19.612],[101.124,19.564],[101.192,19.452],[101.228,19.144],[101.316,19.052],[101.232,18.892],[101.24,18.672],[101.076,18.372],[101.164,18.052],[101.008,17.896],[100.956,17.708],[100.936,17.556],[101.132,17.46],[101.544,17.812],[101.904,18.036],[102.056,18.192],[102.108,18.212],[102.596,17.852],[102.94,18.008],[103.088,18.14],[103.296,18.296],[103.396,18.44],[103.832,18.32],[104,18.32],[104.204,18.02],[104.28,17.86],[104.48,17.64],[104.716,17.516],[104.816,17.372],[104.748,16.944],[104.756,16.82],[104.756,16.528],[104.988,16.292],[105.108,16.096],[105.424,16.004],[105.448,15.764],[105.652,15.636],[105.592,15.428],[105.444,15.132],[105.584,14.976],[105.488,14.788],[105.512,14.592],[105.416,14.428],[105.184,14.344],[105.348,14.108],[105.532,14.164],[105.744,14.088],[105.896,13.924],[106.048,13.916],[106.144,14.072],[105.968,14.332],[106.34,14.448],[106.624,14.456],[106.792,14.324],[106.948,14.324],[107.212,14.492],[107.416,14.544],[107.52,14.704],[107.504,15.044],[107.656,15.204],[107.576,15.404],[107.368,15.496],[107.16,15.76],[107.392,15.936],[107.432,16.056],[107.136,16.184],[107.068,16.292],[106.752,16.428],[106.536,16.684],[106.532,16.952],[106.404,17.016],[106.184,17.256],[105.736,17.664],[105.604,17.968],[105.476,18.128],[105.256,18.248],[105.08,18.456],[105.168,18.62],[105.112,18.7],[104.72,18.792],[104.26,19.104],[103.856,19.316],[104.088,19.484],[104.016,19.6],[104.2,19.7],[104.504,19.604],[104.804,19.792],[104.944,19.992],[104.956,20.092],[104.68,20.34],[104.544,20.536],[104.616,20.644],[104.296,20.88],[104.056,20.96],[103.776,20.836],[103.664,20.66],[103.388,20.796],[103.224,20.828],[103.148,20.848],[102.924,21.14],[102.896,21.496],[102.948,21.736],[102.652,21.656],[102.592,21.9],[102.228,22.228],[102.12,22.396]]]},"properties":{"id":"LA"}},
{"type":"Feature","geometry":{"type":"Polygon","coordinates":[[[98.116,28.144],[98.108,27.972],[98.296,27.536],[98.4,27.676],[98.68,27.576],[98.672,27.176],[98.748,26.772],[98.704,26.176],[98.544,26.104],[98.692,25.88],[98.46,25.796],[98.332,25.568],[98.152,25.612],[98.108,25.388],[97.736,25.092],[97.664,24.828],[97.536,24.744],[97.52,24.432],[97.64,24.44],[97.708,24.124],[97.516,23.944],[97.648,23.868],[97.888,24.024],[98.18,24.12],[98.504,24.12],[98.664,23.968],[98.856,23.604],[98.912,23.296],[99.216,23.056],[99.352,23.12],[99.536,22.948],[99.308,22.72],[99.356,22.496],[99.168,22.204],[99.44,22.124],[99.944,22.044],[99.952,21.72],[100.084,21.684],[100.188,21.428],[100.328,21.524],[100.62,21.468],[100.796,21.628],[101.068,21.764],[101.16,21.552],[101.208,21.244],[101.496,21.244],[101.768,21.16],[101.82,21.22],[101.724,21.304],[101.752,21.808],[101.608,21.968],[101.52,22.228],[101.656,22.448],[102.12,22.396],[102.324,22.564],[102.444,22.764],[102.844,22.584],[102.988,22.436],[103.144,22.536],[103.308,22.788],[103.548,22.648],[103.648,22.8],[103.868,22.576],[104.212,22.824],[104.36,22.692],[104.552,22.836],[104.728,22.84],[104.796,23.084],[105.06,23.232],[105.332,23.316],[105.52,23.164],[105.848,23.52],[106.128,23.54],[106.192,23.868],[105.972,24.088],[105.788,24.02],[105.532,24.128],[105.448,24.036],[105.168,24.168],[105.06,24.432],[104.752,24.468],[104.6,24.404],[104.5,24.58],[104.54,24.74],[104.708,25.016],[104.72,25.212],[104.552,25.484],[104.308,25.664],[104.5,26.032],[104.544,26.272],[104.676,26.38],[104.56,26.584],[104.152,26.652],[104.02,26.516],[103.828,26.548],[103.716,26.8],[103.78,26.956],[103.696,27.152],[103.912,27.392],[104.176,27.272],[104.344,27.44],[104.444,27.348],[104.872,27.308],[105.196,27.4],[105.296,27.72],[105.284,28],[105.056,28.088],[104.896,27.9],[104.604,27.844],[104.376,27.96],[104.444,28.1],[104.268,28.332],[104.252,28.532],[103.836,28.604],[103.88,28.324],[103.572,28.244],[103.436,28.068],[103.508,27.864],[103.12,27.412],[102.888,27.292],[102.9,26.924],[103.056,26.556],[103.004,26.4],[102.72,26.236],[102.568,26.38],[102.252,26.228],[102.112,26.084],[101.92,26.1],[101.58,26.308],[101.544,26.496],[101.412,26.568],[101.504,26.768],[101.14,27.044],[100.66,27.876],[100.532,27.816],[100.204,27.9],[100.06,28.068],[100.144,28.34],[99.828,28.672],[99.628,28.816],[99.504,28.58],[99.392,28.544],[99.38,28.184],[99.164,28.44],[99.116,28.708],[99.108,29.224],[98.872,28.812],[98.588,28.672],[98.64,28.424],[98.488,28.248],[98.3,28.356],[98.116,28.144]]]},"properties":{"id":"CN-YN"}},
{"type":"Feature","geometry":{"type":"Polygon","coordinates":[[[80.212,42.188],[79.916,42.424],[79.476,42.452],[79.032,42.756],[78.496,42.876],[77.212,42.908],[76.956,42.988],[76.404,42.888],[75.808,42.936],[75.648,42.808],[75.18,42.848],[74.712,43],[74.26,43.216],[73.636,43.064],[73.492,42.896],[73.412,42.588],[73.504,42.42],[73.116,42.552],[72.84,42.556],[72.724,42.652],[71.848,42.836],[71.584,42.76],[71.404,42.796],[71.004,42.564],[70.888,42.34],[70.948,42.248],[71.248,42.2],[70.824,41.936],[70.552,41.824],[70.168,41.58],[70.472,41.404],[70.632,41.468],[70.756,41.268],[71.276,41.112],[71.584,41.324],[71.684,41.536],[71.872,41.196],[72.168,41.168],[72.196,41.008],[72.476,41.012],[72.62,40.88],[73.136,40.836],[72.784,40.668],[72.584,40.508],[72.448,40.56],[72.228,40.46],[72.012,40.264],[71.672,40.148],[71.364,40.296],[70.96,40.24],[70.64,40.084],[70.628,39.992],[69.968,40.212],[69.312,39.988],[69.228,39.752],[69.288,39.54],[69.668,39.576],[70.208,39.524],[70.46,39.6],[70.656,39.496],[70.74,39.388],[71.508,39.584],[71.74,39.448],[71.732,39.284],[72.048,39.368],[72.228,39.188],[72.316,39.328],[72.652,39.392],[73.168,39.356],[73.368,39.444],[73.632,39.448],[73.928,39.592],[73.824,39.804],[74.004,40.06],[74.368,40.104],[74.704,40.332],[74.832,40.508],[75.192,40.44],[75.56,40.632],[75.68,40.292],[75.92,40.308],[76.244,40.44],[76.448,40.416],[76.86,41.012],[77.476,40.984],[77.868,41.064],[78.076,41.04],[78.232,41.172],[78.36,41.376],[78.672,41.54],[79.304,41.788],[79.748,41.88],[79.844,42],[80.18,42.02],[80.212,42.188]]]},"properties":{"id":"KG"}},
{"type":"Feature","geometry":{"type":"Polygon","coordinates":[[[45.004,41.292],[44.852,41.224],[44.552,41.176],[44.192,41.232],[43.98,41.164],[43.976,41.164],[43.44,41.108],[43.604,40.964],[43.728,40.676],[43.624,40.412],[43.692,40.24],[43.664,40.112],[44.032,40.008],[44.38,40.008],[44.776,39.704],[44.952,39.736],[45.076,39.748],[45.168,39.564],[45.268,39.592],[45.424,39.492],[45.708,39.568],[45.764,39.36],[45.9,39.296],[46.136,38.864],[46.516,38.884],[46.48,39.116],[46.6,39.224],[46.376,39.38],[46.48,39.46],[45.884,39.796],[45.808,39.852],[45.576,39.984],[45.872,40.008],[45.888,40.26],[45.82,40.296],[45.528,40.44],[45.372,40.652],[45.48,40.748],[45.444,40.948],[45.38,41.012],[45.004,41.292]]]},"properties":{"id":"AM"}},
{"type":"Feature","geometry":{"type":"Polygon","coordinates":[[[74.184,45.956],[69.172,45.936],[69.516,45.388],[69.804,44.664],[69.912,44.172],[69.644,43.532],[69.532,43.412],[69.676,43.264],[70.104,43.156],[70.256,42.984],[70.268,42.76],[70.888,42.34],[71.004,42.564],[71.404,42.796],[71.584,42.76],[71.848,42.836],[72.724,42.652],[72.84,42.556],[73.116,42.552],[73.504,42.42],[73.412,42.588],[73.492,42.896],[73.636,43.064],[74.26,43.216],[74.712,43],[75.18,42.848],[75.648,42.808],[75.808,42.936],[75.364,43.156],[75.296,43.296],[75.428,43.468],[75.016,43.564],[75.272,43.876],[75.328,44.08],[75.148,44.22],[74.76,44.312],[74.612,44.412],[74.54,44.656],[73.9,45.076],[73.848,45.26],[74.096,45.268],[74.032,45.536],[74.056,45.776],[74.184,45.956]]]},"properties":{"id":"KZ-ZHA"}},
{"type":"Feature","geometry":{"type":"Polygon","coordinates":[[[69.172,45.936],[67.276,45.956],[67.436,45.7],[67.292,45.252],[67.592,45.072],[67.608,44.312],[67.864,44.212],[68.204,43.972],[67.836,43.424],[67.924,43.16],[67.436,42.984],[66.736,42.608],[66.496,42.58],[66.184,42.352],[66.012,42.372],[66.016,41.996],[66.504,41.992],[66.688,41.2],[66.756,41.152],[67.936,41.2],[68.132,41.028],[68.068,40.788],[68.268,40.664],[68.46,40.584],[68.628,40.668],[68.548,40.836],[68.648,40.952],[69.04,41.22],[69.044,41.38],[69.624,41.668],[69.872,41.7],[70.136,41.848],[70.316,42.036],[70.612,42.028],[70.736,42.196],[70.948,42.248],[70.888,42.34],[70.268,42.76],[70.256,42.984],[70.104,43.156],[69.676,43.264],[69.532,43.412],[69.644,43.532],[69.912,44.172],[69.804,44.664],[69.516,45.388],[69.172,45.936]]]},"properties":{"id":"KZ-YUZ"}},
{"type":"Feature","geometry":{"type":"Polygon","coordinates":[[[-60.74,5.204],[-60.664,5.172],[-60.612,4.9],[-60.904,4.7],[-61.012,4.52],[-61.296,4.524],[-61.46,4.42],[-61.544,4.264],[-61.72,4.256],[-61.932,4.148],[-62.192,4.096],[-62.384,4.172],[-62.56,4.036],[-62.768,4.02],[-62.748,3.66],[-62.996,3.6],[-63.284,3.92],[-63.424,3.968],[-64.064,3.912],[-64.124,4.088],[-64.364,4.152],[-64.588,4.12],[-64.648,4.208],[-64.664,3.996],[-64.204,3.596],[-64.244,3.42],[-64.224,3.124],[-63.996,2.704],[-64.048,2.472],[-63.832,2.428],[-63.384,2.42],[-63.388,2.236],[-63.004,2.02],[-62.708,1.948],[-62.788,1.604],[-62.624,1.416],[-62.448,0.804],[-62.536,0.732],[-62.488,0.54],[-62.58,0.016],[-62.372,-0.34],[-62.312,-0.64],[-62.42,-0.828],[-62.204,-1.044],[-62.028,-1.144],[-61.88,-1.368],[-61.6,-1.4],[-61.62,-1.276],[-61.532,-0.728],[-61.46,-0.64],[-61.108,-0.492],[-60.932,-0.556],[-60.736,-0.848],[-60.516,-0.828],[-60.34,-0.704],[-60.392,-0.52],[-60.312,-0.236],[-60.128,0.128],[-60.024,0.224],[-58.872,0.224],[-58.972,1.312],[-59.244,1.376],[-59.764,1.92],[-59.74,2.264],[-59.904,2.36],[-60,2.696],[-59.96,3.068],[-59.828,3.384],[-59.836,3.608],[-59.68,3.7],[-59.528,3.932],[-59.74,4.204],[-59.688,4.372],[-60.088,4.608],[-59.984,5.084],[-60.088,5.156],[-60.212,5.268],[-60.456,5.176],[-60.74,5.204]]]},"properties":{"id":"BR-RR"}},
{"type":"Feature","geometry":{"type":"MultiPolygon","coordinates":[[[[-56.48,1.94],[-56.808,1.872],[-57.012,1.92],[-57.104,2.02],[-57.428,1.9],[-57.56,1.708],[-57.992,1.652],[-58.028,1.516],[-58.332,1.592],[-58.5,1.452],[-58.52,1.268],[-58.772,1.2],[-58.972,1.312],[-58.872,0.224],[-58.852,-0.352],[-58.74,-0.432],[-58.748,-0.62],[-58.44,-0.86],[-58.388,-1.048],[-58.08,-1.3],[-57.656,-1.588],[-57.088,-1.812],[-57.004,-1.936],[-56.52,-2.164],[-56.388,-2.392],[-56.756,-3.188],[-58.296,-6.496],[-58.468,-6.7],[-58.392,-6.956],[-58.216,-7.112],[-58.136,-7.34],[-57.892,-7.692],[-57.78,-8.048],[-57.64,-8.228],[-57.68,-8.436],[-57.58,-8.756],[-57.104,-9.052],[-57.044,-9.232],[-56.836,-9.272],[-56.46,-9.468],[-55.092,-9.564],[-51.296,-9.788],[-50.236,-9.844],[-50.152,-9.7],[-50.052,-9.32],[-49.756,-8.924],[-49.58,-8.832],[-49.38,-8.436],[-49.312,-8.384],[-49.2,-8.06],[-49.164,-7.804],[-49.308,-7.712],[-49.376,-7.5],[-49.184,-7.224],[-49.2,-6.904],[-49.012,-6.78],[-48.684,-6.664],[-48.608,-6.436],[-48.388,-6.364],[-48.428,-6.172],[-48.284,-6.096],[-48.224,-5.916],[-48.288,-5.728],[-48.144,-5.648],[-48.396,-5.392],[-48.724,-5.356],[-47.8,-4.596],[-47.656,-4.604],[-47.38,-4.276],[-47.312,-4.068],[-47.064,-3.84],[-47.024,-3.56],[-46.668,-3.096],[-46.668,-2.74],[-46.428,-2.512],[-46.448,-2.36],[-46.28,-2.14],[-46.216,-1.928],[-46.2,-1.484],[-46.084,-1.212],[-46.22,-1.012],[-46.48,-1.024],[-46.612,-0.812],[-46.768,-0.868],[-46.86,-0.764],[-47.084,-0.752],[-47.296,-0.592],[-47.416,-0.66],[-47.584,-0.58],[-47.948,-0.74],[-48.156,-0.78],[-48.16,-0.96],[-48.34,-1.316],[-48.484,-1.28],[-48.644,-1.384],[-48.812,-1.62],[-48.964,-1.6],[-49.232,-1.948],[-49.332,-2.204],[-49.444,-2.184],[-49.38,-1.896],[-49.484,-1.764],[-49.676,-1.908],[-49.976,-1.828],[-50.28,-1.892],[-50.372,-1.972],[-50.564,-1.892],[-50.82,-1.436],[-50.824,-1.032],[-51.032,-1.04],[-51.268,-1.22],[-51.668,-1.4],[-51.916,-1.572],[-52.124,-1.62],[-52.4,-1.424],[-52.196,-1.344],[-52.064,-1.404],[-51.92,-1.324],[-51.908,-1.156],[-52.096,-1.176],[-52.36,-1.068],[-52.5,-0.88],[-52.528,-0.648],[-52.628,-0.396],[-52.828,-0.18],[-52.916,-0.192],[-53.128,0.388],[-53.112,0.72],[-53.416,0.94],[-53.556,1.364],[-53.884,1.4],[-54.368,1.764],[-54.752,1.804],[-54.788,2.128],[-54.716,2.264],[-54.776,2.456],[-55.016,2.592],[-55.356,2.496],[-55.4,2.432],[-55.724,2.396],[-55.988,2.52],[-56.116,2.332],[-55.924,2.06],[-56.02,1.832],[-56.48,1.94]]],[[[-51.188,-0.612],[-51.308,-0.52],[-51.504,-0.608],[-51.676,-0.848],[-51.716,-1.128],[-51.872,-1.244],[-51.956,-1.424],[-51.784,-1.448],[-51.436,-1.188],[-51.272,-1.016],[-51.156,-0.68],[-51.188,-0.612]]],[[[-48.464,-0.576],[-48.372,-0.372],[-48.428,-0.26],[-48.892,-0.216],[-49.216,-0.14],[-49.424,-0.232],[-49.652,-0.24],[-50.096,-0.132],[-50.368,-0.104],[-50.584,-0.192],[-50.696,-0.36],[-50.78,-0.66],[-50.804,-1.424],[-50.588,-1.684],[-50.404,-1.832],[-50.052,-1.704],[-49.824,-1.816],[-49.556,-1.644],[-49.224,-1.62],[-48.84,-1.444],[-48.844,-1.212],[-48.644,-1.084],[-48.536,-0.896],[-48.464,-0.576]]],[[[-50.972,-0.292],[-50.924,-0.332],[-50.628,-0.084],[-50.768,0.048],[-50.948,-0.012],[-51.032,-0.168],[-50.972,-0.292]]],[[[-49.832,-0.104],[-49.44,-0.12],[-49.428,0.072],[-49.628,0.056],[-49.832,-0.104]]],[[[-50.036,0.3],[-50.108,0.224],[-50.368,0.216],[-50.296,0.012],[-49.828,0.012],[-49.692,0.204],[-49.652,0.388],[-50.036,0.3]]]]},"properties":{"id":"BR-PA"}},
{"type":"Feature","geometry":{"type":"Polygon","coordinates":[[[9.436,54.812],[8.66,54.896],[8.688,54.736],[9.012,54.508],[8.628,54.388],[8.652,54.276],[9.02,54.096],[9.008,53.892],[9.22,53.892],[9.396,53.832],[9.74,53.572],[10.144,53.712],[10.328,53.432],[10.6,53.372],[10.956,53.568],[10.76,53.748],[10.908,53.96],[11.068,54.184],[10.776,54.316],[10.02,54.544],[9.972,54.764],[9.436,54.812]]]},"properties":{"id":"DE-SH"}},
{"type":"Feature","geometry":{"type":"MultiPolygon","coordinates":[[[[9.436,54.812],[9.74,54.98],[9.496,55.16],[9.712,55.248],[9.588,55.428],[9.676,55.708],[9.98,55.708],[10.244,55.916],[10.376,56.204],[10.752,56.216],[10.964,56.448],[10.788,56.536],[10.36,56.56],[10.192,56.692],[10.264,56.908],[10.54,57.236],[10.432,57.572],[9.968,57.592],[9.412,57.164],[8.588,57.108],[8.272,56.844],[8.492,56.732],[8.68,56.952],[9.112,57.04],[9.328,56.668],[9.104,56.8],[8.876,56.764],[8.6,56.5],[8.124,56.552],[8.108,56.12],[8.388,55.928],[8.176,55.8],[8.292,55.584],[8.616,55.436],[8.66,54.896],[9.436,54.812]]],[[[10.668,55.064],[10.828,55.308],[10.696,55.44],[10.308,55.62],[9.888,55.508],[9.884,55.252],[10.312,55.064],[10.668,55.064]]],[[[11.844,54.732],[11.724,54.872],[11.02,54.904],[11.032,54.76],[11.452,54.628],[11.844,54.732]]],[[[12.36,55.604],[12.604,55.708],[12.512,55.92],[12.62,56.044],[12.244,56.128],[12.028,55.94],[12.076,55.78],[11.972,55.72],[11.856,55.732],[11.64,55.944],[11.072,55.676],[11.244,55.216],[11.648,55.18],[11.884,54.976],[11.748,54.872],[11.96,54.696],[12.172,54.84],[12.048,55.14],[12.392,55.256],[12.2,55.488],[12.36,55.604]]],[[[15.152,55.132],[14.752,55.3],[14.7,55.088],[15.072,54.992],[15.152,55.132]]]]},"properties":{"id":"DK"}},
{"type":"Feature","geometry":{"type":"Polygon","coordinates":[[[-69.576,-10.952],[-69.396,-10.936],[-68.884,-11.016],[-68.788,-11.128],[-68.616,-11.112],[-68.292,-10.98],[-68.096,-10.696],[-67.864,-10.66],[-67.756,-10.716],[-67.584,-10.5],[-67.336,-10.328],[-67.064,-10.256],[-66.648,-9.916],[-66.832,-9.836],[-69.808,-8.456],[-70.372,-8.156],[-72.664,-7.592],[-73.808,-7.116],[-73.76,-7.336],[-73.98,-7.376],[-73.984,-7.528],[-73.712,-7.788],[-73.668,-8.012],[-73.528,-8.372],[-73.356,-8.48],[-73.352,-8.6],[-73.176,-8.72],[-72.96,-9.084],[-73.216,-9.408],[-72.812,-9.412],[-72.432,-9.484],[-72.26,-9.668],[-72.16,-9.888],[-72.196,-10.004],[-71.392,-10.008],[-71.196,-9.94],[-70.68,-9.528],[-70.544,-9.728],[-70.64,-9.956],[-70.64,-11.012],[-70.536,-10.94],[-70.288,-11.064],[-69.956,-10.92],[-69.576,-10.952]]]},"properties":{"id":"BR-AC"}},
{"type":"Feature","geometry":{"type":"Polygon","coordinates":[[[11.184,32.264],[10.872,32.136],[10.604,31.952],[10.512,31.756],[10.264,31.68],[10.108,31.412],[10.272,30.916],[10.192,30.732],[9.872,30.356],[9.52,30.228],[9.368,30.024],[9.668,29.608],[9.828,29.128],[9.828,28.62],[9.776,28.268],[9.932,27.82],[9.72,27.292],[9.824,26.92],[9.912,26.844],[9.836,26.504],[9.484,26.352],[9.4,26.112],[9.968,25.396],[10.02,25.268],[10.032,24.856],[10.192,24.748],[10.26,24.576],[10.452,24.476],[10.72,24.552],[11.468,24.328],[11.568,24.268],[11.712,24],[11.968,23.516],[13.484,23.18],[13.6,23.12],[14.232,22.616],[14.98,22.996],[15.984,23.444],[17.436,22.728],[18.916,21.996],[19.184,21.864],[20.892,21.02],[22.252,20.352],[23.98,19.496],[23.98,19.996],[24.98,20.008],[24.98,20.876],[24.98,21.996],[24.98,22.872],[24.98,24.62],[24.98,26.08],[24.98,27.048],[24.98,27.668],[24.98,28.096],[24.98,29.18],[24.872,29.468],[24.812,29.892],[24.688,30.144],[24.908,30.5],[24.996,30.784],[24.86,31.144],[24.86,31.38],[25.152,31.656],[24.98,31.968],[24.672,32.032],[24.548,31.992],[24.092,32.004],[24,32.092],[23.668,32.184],[23.252,32.216],[23.096,32.324],[23.088,32.648],[22.512,32.792],[22.148,32.948],[21.988,32.912],[21.608,32.932],[21.356,32.78],[21.096,32.78],[20.576,32.564],[20.072,32.176],[19.94,31.956],[19.92,31.716],[20.024,31.396],[20.14,31.224],[20.148,31.044],[20.036,30.82],[19.748,30.512],[19.34,30.3],[19.056,30.268],[18.78,30.376],[18.652,30.424],[18.176,30.788],[17.364,31.088],[16.728,31.224],[16.136,31.26],[15.76,31.388],[15.492,31.664],[15.372,31.928],[15.372,32.16],[15.196,32.388],[14.756,32.448],[14.468,32.52],[14.176,32.716],[13.956,32.76],[13.572,32.804],[13.352,32.904],[13.104,32.876],[12.824,32.804],[12.572,32.812],[12.348,32.832],[11.848,33.084],[11.504,33.18],[11.448,32.636],[11.528,32.416],[11.184,32.264]]]},"properties":{"id":"LY"}},
{"type":"Feature","geometry":{"type":"MultiPolygon","coordinates":[[[[11.504,33.18],[11.18,33.212],[11.108,33.548],[10.716,33.484],[10.716,33.708],[10.46,33.652],[10.164,33.836],[10.012,34.172],[10.128,34.324],[10.596,34.544],[10.916,34.872],[11.016,35.092],[11.112,35.204],[11.012,35.564],[10.84,35.768],[10.692,35.788],[10.48,36.08],[10.528,36.352],[10.8,36.452],[11.024,36.788],[11.116,36.84],[11.012,37.084],[10.416,36.728],[10.252,36.792],[10.336,36.892],[10.22,37.128],[10.052,37.268],[9.668,37.336],[9.08,37.168],[8.896,37.02],[8.604,36.94],[8.408,36.644],[8.168,36.492],[8.356,36.356],[8.268,35.968],[8.328,35.62],[8.292,35.404],[8.432,35.24],[8.312,35.104],[8.26,34.74],[8.104,34.536],[7.832,34.416],[7.776,34.26],[7.54,34.112],[7.48,33.892],[7.552,33.66],[7.708,33.412],[7.752,33.208],[8.088,33.096],[8.284,32.836],[8.332,32.528],[9.02,32.104],[9.064,32],[9.52,30.228],[9.872,30.356],[10.192,30.732],[10.272,30.916],[10.108,31.412],[10.264,31.68],[10.512,31.756],[10.604,31.952],[10.872,32.136],[11.184,32.264],[11.528,32.416],[11.448,32.636],[11.504,33.18]]],[[[10.992,33.84],[10.736,33.884],[10.74,33.716],[10.892,33.66],[10.992,33.84]]]]},"properties":{"id":"TN"}},
{"type":"Feature","geometry":{"type":"Polygon","coordinates":[[[22.876,47.948],[22.744,47.824],[22.26,47.716],[22.168,47.596],[22.156,47.584],[21.636,47.02],[21.424,46.66],[21.316,46.616],[21.164,46.32],[20.788,46.264],[20.704,46.168],[20.244,46.108],[20.644,45.796],[20.784,45.752],[20.816,45.464],[21.016,45.32],[21.484,45.152],[21.36,44.828],[21.656,44.688],[22.036,44.596],[22.036,44.588],[22.32,44.684],[22.692,44.228],[23.008,44.1],[22.852,43.896],[23.052,43.844],[23.324,43.888],[23.62,43.836],[24.148,43.756],[24.336,43.76],[24.66,43.756],[25.284,43.692],[25.484,43.668],[25.732,43.72],[26.152,44.012],[26.332,44.056],[26.416,44.064],[27.028,44.176],[27.252,44.12],[27.384,44.016],[27.684,43.988],[27.936,43.964],[28.22,43.76],[28.58,43.74],[28.672,44.004],[28.64,44.328],[28.844,44.492],[28.784,44.68],[28.924,44.756],[29.612,44.848],[29.66,45.216],[29.652,45.348],[29.324,45.444],[28.712,45.228],[28.332,45.324],[28.216,45.452],[28.2,45.46],[28.108,46.096],[28.112,46.1],[28.228,46.396],[28.244,46.632],[28.124,46.844],[28.104,46.92],[28.04,47.016],[27.808,47.144],[27.588,47.368],[27.432,47.572],[27.428,47.58],[27.288,47.752],[27.18,47.944],[27.048,48.12],[26.804,48.26],[26.616,48.26],[26.304,48.212],[26.104,47.98],[25.26,47.9],[24.944,47.716],[24.928,47.712],[24.568,47.936],[24.232,47.896],[23.976,47.964],[23.484,47.976],[23.232,48.08],[22.876,47.948]]]},"properties":{"id":"RO"}},
{"type":"Feature","geometry":{"type":"Polygon","coordinates":[[[22.876,47.948],[22.16,48.404],[22.132,48.404],[21.728,48.34],[21.424,48.56],[21.108,48.488],[20.784,48.568],[20.464,48.464],[20.272,48.252],[20.04,48.176],[19.904,48.124],[19.768,48.16],[19.428,48.084],[19.02,48.064],[18.932,48.056],[18.816,47.832],[18.236,47.752],[17.884,47.752],[17.72,47.772],[17.264,48.008],[17.148,48.004],[17.056,47.704],[16.716,47.696],[16.556,47.628],[16.628,47.444],[16.424,47.352],[16.436,47.032],[16.096,46.864],[16.132,46.856],[16.18,46.86],[16.296,46.848],[16.312,46.796],[16.3,46.78],[16.364,46.696],[16.368,46.696],[16.404,46.664],[16.372,46.636],[16.516,46.5],[16.86,46.364],[16.88,46.312],[17.308,45.98],[17.656,45.852],[17.908,45.792],[18.412,45.744],[18.676,45.912],[18.824,45.904],[18.9,45.932],[19.3,46.024],[19.712,46.16],[19.872,46.152],[20.064,46.144],[20.116,46.152],[20.244,46.108],[20.704,46.168],[20.788,46.264],[21.164,46.32],[21.316,46.616],[21.424,46.66],[21.636,47.02],[22.156,47.584],[22.168,47.596],[22.26,47.716],[22.744,47.824],[22.876,47.948]]]},"properties":{"id":"HU"}},
{"type":"Feature","geometry":{"type":"Polygon","coordinates":[[[19.448,49.6],[19.172,49.404],[18.832,49.512],[18.536,49.48],[18.388,49.376],[18.36,49.332],[18.192,49.276],[18.104,49.092],[17.648,48.84],[17.412,48.832],[17.168,48.86],[16.944,48.604],[16.948,48.544],[16.844,48.364],[17.064,48.112],[17.148,48.004],[17.264,48.008],[17.72,47.772],[17.884,47.752],[18.236,47.752],[18.816,47.832],[18.932,48.056],[19.02,48.064],[19.428,48.084],[19.768,48.16],[19.904,48.124],[20.04,48.176],[20.272,48.252],[20.464,48.464],[20.784,48.568],[21.108,48.488],[21.424,48.56],[21.728,48.34],[22.132,48.404],[22.152,48.584],[22.372,48.86],[22.54,49.072],[22.012,49.212],[21.82,49.376],[21.516,49.416],[21.052,49.416],[20.944,49.296],[20.688,49.4],[20.328,49.392],[19.868,49.2],[19.448,49.6]]]},"properties":{"id":"SK"}},
{"type":"Feature","geometry":{"type":"Polygon","coordinates":[[[19.448,49.6],[19.112,49.92],[19.404,50.176],[19.5,50.36],[19.956,50.484],[19.752,50.804],[19.356,50.972],[18.912,51.036],[18.656,50.996],[18.356,50.42],[18.364,50.212],[18.02,50.044],[18.48,49.896],[18.832,49.512],[19.172,49.404],[19.448,49.6]]]},"properties":{"id":"PL-SL"}},
{"type":"Feature","geometry":{"type":"Polygon","coordinates":[[[21.516,49.416],[21.428,49.7],[21.26,49.772],[21.216,50.24],[21.296,50.412],[21.18,50.336],[20.428,50.204],[20.284,50.4],[19.956,50.484],[19.5,50.36],[19.404,50.176],[19.112,49.92],[19.448,49.6],[19.868,49.2],[20.328,49.392],[20.688,49.4],[20.944,49.296],[21.052,49.416],[21.516,49.416]]]},"properties":{"id":"PL-MA"}},
{"type":"Feature","geometry":{"type":"Polygon","coordinates":[[[21.516,49.416],[21.82,49.376],[22.012,49.212],[22.54,49.072],[22.864,49.012],[22.704,49.168],[22.64,49.528],[23.1,49.956],[23.66,50.328],[23.464,50.42],[23.16,50.324],[22.596,50.364],[22.612,50.568],[22.22,50.66],[22.264,50.76],[21.844,50.828],[21.596,50.524],[21.296,50.412],[21.216,50.24],[21.26,49.772],[21.428,49.7],[21.516,49.416]]]},"properties":{"id":"PL-PK"}},
{"type":"Feature","geometry":{"type":"Polygon","coordinates":[[[-7.248,55.068],[-6.94,55.24],[-7.332,55.372],[-7.816,55.2],[-8.264,55.16],[-8.492,54.852],[-8.796,54.7],[-8.3,54.476],[-8.38,54.468],[-9.132,54.164],[-9.208,54.268],[-9.784,54.34],[-9.988,54.212],[-9.84,53.964],[-9.908,53.764],[-9.696,53.604],[-10.152,53.544],[-10.024,53.384],[-9.512,53.228],[-9.12,53.26],[-8.944,53.26],[-9.004,53.148],[-9.272,53.148],[-9.436,52.968],[-9.552,52.64],[-9.284,52.592],[-8.752,52.672],[-9.364,52.576],[-9.672,52.552],[-9.848,52.428],[-9.836,52.256],[-10.276,52.268],[-10.268,51.988],[-10.112,51.748],[-9.86,51.756],[-9.808,51.444],[-9.424,51.556],[-9.108,51.548],[-8.54,51.648],[-8.3,51.76],[-8.396,51.876],[-8.388,51.892],[-8.136,51.804],[-7.852,51.976],[-7.588,51.992],[-7.436,52.124],[-7.016,52.14],[-6.992,52.268],[-6.996,52.276],[-6.368,52.18],[-6.448,52.356],[-6.208,52.544],[-6.152,52.74],[-5.996,52.964],[-6.088,53.204],[-6.18,53.316],[-6.148,53.388],[-6.196,53.636],[-6.244,53.728],[-6.38,53.916],[-6.268,54.096],[-6.604,54.044],[-6.648,54.172],[-6.872,54.328],[-7.188,54.336],[-7.316,54.116],[-7.836,54.204],[-7.944,54.3],[-8.168,54.464],[-7.708,54.604],[-7.416,54.944],[-7.248,55.068]]]},"properties":{"id":"IE"}},
{"type":"Feature","geometry":{"type":"Polygon","coordinates":[[[-6.268,54.096],[-6.04,54.036],[-5.868,54.184],[-5.612,54.256],[-5.64,54.464],[-5.564,54.672],[-5.872,54.624],[-5.916,54.648],[-5.876,54.684],[-5.692,54.772],[-5.98,55.056],[-6.1,55.212],[-6.548,55.224],[-6.84,55.176],[-7.148,55.048],[-7.248,55.068],[-7.416,54.944],[-7.708,54.604],[-8.168,54.464],[-7.944,54.3],[-7.836,54.204],[-7.316,54.116],[-7.188,54.336],[-6.872,54.328],[-6.648,54.172],[-6.604,54.044],[-6.268,54.096]]]},"properties":{"id":"GB-NIR"}},
{"type":"Feature","geometry":{"type":"Polygon","coordinates":[[[14.812,50.86],[14.996,51.008],[15.228,50.976],[15.348,50.784],[15.524,50.784],[15.848,50.676],[16.332,50.644],[16.336,50.372],[16.584,50.128],[16.868,50.188],[16.944,50.42],[17.132,50.58],[17.58,51.128],[17.716,51.152],[17.556,51.536],[17.348,51.596],[16.944,51.512],[16.372,51.748],[16.18,51.656],[15.944,51.768],[15.616,51.48],[14.952,51.396],[15.02,51.272],[14.812,50.86]]]},"properties":{"id":"PL-DS"}},
{"type":"Feature","geometry":{"type":"Polygon","coordinates":[[[18.656,50.996],[18.152,51.136],[17.916,51.064],[17.716,51.152],[17.58,51.128],[17.132,50.58],[16.944,50.42],[17.388,50.272],[17.84,49.972],[18.02,50.044],[18.364,50.212],[18.356,50.42],[18.656,50.996]]]},"properties":{"id":"PL-OP"}},
{"type":"Feature","geometry":{"type":"Polygon","coordinates":[[[20.74,40.308],[20.844,40.328],[21.096,39.828],[21.292,39.804],[21.464,39.864],[21.748,39.828],[22.096,40.168],[22.172,40.28],[21.924,40.456],[21.744,40.672],[21.756,40.924],[21.504,40.9],[21.244,40.864],[20.964,40.848],[21.036,40.64],[20.74,40.308]]]},"properties":{"id":"GR-C"}},
{"type":"Feature","geometry":{"type":"Polygon","coordinates":[[[20,39.692],[20.292,39.332],[20.688,39.072],[21.06,39.04],[21.364,39.152],[21.384,39.28],[21.18,39.42],[21.2,39.756],[21.292,39.804],[21.096,39.828],[20.844,40.328],[20.74,40.308],[20.616,40.08],[20.432,40.064],[20.3,39.804],[20.2,39.64],[20,39.692]]]},"properties":{"id":"GR-D"}},
{"type":"Feature","geometry":{"type":"Polygon","coordinates":[[[30.752,-8.196],[29.576,-8.372],[28.916,-8.472],[28.932,-8.68],[28.764,-8.936],[28.372,-9.236],[28.516,-9.38],[28.668,-9.82],[28.624,-9.952],[28.636,-10.52],[28.7,-10.644],[28.564,-10.812],[28.44,-11.348],[28.356,-11.448],[28.496,-11.856],[28.836,-12.092],[29.032,-12.376],[29.448,-12.336],[29.476,-12.244],[29.8,-12.156],[29.8,-12.16],[29.796,-13.424],[29.6,-13.376],[29.576,-13.224],[29.168,-13.432],[29.064,-13.388],[28.668,-12.848],[28.584,-12.888],[28.424,-12.52],[28.34,-12.452],[27.96,-12.368],[27.832,-12.26],[27.588,-12.244],[27.42,-11.92],[27.236,-11.808],[27.18,-11.568],[27.012,-11.608],[26.968,-11.872],[26.876,-11.964],[26.644,-11.984],[26.416,-11.912],[25.996,-11.904],[25.852,-11.792],[25.352,-11.648],[25.28,-11.2],[24.676,-11.34],[24.564,-11.444],[24.312,-11.408],[24.38,-11.12],[24.124,-11.044],[23.968,-10.872],[24.06,-11.396],[23.96,-11.616],[23.96,-12.196],[24.032,-12.384],[23.864,-12.788],[24,-13],[23.224,-13],[21.98,-13],[21.98,-13.696],[21.98,-15.112],[21.984,-16.164],[22.152,-16.596],[22.332,-16.672],[22.756,-17.156],[23,-17.292],[23.072,-17.404],[23.38,-17.64],[24.22,-17.48],[24.684,-17.492],[24.968,-17.56],[25.26,-17.796],[25.496,-17.856],[25.68,-17.812],[25.98,-18],[26.204,-17.888],[26.712,-18.064],[27.048,-17.944],[27.156,-17.768],[27.576,-17.364],[27.776,-17],[28.024,-16.864],[28.28,-16.708],[28.824,-16.472],[28.872,-16.088],[28.948,-15.956],[29.408,-15.716],[29.836,-15.616],[30.296,-15.64],[30.396,-15.636],[30.368,-15.376],[30.288,-15.28],[30.216,-14.98],[30.816,-14.768],[31.412,-14.632],[31.66,-14.52],[33.204,-14.012],[33.048,-13.996],[32.86,-13.808],[32.724,-13.572],[32.904,-13.352],[32.996,-13.192],[33.004,-12.892],[32.94,-12.768],[33.024,-12.612],[33.372,-12.52],[33.512,-12.376],[33.332,-12.3],[33.256,-12.072],[33.312,-11.9],[33.304,-11.644],[33.232,-11.416],[33.392,-11.164],[33.292,-10.976],[33.32,-10.82],[33.5,-10.768],[33.672,-10.572],[33.532,-10.232],[33.308,-10.012],[33.364,-9.9],[33.216,-9.728],[32.976,-9.6],[32.92,-9.408],[32.712,-9.284],[32.52,-9.26],[32.384,-9.132],[32.232,-9.132],[32.144,-9.072],[31.936,-8.932],[31.672,-8.912],[31.54,-8.704],[31.352,-8.588],[31.12,-8.616],[30.96,-8.552],[30.752,-8.196]]]},"properties":{"id":"ZM"}},
{"type":"Feature","geometry":{"type":"Polygon","coordinates":[[[-10.592,9.048],[-10.748,9.084],[-10.676,9.308],[-10.856,9.456],[-11.012,9.744],[-11.2,9.984],[-11.448,9.996],[-11.588,9.996],[-11.912,9.992],[-12.108,9.88],[-12.252,9.928],[-12.508,9.86],[-12.6,9.652],[-12.7,9.42],[-12.956,9.272],[-13.028,9.096],[-13.3,9.04],[-13.24,8.672],[-13.044,8.376],[-13.276,8.42],[-13.16,8.188],[-12.976,8.248],[-12.896,8.08],[-12.876,7.828],[-12.712,7.712],[-12.532,7.688],[-12.428,7.532],[-12.508,7.388],[-11.84,7.148],[-11.476,6.92],[-11.372,7.14],[-11.144,7.344],[-10.864,7.544],[-10.616,7.768],[-10.616,8.024],[-10.364,8.148],[-10.284,8.484],[-10.52,8.336],[-10.64,8.52],[-10.48,8.672],[-10.6,8.82],[-10.592,9.04],[-10.592,9.048]]]},"properties":{"id":"SL"}},
{"type":"Feature","geometry":{"type":"Polygon","coordinates":[[[-10.284,8.484],[-9.872,8.5],[-9.684,8.488],[-9.58,8.388],[-9.424,8.016],[-9.368,7.756],[-9.352,7.624],[-9.488,7.372],[-9.236,7.38],[-9.108,7.204],[-8.856,7.272],[-8.728,7.624],[-8.568,7.688],[-8.484,7.556],[-8.228,7.544],[-8.128,7.712],[-8.068,8.02],[-7.964,8.028],[-8.264,8.244],[-8.2,8.492],[-7.972,8.496],[-7.772,8.388],[-7.692,8.608],[-7.804,8.748],[-7.96,8.78],[-7.916,9.012],[-7.748,9.076],[-7.928,9.184],[-7.864,9.408],[-8.072,9.396],[-8.16,9.576],[-8.152,9.948],[-7.988,10.16],[-8.016,10.34],[-8.228,10.424],[-8.296,10.536],[-8.312,11],[-8.504,11.052],[-8.696,10.996],[-8.428,11.4],[-8.54,11.456],[-8.728,11.648],[-8.848,11.656],[-8.796,11.912],[-9.028,12.404],[-9.32,12.496],[-9.308,12.344],[-9.628,12.172],[-9.724,12.024],[-9.888,12.06],[-10.268,12.216],[-10.38,12.18],[-10.712,11.892],[-10.908,12.2],[-11.052,12.204],[-11.184,12.02],[-11.352,12.04],[-11.472,12.136],[-11.388,12.404],[-11.756,12.384],[-12.08,12.408],[-12.36,12.304],[-12.58,12.36],[-13.076,12.636],[-13.36,12.648],[-13.728,12.672],[-13.664,12.476],[-13.696,12.292],[-13.964,12.148],[-13.724,12.004],[-13.728,11.708],[-14.016,11.636],[-14.28,11.664],[-14.432,11.56],[-14.688,11.512],[-14.828,11.336],[-15.02,10.968],[-14.9,10.992],[-14.792,10.744],[-14.536,10.508],[-14.536,10.404],[-14.152,10.056],[-13.784,9.852],[-13.692,9.952],[-13.748,9.768],[-13.672,9.572],[-13.644,9.544],[-13.516,9.524],[-13.488,9.568],[-13.512,9.448],[-13.324,9.344],[-13.3,9.04],[-13.028,9.096],[-12.956,9.272],[-12.7,9.42],[-12.6,9.652],[-12.508,9.86],[-12.252,9.928],[-12.108,9.88],[-11.912,9.992],[-11.588,9.996],[-11.448,9.996],[-11.2,9.984],[-11.012,9.744],[-10.856,9.456],[-10.676,9.308],[-10.748,9.084],[-10.592,9.048],[-10.592,9.04],[-10.6,8.82],[-10.48,8.672],[-10.64,8.52],[-10.52,8.336],[-10.284,8.484]]]},"properties":{"id":"GN"}},
{"type":"Feature","geometry":{"type":"Polygon","coordinates":[[[-10.284,8.484],[-10.364,8.148],[-10.616,8.024],[-10.616,7.768],[-10.864,7.544],[-11.144,7.344],[-11.372,7.14],[-11.476,6.92],[-11.352,6.7],[-11.076,6.592],[-10.808,6.404],[-10.636,6.22],[-10.368,6.152],[-10.048,5.896],[-9.732,5.58],[-9.42,5.272],[-9.016,4.98],[-8.704,4.82],[-8.256,4.58],[-7.844,4.456],[-7.54,4.352],[-7.604,4.816],[-7.58,5.056],[-7.396,5.368],[-7.408,5.512],[-7.416,5.628],[-7.448,5.844],[-7.56,5.84],[-7.8,5.976],[-7.936,6.272],[-8.172,6.276],[-8.62,6.492],[-8.44,6.656],[-8.316,6.836],[-8.284,7.016],[-8.444,7.536],[-8.484,7.556],[-8.568,7.688],[-8.728,7.624],[-8.856,7.272],[-9.108,7.204],[-9.236,7.38],[-9.488,7.372],[-9.352,7.624],[-9.368,7.756],[-9.424,8.016],[-9.58,8.388],[-9.684,8.488],[-9.872,8.5],[-10.284,8.484]]]},"properties":{"id":"LR"}},
{"type":"Feature","geometry":{"type":"Polygon","coordinates":[[[18.628,3.476],[18.612,3.868],[18.62,4.168],[18.536,4.308],[18.596,4.372],[18.72,4.376],[19.108,4.932],[19.408,5.132],[19.72,5.136],[19.86,5.06],[20.34,4.772],[20.456,4.524],[20.604,4.408],[20.872,4.452],[21.54,4.244],[21.724,4.296],[22.036,4.228],[22.304,4.128],[22.452,4.148],[22.688,4.492],[22.788,4.724],[22.9,4.824],[23.168,4.74],[23.388,4.588],[23.568,4.724],[24.164,4.908],[24.48,5.104],[24.664,4.924],[25.308,5.032],[25.364,5.312],[25.58,5.376],[25.732,5.26],[26.028,5.188],[26.128,5.26],[26.464,5.06],[26.76,5.088],[27.116,5.2],[27.44,5.072],[27.3,5.204],[27.172,5.72],[26.704,6.008],[26.528,6.044],[26.452,6.28],[26.288,6.388],[26.38,6.632],[26.08,6.844],[26.028,6.996],[25.36,7.336],[25.192,7.5],[25.28,7.66],[25.216,7.864],[25.088,7.884],[24.832,8.164],[24.432,8.272],[24.264,8.268],[24.12,8.372],[24.244,8.572],[24.172,8.688],[23.72,8.704],[23.484,8.784],[23.464,9.152],[23.632,9.276],[23.608,9.536],[23.676,9.692],[23.624,9.908],[23.292,10.44],[23.004,10.688],[22.86,10.92],[22.46,11],[22.364,10.956],[22.176,10.816],[21.724,10.636],[21.752,10.412],[21.656,10.232],[21.484,10.164],[21.376,9.972],[21.256,9.976],[20.812,9.42],[20.496,9.272],[20.36,9.116],[20.068,9.14],[19.932,9.064],[19.368,9],[19.1,9.016],[18.892,8.896],[19.072,8.632],[18.812,8.276],[18.588,8.048],[18.176,8.02],[17.896,7.968],[17.68,7.984],[17.232,7.812],[17.1,7.676],[16.816,7.548],[16.624,7.668],[16.548,7.872],[16.372,7.672],[16.064,7.592],[15.792,7.456],[15.48,7.524],[15.432,7.388],[15.248,7.268],[15.044,6.792],[14.92,6.688],[14.72,6.256],[14.432,6.08],[14.584,5.924],[14.632,5.74],[14.596,5.412],[14.66,5.012],[14.716,4.624],[15,4.404],[15.104,4.112],[15.084,3.884],[15.264,3.664],[15.784,3.108],[15.912,3.096],[16.092,2.864],[16.092,2.512],[16.196,2.236],[16.428,2.728],[16.568,3.464],[16.64,3.528],[16.968,3.532],[17.336,3.62],[17.416,3.684],[17.808,3.608],[17.856,3.536],[18.512,3.592],[18.628,3.476]]]},"properties":{"id":"CF"}},
{"type":"Feature","geometry":{"type":"Polygon","coordinates":[[[24.172,8.688],[24.38,8.844],[24.56,8.888],[24.68,9.372],[24.796,9.532],[24.792,9.8],[24.976,9.968],[25.084,10.292],[25.84,10.42],[25.9,10.192],[26.104,9.988],[26.18,9.96],[26.556,9.52],[26.696,9.476],[27.08,9.608],[27.896,9.596],[28.044,9.332],[28.844,9.324],[28.828,9.428],[29.008,9.604],[29.484,9.76],[29.612,9.916],[29.616,10.06],[30.012,10.272],[30.484,9.972],[30.748,9.736],[30.948,9.752],[31.236,9.792],[31.664,10.216],[31.864,10.472],[31.944,10.656],[32.416,11.052],[32.364,11.24],[32.344,11.708],[32.084,12],[32.748,12.004],[32.732,12.216],[33.208,12.212],[33.084,11.584],[33.184,10.844],[33.152,10.732],[33.372,10.652],[33.904,10.192],[33.968,9.84],[33.9,9.456],[34.072,9.456],[34.1,9.68],[34.324,10.268],[34.28,10.564],[34.436,10.796],[34.588,10.88],[34.84,10.728],[34.932,10.844],[34.948,11.276],[35.072,11.548],[35.048,11.772],[35.148,11.872],[35.248,11.956],[35.616,12.576],[35.7,12.664],[36.124,12.72],[36.116,12.932],[36.232,13.36],[36.384,13.572],[36.44,13.776],[36.436,13.992],[36.528,14.264],[36.464,14.792],[36.424,15.112],[36.524,15.248],[36.672,15.724],[36.76,15.836],[36.884,16.184],[36.928,16.436],[36.876,16.528],[36.984,16.764],[36.972,17.064],[37.404,17.028],[37.508,17.32],[37.872,17.436],[38.016,17.54],[38.344,17.656],[38.46,17.892],[38.6,18.004],[38.544,18.12],[38.152,18.248],[37.924,18.584],[37.676,18.74],[37.552,18.708],[37.436,18.86],[37.332,19.16],[37.24,19.656],[37.26,19.82],[37.176,20.348],[37.228,20.564],[37.148,20.94],[37.148,21.172],[36.896,21.676],[36.884,21.996],[35.488,21.996],[34.324,21.996],[33.16,21.996],[32.524,21.996],[31.496,21.996],[31.316,22.104],[31.248,21.996],[29.46,21.996],[28.292,21.996],[26.344,21.996],[24.98,21.996],[24.98,20.876],[24.98,20.008],[23.98,19.996],[23.98,19.496],[23.984,17.872],[23.984,16.94],[23.984,15.72],[23.592,15.748],[23.32,15.68],[23.12,15.708],[22.924,15.564],[22.964,15.224],[22.74,14.98],[22.668,14.68],[22.464,14.628],[22.44,14.248],[22.532,14.124],[22.18,13.92],[22.072,13.772],[22.196,13.58],[22.268,13.336],[21.936,13.06],[21.808,12.792],[21.936,12.64],[22.204,12.744],[22.444,12.612],[22.372,12.464],[22.48,12.176],[22.612,12.072],[22.536,11.68],[22.628,11.508],[22.916,11.396],[22.956,11.208],[22.86,10.92],[23.004,10.688],[23.292,10.44],[23.624,9.908],[23.676,9.692],[23.608,9.536],[23.632,9.276],[23.464,9.152],[23.484,8.784],[23.72,8.704],[24.172,8.688]]]},"properties":{"id":"SD"}},
{"type":"Feature","geometry":{"type":"Polygon","coordinates":[[[42.924,11],[43.188,11.408],[43.24,11.488],[43.172,11.54],[42.9,11.584],[42.532,11.548],[42.756,11.708],[43.088,11.84],[43.376,12.004],[43.412,12.24],[43.312,12.476],[43.116,12.708],[42.852,12.612],[42.696,12.38],[42.52,12.496],[42.38,12.464],[41.976,11.88],[41.808,11.736],[41.748,11.536],[41.788,11.26],[41.768,10.988],[41.956,10.94],[42.392,11.004],[42.608,11.088],[42.924,11]]]},"properties":{"id":"DJ"}},
{"type":"Feature","geometry":{"type":"Polygon","coordinates":[[[42.38,12.464],[42.52,12.496],[42.696,12.38],[42.852,12.612],[43.116,12.708],[43.088,12.82],[42.772,12.864],[42.736,13.016],[42.52,13.236],[42.38,13.224],[42.288,13.576],[42.1,13.656],[41.98,13.836],[41.676,13.94],[41.62,14.064],[41.156,14.64],[40.808,14.704],[40.572,14.952],[40.16,14.984],[40.028,15.236],[40.072,15.352],[39.876,15.504],[39.72,15.264],[39.428,15.82],[39.312,15.892],[39.236,16.108],[39.164,16.628],[38.928,17.396],[38.6,18.004],[38.46,17.892],[38.344,17.656],[38.016,17.54],[37.872,17.436],[37.508,17.32],[37.404,17.028],[36.972,17.064],[36.984,16.764],[36.876,16.528],[36.928,16.436],[36.884,16.184],[36.76,15.836],[36.672,15.724],[36.524,15.248],[36.424,15.112],[36.464,14.792],[36.528,14.264],[36.748,14.332],[37.072,14.284],[37.12,14.42],[37.292,14.456],[37.564,14.116],[37.892,14.88],[38.008,14.724],[38.244,14.652],[38.428,14.416],[38.868,14.492],[39.076,14.636],[39.208,14.44],[39.488,14.524],[39.724,14.5],[40,14.456],[40.352,14.336],[40.832,14.104],[41.044,13.872],[41.192,13.616],[41.712,13.248],[41.948,12.876],[42.136,12.772],[42.38,12.464]]]},"properties":{"id":"ER"}},
{"type":"Feature","geometry":{"type":"Polygon","coordinates":[[[14.692,48.588],[14.908,48.528],[14.968,48.248],[14.676,48.184],[14.444,48.044],[14.752,47.9],[14.7,47.768],[14.884,47.724],[15.34,47.824],[15.728,47.692],[16.148,47.444],[16.324,47.5],[16.288,47.792],[16.44,47.928],[17.064,48.112],[16.844,48.364],[16.948,48.544],[16.944,48.604],[16.872,48.72],[16.436,48.796],[16.032,48.76],[15.82,48.872],[15.544,48.904],[14.984,49.008],[14.92,48.76],[14.692,48.588]],[[16.484,48.288],[16.572,48.152],[16.232,48.148],[16.188,48.232],[16.484,48.288]]]},"properties":{"id":"AT-3"}},
{"type":"Feature","geometry":{"type":"Polygon","coordinates":[[[12.848,47.984],[12.968,48.032],[13.496,47.796],[13.58,47.488],[13.824,47.72],[14.348,47.624],[14.7,47.768],[14.752,47.9],[14.444,48.044],[14.676,48.184],[14.968,48.248],[14.908,48.528],[14.692,48.588],[14.444,48.636],[14.076,48.592],[13.816,48.768],[13.716,48.524],[13.52,48.584],[13.404,48.376],[12.744,48.12],[12.848,47.984]]]},"properties":{"id":"AT-4"}},
{"type":"Feature","geometry":{"type":"Polygon","coordinates":[[[38.776,33.372],[39.056,32.496],[39.048,32.308],[39.148,32.12],[40.424,31.92],[42.076,31.08],[42.784,30.552],[43.824,29.812],[44.692,29.2],[46.356,29.064],[46.428,29.076],[46.532,29.096],[46.56,29.124],[46.852,29.444],[47.112,29.96],[47.36,30.092],[47.676,30.1],[47.948,29.996],[48.208,30.024],[48.532,29.96],[48.396,30.22],[48.156,30.428],[48.012,30.464],[48.016,30.976],[47.672,30.996],[47.676,31.236],[47.68,31.408],[47.832,31.76],[47.58,32.104],[47.344,32.46],[47.06,32.496],[46.6,32.824],[46.272,32.96],[46.096,32.956],[46.156,33.26],[45.964,33.496],[45.724,33.632],[45.42,33.996],[45.536,34.128],[45.448,34.364],[45.5,34.592],[45.796,34.904],[46.124,35.284],[45.964,35.496],[46.06,35.856],[45.816,35.808],[45.5,36.004],[45.348,36.088],[45.24,36.404],[45.008,36.516],[45.036,36.688],[44.832,36.792],[44.88,37.024],[44.768,37.14],[44.58,37.168],[44.236,36.984],[44.224,37.256],[44.068,37.312],[43.892,37.224],[43.48,37.244],[43.364,37.304],[42.772,37.376],[42.56,37.148],[42.356,37.108],[42.376,37.064],[41.844,36.616],[41.416,36.528],[41.276,36.356],[41.24,36.044],[41.344,35.856],[41.308,35.552],[41.192,35.16],[41.196,34.768],[40.988,34.428],[40.692,34.332],[40.172,34.072],[38.776,33.372]]]},"properties":{"id":"IQ"}},
{"type":"Feature","geometry":{"type":"Polygon","coordinates":[[[43.364,37.304],[43.388,37.732],[43.024,37.732],[42.952,37.624],[42.236,37.708],[42.156,37.648],[41.816,37.712],[41.892,37.436],[41.724,37.364],[41.896,37.156],[42.18,37.308],[42.356,37.108],[42.56,37.148],[42.772,37.376],[43.364,37.304]]]},"properties":{"id":"TR-73"}},
{"type":"Feature","geometry":{"type":"Polygon","coordinates":[[[44.768,37.14],[44.8,37.292],[44.564,37.448],[44.596,37.716],[44.204,37.904],[43.976,37.792],[43.388,37.732],[43.364,37.304],[43.48,37.244],[43.892,37.224],[44.068,37.312],[44.224,37.256],[44.236,36.984],[44.58,37.168],[44.768,37.14]]]},"properties":{"id":"TR-30"}},
{"type":"Feature","geometry":{"type":"Polygon","coordinates":[[[16.148,47.444],[16.02,47.372],[16.136,47.024],[16.028,46.836],[16.052,46.848],[16.096,46.864],[16.436,47.032],[16.424,47.352],[16.628,47.444],[16.556,47.628],[16.716,47.696],[17.056,47.704],[17.148,48.004],[17.064,48.112],[16.44,47.928],[16.288,47.792],[16.324,47.5],[16.148,47.444]]]},"properties":{"id":"AT-1"}},
{"type":"Feature","geometry":{"type":"Polygon","coordinates":[[[7.024,45.924],[6.784,45.764],[7.076,45.468],[7.544,45.588],[7.88,45.604],[7.916,45.728],[7.856,45.92],[7.848,45.94],[7.54,45.984],[7.184,45.88],[7.024,45.924]]]},"properties":{"id":"IT-23"}},
{"type":"Feature","geometry":{"type":"Polygon","coordinates":[[[7.848,45.94],[8.112,46.128],[8.076,46.264],[8.384,46.452],[8.476,46.532],[8.408,46.656],[8.192,46.52],[8.004,46.556],[7.724,46.42],[7.228,46.332],[7.044,46.188],[6.788,46.404],[6.852,46.124],[7.024,45.924],[7.184,45.88],[7.54,45.984],[7.848,45.94]]]},"properties":{"id":"CH-VS"}},
{"type":"Feature","geometry":{"type":"Polygon","coordinates":[[[7.076,45.468],[7.064,45.22],[6.628,45.124],[6.728,44.928],[6.984,44.848],[7.04,44.712],[6.94,44.656],[6.88,44.356],[7.38,44.124],[7.688,44.092],[8.004,44.12],[8.248,44.536],[8.264,44.52],[8.564,44.516],[8.832,44.56],[8.96,44.684],[9.204,44.612],[9.2,44.684],[9.14,44.816],[8.884,45],[8.668,45.024],[8.556,45.164],[8.512,45.312],[8.832,45.408],[8.704,45.556],[8.6,45.824],[8.728,46.108],[8.428,46.252],[8.384,46.452],[8.076,46.264],[8.112,46.128],[7.848,45.94],[7.856,45.92],[7.916,45.728],[7.88,45.604],[7.544,45.588],[7.076,45.468]]]},"properties":{"id":"IT-21"}},
{"type":"Feature","geometry":{"type":"Polygon","coordinates":[[[8.384,46.452],[8.428,46.252],[8.728,46.108],[8.908,45.828],[9.164,46.172],[8.956,46.632],[8.676,46.584],[8.476,46.532],[8.384,46.452]]]},"properties":{"id":"CH-TI"}},
{"type":"Feature","geometry":{"type":"Polygon","coordinates":[[[9.2,44.684],[9.424,45.1],[9.548,45.132],[9.884,45.136],[10.072,45.036],[10.5,44.92],[10.68,44.988],[10.888,44.916],[11.256,44.948],[11.42,44.948],[11.212,45.104],[10.708,45.328],[10.66,45.42],[10.644,45.608],[10.844,45.836],[10.58,45.796],[10.46,45.98],[10.592,46.232],[10.528,46.344],[10.624,46.456],[10.452,46.548],[10.096,46.608],[10.132,46.416],[9.676,46.292],[9.264,46.484],[9.224,46.232],[9.164,46.172],[8.908,45.828],[8.728,46.108],[8.6,45.824],[8.704,45.556],[8.832,45.408],[8.512,45.312],[8.556,45.164],[8.668,45.024],[8.884,45],[9.14,44.816],[9.2,44.684]]]},"properties":{"id":"IT-25"}},
{"type":"Feature","geometry":{"type":"Polygon","coordinates":[[[9.164,46.172],[9.224,46.232],[9.264,46.484],[9.676,46.292],[10.132,46.416],[10.096,46.608],[10.452,46.548],[10.368,46.672],[10.452,46.864],[10.124,46.848],[9.58,47.056],[9.532,47.056],[9.476,47.064],[9.24,46.92],[8.872,46.816],[8.676,46.584],[8.956,46.632],[9.164,46.172]]]},"properties":{"id":"CH-GR"}},
{"type":"Feature","geometry":{"type":"Polygon","coordinates":[[[10.452,46.548],[10.624,46.456],[10.528,46.344],[10.592,46.232],[10.46,45.98],[10.58,45.796],[10.844,45.836],[11.132,45.7],[11.28,45.92],[11.684,45.984],[11.712,46.1],[11.968,46.196],[11.804,46.344],[11.832,46.504],[12.468,46.676],[12.268,46.788],[12.112,46.992],[12.204,47.068],[12.132,47.08],[11.748,46.972],[11.312,46.988],[11.092,46.912],[10.996,46.768],[10.452,46.864],[10.368,46.672],[10.452,46.548]]]},"properties":{"id":"IT-32"}},
{"type":"Feature","geometry":{"type":"Polygon","coordinates":[[[9.556,47.532],[9.548,47.536],[9.552,47.516],[9.648,47.408],[9.52,47.264],[9.536,47.252],[9.544,47.236],[9.556,47.212],[9.56,47.192],[9.552,47.176],[9.552,47.168],[9.568,47.16],[9.608,47.124],[9.616,47.112],[9.604,47.076],[9.588,47.064],[9.58,47.056],[10.124,46.848],[10.176,47.272],[10.192,47.38],[9.948,47.524],[9.556,47.532]]]},"properties":{"id":"AT-8"}},
{"type":"Feature","geometry":{"type":"MultiPolygon","coordinates":[[[[10.176,47.272],[10.124,46.848],[10.452,46.864],[10.996,46.768],[11.092,46.912],[11.312,46.988],[11.748,46.972],[12.132,47.08],[12.096,47.28],[12.456,47.332],[12.68,47.5],[12.564,47.64],[11.62,47.588],[11.26,47.4],[11.084,47.388],[10.608,47.564],[10.304,47.304],[10.176,47.272]]],[[[12.468,46.676],[12.672,46.652],[12.944,46.776],[12.632,47.112],[12.204,47.068],[12.112,46.992],[12.268,46.788],[12.468,46.676]]]]},"properties":{"id":"AT-7"}},
{"type":"Feature","geometry":{"type":"Polygon","coordinates":[[[46.136,38.864],[45.768,38.94],[45.536,38.968],[45.496,38.98],[45.116,39.308],[45.052,39.388],[44.824,39.632],[44.808,39.64],[44.564,39.764],[44.46,39.644],[44.404,39.436],[44.048,39.336],[44.188,39.144],[44.14,38.992],[44.276,38.844],[44.288,38.384],[44.424,38.376],[44.204,37.904],[44.596,37.716],[44.564,37.448],[44.8,37.292],[44.768,37.14],[44.88,37.024],[44.832,36.792],[45.036,36.688],[45.008,36.516],[45.24,36.404],[45.348,36.088],[45.5,36.004],[45.816,35.808],[46.06,35.856],[45.964,35.496],[46.124,35.284],[45.796,34.904],[45.5,34.592],[45.448,34.364],[45.536,34.128],[45.42,33.996],[45.724,33.632],[45.964,33.496],[46.156,33.26],[46.096,32.956],[46.272,32.96],[46.6,32.824],[47.06,32.496],[47.344,32.46],[47.58,32.104],[47.832,31.76],[47.68,31.408],[47.676,31.236],[47.672,30.996],[48.016,30.976],[48.012,30.464],[48.156,30.428],[48.396,30.22],[48.532,29.96],[48.936,30.08],[48.864,30.344],[49.244,30.156],[49.48,30.156],[49.6,30.032],[49.916,30.204],[50.052,30.208],[50.144,29.94],[50.396,29.656],[50.656,29.448],[50.644,29.144],[50.92,29.068],[50.812,28.916],[51.06,28.736],[51.14,28.4],[51.264,28.272],[51.38,27.992],[51.584,27.848],[52.012,27.832],[52.568,27.54],[52.68,27.324],[53.072,27.096],[53.412,26.992],[53.492,26.856],[53.716,26.708],[53.996,26.744],[54.308,26.716],[54.388,26.604],[54.8,26.5],[55.272,26.792],[55.556,26.812],[55.684,27.004],[55.94,27.028],[56.124,27.16],[56.352,27.2],[56.808,27.14],[56.972,26.968],[57.092,26.62],[57.076,26.448],[57.164,26.096],[57.328,25.776],[57.964,25.692],[58.072,25.564],[58.548,25.592],[58.812,25.564],[58.996,25.42],[59.252,25.432],[59.904,25.328],[60.364,25.332],[60.548,25.448],[60.632,25.276],[61.032,25.208],[61.412,25.06],[61.588,25.204],[61.66,25.768],[61.76,25.836],[61.856,26.244],[62.244,26.352],[62.292,26.5],[62.752,26.644],[63.14,26.624],[63.264,26.892],[63.252,27.22],[62.8,27.224],[62.816,27.496],[62.736,27.996],[62.768,28.212],[62.576,28.228],[62.364,28.42],[61.892,28.544],[61.652,28.756],[61.28,29.408],[60.844,29.86],[61.784,30.832],[61.828,31.036],[61.748,31.304],[61.608,31.388],[61.124,31.448],[60.82,31.496],[60.776,32.028],[60.832,32.248],[60.576,32.996],[60.568,33.152],[60.832,33.484],[60.92,33.512],[60.512,33.64],[60.488,34.08],[60.644,34.308],[60.892,34.32],[60.716,34.536],[60.948,34.636],[61.064,34.816],[61.108,35.276],[61.268,35.62],[61.224,36.116],[61.076,36.648],[60.344,36.636],[60.02,37.024],[59.508,37.188],[59.372,37.32],[59.352,37.492],[58.86,37.668],[58.516,37.692],[58.372,37.632],[58.18,37.776],[57.736,37.9],[57.352,37.968],[57.344,38.08],[57.136,38.264],[57.04,38.188],[56.74,38.268],[56.436,38.256],[56.168,38.08],[55.708,38.12],[55.424,38.076],[55.132,37.952],[54.856,37.76],[54.784,37.516],[54.188,37.324],[53.912,37.344],[54.032,36.948],[54.016,36.82],[53.704,36.816],[53.492,36.888],[52.78,36.74],[51.908,36.584],[51.088,36.736],[50.576,36.988],[50.324,37.152],[50.148,37.404],[49.44,37.496],[49.132,37.624],[49.016,37.74],[48.908,38.084],[48.876,38.436],[48.612,38.396],[48.536,38.468],[48.224,38.712],[48.012,38.82],[48.06,38.948],[48.3,39.016],[48.124,39.296],[48.328,39.376],[47.956,39.708],[47.788,39.656],[47.624,39.572],[47.26,39.368],[47.012,39.188],[46.868,39.164],[46.516,38.884],[46.136,38.864]]]},"properties":{"id":"IR"}},
{"type":"Feature","geometry":{"type":"Polygon","coordinates":[[[43.664,40.112],[43.32,39.968],[43.972,39.644],[44.46,39.644],[44.564,39.764],[44.808,39.64],[44.776,39.704],[44.38,40.008],[44.032,40.008],[43.664,40.112]]]},"properties":{"id":"TR-76"}},
{"type":"Feature","geometry":{"type":"Polygon","coordinates":[[[44.46,39.644],[43.972,39.644],[43.32,39.968],[43.064,39.988],[42.756,39.924],[42.564,39.952],[42.432,39.492],[42.64,39.236],[42.628,39.004],[42.972,39.104],[43.244,39.408],[43.492,39.312],[44.048,39.336],[44.404,39.436],[44.46,39.644]]]},"properties":{"id":"TR-04"}},
{"type":"Feature","geometry":{"type":"Polygon","coordinates":[[[43.388,37.732],[43.976,37.792],[44.204,37.904],[44.424,38.376],[44.288,38.384],[44.276,38.844],[44.14,38.992],[44.188,39.144],[44.048,39.336],[43.492,39.312],[43.244,39.408],[42.972,39.104],[43.16,38.872],[42.876,38.544],[42.68,38.404],[42.788,38.18],[43.016,38.152],[43.024,37.732],[43.388,37.732]]]},"properties":{"id":"TR-65"}},
{"type":"Feature","geometry":{"type":"Polygon","coordinates":[[[23.484,53.94],[23.336,54.228],[22.812,54.392],[22.788,54.336],[22.664,54.276],[22.348,54.18],[22.624,53.924],[22.544,53.772],[21.936,53.5],[21.524,53.444],[21.692,53.096],[21.976,52.86],[22.376,52.796],[22.412,52.6],[22.584,52.396],[23.088,52.292],[23.176,52.284],[23.392,52.508],[23.736,52.616],[23.92,52.772],[23.892,53.152],[23.592,53.612],[23.484,53.94]]]},"properties":{"id":"PL-PD"}},
{"type":"Feature","geometry":{"type":"Polygon","coordinates":[[[22.768,54.356],[22.7,54.344],[20.928,54.396],[19.76,54.436],[19.272,54.28],[19.208,54.072],[19.492,53.768],[19.128,53.556],[19.284,53.364],[19.68,53.264],[19.748,53.092],[20.24,53.1],[20.704,53.276],[21.096,53.324],[21.524,53.444],[21.936,53.5],[22.544,53.772],[22.624,53.924],[22.348,54.18],[22.664,54.276],[22.788,54.336],[22.812,54.392],[22.768,54.356]]]},"properties":{"id":"PL-WN"}},
{"type":"Feature","geometry":{"type":"Polygon","coordinates":[[[7.196,53.244],[6.732,53.46],[6.188,53.412],[6.168,53.152],[6.308,53.092],[6.468,53.204],[6.74,53.112],[7.072,52.84],[7.184,52.968],[7.196,53.244]]]},"properties":{"id":"NL-GR"}},
{"type":"Feature","geometry":{"type":"Polygon","coordinates":[[[10.328,53.432],[9.908,53.42],[9.764,53.548],[9.568,53.6],[9.276,53.864],[8.86,53.832],[8.572,53.856],[8.512,53.616],[8.556,53.52],[8.168,53.552],[7.952,53.72],[7.228,53.668],[7.024,53.452],[7.196,53.244],[7.184,52.968],[7.072,52.84],[7.036,52.648],[6.72,52.628],[6.696,52.476],[7.048,52.364],[7.028,52.24],[7.56,52.372],[7.972,52.312],[8.024,52.068],[8.488,52.172],[8.428,52.368],[9.128,52.408],[8.984,52.264],[9.208,51.972],[9.46,51.832],[9.44,51.648],[9.596,51.512],[9.948,51.38],[10.696,51.636],[10.584,51.776],[10.66,52.044],[10.944,52.056],[11.084,52.224],[10.952,52.592],[10.756,52.788],[11.016,52.912],[11.264,52.876],[11.58,53.044],[11.276,53.116],[11.088,53.144],[10.6,53.372],[10.328,53.432]],[[8.564,53.212],[8.988,53.092],[8.916,53.024],[8.704,53.08],[8.564,53.212]]]},"properties":{"id":"DE-NI"}},
{"type":"Feature","geometry":{"type":"Polygon","coordinates":[[[6.308,53.092],[6.428,52.96],[6.128,52.852],[6.164,52.692],[6.72,52.628],[7.036,52.648],[7.072,52.84],[6.74,53.112],[6.468,53.204],[6.308,53.092]]]},"properties":{"id":"NL-DR"}},
{"type":"Feature","geometry":{"type":"Polygon","coordinates":[[[6.72,52.628],[6.164,52.692],[6.128,52.852],[5.784,52.804],[5.924,52.74],[5.868,52.52],[6.132,52.42],[6.144,52.248],[6.412,52.244],[6.772,52.108],[7.028,52.24],[7.048,52.364],[6.696,52.476],[6.72,52.628]]]},"properties":{"id":"NL-OV"}},
{"type":"Feature","geometry":{"type":"Polygon","coordinates":[[[8.136,50.684],[8.752,51.172],[8.684,51.364],[8.936,51.392],[9.44,51.648],[9.46,51.832],[9.208,51.972],[8.984,52.264],[9.128,52.408],[8.428,52.368],[8.488,52.172],[8.024,52.068],[7.972,52.312],[7.56,52.372],[7.028,52.24],[6.772,52.108],[6.716,51.9],[6.224,51.864],[5.948,51.748],[6.192,51.508],[6.184,51.336],[5.984,51.076],[5.996,50.748],[6.232,50.588],[6.372,50.324],[6.94,50.556],[7.372,50.644],[7.772,50.856],[8.136,50.684]]]},"properties":{"id":"DE-NW"}},
{"type":"Feature","geometry":{"type":"Polygon","coordinates":[[[5.868,52.52],[5.408,52.268],[5.564,52.072],[5.184,51.968],[5.008,51.824],[5.136,51.736],[5.644,51.824],[5.864,51.76],[5.948,51.748],[6.224,51.864],[6.716,51.9],[6.772,52.108],[6.412,52.244],[6.144,52.248],[6.132,52.42],[5.868,52.52]]]},"properties":{"id":"NL-GE"}},
{"type":"Feature","geometry":{"type":"Polygon","coordinates":[[[5.996,50.748],[5.984,51.076],[6.184,51.336],[6.192,51.508],[5.948,51.748],[5.864,51.76],[5.876,51.356],[5.552,51.216],[5.84,51.14],[5.656,50.808],[5.732,50.76],[5.892,50.752],[5.996,50.748]]]},"properties":{"id":"NL-LI"}},
{"type":"Feature","geometry":{"type":"Polygon","coordinates":[[[9.58,47.056],[9.588,47.064],[9.604,47.076],[9.616,47.112],[9.608,47.124],[9.568,47.16],[9.552,47.168],[9.552,47.176],[9.56,47.192],[9.556,47.212],[9.544,47.236],[9.536,47.252],[9.52,47.264],[9.496,47.228],[9.488,47.196],[9.496,47.156],[9.512,47.128],[9.504,47.096],[9.476,47.064],[9.532,47.056],[9.58,47.056]]]},"properties":{"id":"LI"}},
{"type":"Feature","geometry":{"type":"Polygon","coordinates":[[[-8.484,7.556],[-8.444,7.536],[-8.284,7.016],[-8.316,6.836],[-8.44,6.656],[-8.62,6.492],[-8.172,6.276],[-7.936,6.272],[-7.8,5.976],[-7.56,5.84],[-7.448,5.844],[-7.416,5.628],[-7.408,5.512],[-7.396,5.368],[-7.58,5.056],[-7.604,4.816],[-7.54,4.352],[-7.456,4.344],[-6.916,4.656],[-5.86,5.028],[-5.428,5.1],[-5.324,5.192],[-5.236,5.224],[-4.968,5.136],[-4.62,5.18],[-4.476,5.292],[-4.124,5.308],[-3.84,5.2],[-3.54,5.156],[-3.312,5.12],[-2.948,5.176],[-2.844,5.148],[-2.732,5.356],[-2.78,5.58],[-2.968,5.62],[-3.12,6.164],[-3.172,6.248],[-3.264,6.616],[-3.224,6.848],[-3.096,7.056],[-2.98,7.196],[-2.94,7.576],[-2.84,7.82],[-2.508,8.208],[-2.604,8.784],[-2.66,9.016],[-2.776,9.056],[-2.66,9.272],[-2.688,9.488],[-2.764,9.392],[-2.988,9.708],[-3.204,9.908],[-3.66,9.948],[-3.892,9.892],[-4.272,9.744],[-4.324,9.608],[-4.968,9.9],[-5.12,10.292],[-5.404,10.3],[-5.524,10.424],[-5.808,10.412],[-6.016,10.188],[-6.18,10.216],[-6.208,10.636],[-6.28,10.724],[-6.52,10.564],[-6.668,10.652],[-6.668,10.364],[-6.972,10.332],[-6.96,10.184],[-7.348,10.248],[-7.468,10.428],[-7.708,10.404],[-7.828,10.212],[-7.988,10.16],[-8.152,9.948],[-8.16,9.576],[-8.072,9.396],[-7.864,9.408],[-7.928,9.184],[-7.748,9.076],[-7.916,9.012],[-7.96,8.78],[-7.804,8.748],[-7.692,8.608],[-7.772,8.388],[-7.972,8.496],[-8.2,8.492],[-8.264,8.244],[-7.964,8.028],[-8.068,8.02],[-8.128,7.712],[-8.228,7.544],[-8.484,7.556]]]},"properties":{"id":"CI"}},
{"type":"Feature","geometry":{"type":"Polygon","coordinates":[[[7.504,43.792],[7.96,43.852],[8.132,43.94],[8.232,44.104],[8.632,44.38],[8.828,44.428],[9.232,44.352],[9.512,44.216],[9.772,44.08],[10.028,44.048],[9.688,44.356],[9.476,44.412],[9.492,44.552],[9.204,44.612],[8.96,44.684],[8.832,44.56],[8.564,44.516],[8.264,44.52],[8.248,44.536],[8.004,44.12],[7.688,44.092],[7.504,43.792]]]},"properties":{"id":"IT-42"}},
{"type":"Feature","geometry":{"type":"Polygon","coordinates":[[[7.688,44.092],[7.38,44.124],[6.88,44.356],[6.94,44.656],[7.04,44.712],[6.984,44.848],[6.728,44.928],[6.628,45.124],[6.268,45.124],[6.364,44.868],[6.128,44.856],[5.812,44.712],[5.46,44.372],[5.68,44.192],[5.508,44.12],[5.052,44.296],[4.844,44.24],[4.656,44.328],[4.656,44.28],[4.772,43.932],[4.204,43.46],[4.568,43.372],[5.34,43.336],[5.348,43.216],[5.672,43.18],[6.028,43.08],[6.68,43.2],[6.732,43.408],[6.932,43.48],[7.152,43.656],[7.364,43.724],[7.408,43.764],[7.436,43.744],[7.504,43.792],[7.688,44.092]]]},"properties":{"id":"FR-PAC"}},
{"type":"Feature","geometry":{"type":"Polygon","coordinates":[[[7.024,45.924],[6.852,46.124],[6.788,46.404],[6.612,46.456],[6.216,46.308],[5.96,46.132],[6.12,46.332],[6.06,46.416],[5.88,46.276],[5.648,46.344],[5.508,46.26],[5.312,46.456],[4.936,46.5],[4.796,46.172],[4.384,46.224],[4.288,46.172],[3.888,46.276],[3.98,46.464],[3.74,46.548],[3.624,46.74],[3.46,46.652],[3.028,46.792],[2.716,46.732],[2.612,46.548],[2.252,46.42],[2.568,46.136],[2.596,45.972],[2.488,45.736],[2.52,45.48],[2.196,45.224],[2.06,44.976],[2.204,44.624],[2.456,44.66],[2.728,44.936],[2.98,44.644],[3.044,44.792],[3.368,44.956],[3.46,44.836],[3.872,44.752],[3.992,44.456],[4.252,44.28],[4.656,44.28],[4.656,44.328],[4.844,44.24],[5.052,44.296],[5.508,44.12],[5.68,44.192],[5.46,44.372],[5.812,44.712],[6.128,44.856],[6.364,44.868],[6.268,45.124],[6.628,45.124],[7.064,45.22],[7.076,45.468],[6.784,45.764],[7.024,45.924]]]},"properties":{"id":"FR-ARA"}},
{"type":"Feature","geometry":{"type":"Polygon","coordinates":[[[29.364,66.628],[31.072,66.684],[31.556,66.656],[31.9,66.356],[32.328,66.36],[32.592,66.584],[32.884,66.588],[32.892,66.78],[32.48,66.908],[32.384,67.16],[33.484,66.732],[34.284,66.672],[34.436,66.548],[34.888,66.6],[35.38,66.416],[36.408,66.296],[36.888,66.284],[37.928,66.088],[38.556,66.056],[39.344,66.136],[40.444,66.404],[41.18,66.808],[41.36,67.012],[41.108,67.252],[41.016,67.696],[40.8,67.728],[39.86,68.056],[39.52,68.076],[38.664,68.38],[38.436,68.356],[37.68,68.712],[37.464,68.744],[36.248,69.112],[35.332,69.276],[34.66,69.248],[33.524,69.428],[32.688,69.504],[33.12,69.66],[32.056,69.964],[31.408,69.716],[30.84,69.804],[30.852,69.528],[30.512,69.536],[29.9,69.36],[29.336,69.276],[28.956,69.028],[28.448,68.516],[28.664,68.204],[29.3,68.08],[29.652,67.824],[30.008,67.684],[29.916,67.508],[29.1,66.992],[29.088,66.836],[29.364,66.628]]]},"properties":{"id":"RU-MUR"}},
{"type":"Feature","geometry":{"type":"Polygon","coordinates":[[[29.276,61.304],[29.576,61.172],[29.868,61.176],[32.704,60.644],[33.08,60.736],[33.408,60.988],[33.752,60.944],[33.868,61.072],[33.536,61.22],[34.544,61.272],[35.26,61.256],[35.604,61.188],[36.468,61.408],[36.576,61.528],[36.996,61.596],[37.28,61.5],[37.772,61.524],[37.928,61.968],[37.572,62.36],[37.504,62.644],[37.08,62.656],[36.5,62.828],[36.26,63.032],[36.22,63.416],[35.884,63.572],[36.376,63.644],[36.556,63.764],[36.524,63.972],[35.976,64.2],[35.812,64.344],[35.412,64.288],[34.956,64.452],[34.8,64.756],[34.816,65.044],[34.368,65.392],[34.776,65.596],[34.868,65.876],[34.496,66.116],[33.62,66.308],[33.704,66.444],[33.164,66.556],[33.044,66.576],[32.884,66.588],[32.592,66.584],[32.328,66.36],[31.9,66.356],[31.556,66.656],[31.072,66.684],[29.364,66.628],[29.548,66.432],[29.9,66.108],[30.112,65.712],[29.704,65.628],[29.732,65.496],[29.82,65.092],[29.588,64.992],[30.092,64.36],[30.56,64.22],[30.508,63.992],[30,63.748],[30.488,63.464],[31.224,63.196],[31.568,62.904],[31.224,62.492],[30.636,62.184],[30.144,61.852],[29.276,61.304]]]},"properties":{"id":"RU-KR"}},
{"type":"Feature","geometry":{"type":"Polygon","coordinates":[[[29.976,58.444],[30.168,58.532],[30.1,58.728],[30.688,58.744],[31.16,59.072],[31.452,59.092],[31.564,59.368],[31.828,59.316],[32.124,59.396],[32.292,59.208],[32.584,59.18],[32.956,59.42],[33.244,59.328],[33.52,59.372],[33.856,59.2],[34.248,59.196],[34.728,59.104],[34.9,59.236],[35.3,59.3],[35.496,59.552],[35.384,59.876],[35.156,60.068],[35.26,60.584],[35.156,60.788],[35.44,60.86],[35.604,61.188],[35.26,61.256],[34.544,61.272],[33.536,61.22],[33.868,61.072],[33.752,60.944],[33.408,60.988],[33.08,60.736],[32.704,60.644],[29.868,61.176],[29.576,61.172],[29.276,61.304],[28.796,61.096],[28.004,60.664],[27.808,60.552],[28.216,60.548],[28.72,60.72],[28.608,60.388],[29.092,60.176],[29.416,60.168],[29.632,60.268],[30.392,60.124],[30.512,59.864],[30.756,59.776],[30.26,59.608],[29.696,59.952],[29.16,60.004],[28.844,59.792],[28.428,59.812],[28.376,59.668],[27.992,59.704],[28.02,59.48],[27.696,58.976],[28.132,58.992],[28.272,58.856],[28.552,58.864],[29.232,58.708],[29.54,58.48],[29.976,58.444]]]},"properties":{"id":"RU-LEN"}},
{"type":"Feature","geometry":{"type":"Polygon","coordinates":[[[-54.616,2.328],[-54.776,2.456],[-54.716,2.264],[-54.788,2.128],[-54.752,1.804],[-54.368,1.764],[-53.884,1.4],[-53.556,1.364],[-53.416,0.94],[-53.112,0.72],[-53.128,0.388],[-52.916,-0.192],[-52.828,-0.18],[-52.628,-0.396],[-52.528,-0.648],[-52.5,-0.88],[-52.36,-1.068],[-52.096,-1.176],[-51.908,-1.156],[-51.724,-1.04],[-51.696,-0.748],[-51.444,-0.472],[-51.2,-0.048],[-51.068,-0.02],[-50.928,0.156],[-50.792,0.168],[-50.608,0.372],[-50.464,0.648],[-50.312,0.816],[-49.98,1.072],[-49.872,1.36],[-49.912,1.664],[-50.184,1.82],[-50.468,1.816],[-50.712,2.236],[-50.904,2.792],[-50.944,2.824],[-51.092,3.376],[-51.08,3.884],[-51.224,4.164],[-51.516,4.44],[-51.684,4.04],[-51.988,3.704],[-52.352,3.06],[-52.708,2.36],[-52.96,2.176],[-53.236,2.252],[-53.344,2.348],[-53.532,2.248],[-53.868,2.304],[-54.136,2.112],[-54.476,2.216],[-54.616,2.328]]]},"properties":{"id":"BR-AP"}},
{"type":"Feature","geometry":{"type":"Polygon","coordinates":[[[18.9,45.932],[18.844,45.816],[19.016,45.496],[19.004,45.444],[19.104,45.3],[19.392,45.172],[19.14,45.164],[19.016,44.864],[19.356,44.896],[19.18,44.54],[19.108,44.384],[19.516,44.092],[19.24,43.952],[19.46,43.764],[19.196,43.532],[19.548,43.22],[20.056,43.024],[20.056,43.02],[20.128,42.972],[20.344,42.828],[20.496,42.888],[20.616,43.024],[20.644,43.052],[20.596,43.184],[20.808,43.26],[20.912,43.14],[20.992,43.104],[21.408,42.84],[21.388,42.756],[21.48,42.732],[21.744,42.68],[21.62,42.448],[21.564,42.248],[21.676,42.236],[21.72,42.26],[22.044,42.304],[22.14,42.32],[22.344,42.312],[22.508,42.404],[22.44,42.632],[22.432,42.816],[22.544,42.872],[22.74,42.9],[22.984,43.188],[22.724,43.388],[22.66,43.4],[22.52,43.476],[22.348,43.808],[22.464,44.016],[22.692,44.228],[22.32,44.684],[22.036,44.588],[22.036,44.596],[21.656,44.688],[21.36,44.828],[21.484,45.152],[21.016,45.32],[20.816,45.464],[20.784,45.752],[20.644,45.796],[20.244,46.108],[20.116,46.152],[20.064,46.144],[19.872,46.152],[19.712,46.16],[19.3,46.024],[18.9,45.932]]]},"properties":{"id":"RS"}},
{"type":"Feature","geometry":{"type":"Polygon","coordinates":[[[-5.524,10.424],[-5.432,10.844],[-5.504,11.048],[-5.324,11.136],[-5.22,11.424],[-5.308,11.628],[-5.268,11.844],[-5.168,11.944],[-4.732,12.036],[-4.652,12.072],[-4.408,12.308],[-4.388,12.532],[-4.464,12.716],[-4.244,12.728],[-4.228,12.948],[-4.352,13.12],[-3.964,13.488],[-3.596,13.2],[-3.472,13.168],[-3.248,13.292],[-3.26,13.66],[-2.932,13.64],[-2.84,14.044],[-2.676,14.14],[-2.46,14.28],[-2.084,14.16],[-1.968,14.484],[-1.696,14.496],[-1.352,14.716],[-1.044,14.82],[-0.772,15.056],[-0.5,15.08],[-0.236,15.064],[0.22,14.912],[0.516,14.992],[0.672,14.94],[0.972,14.992],[1.332,15.284],[3,15.34],[3.072,15.428],[3.508,15.352],[3.528,15.496],[3.872,15.72],[4.06,16.3],[4.184,16.416],[4.18,16.808],[4.236,16.996],[4.232,17.976],[4.232,18.644],[4.228,19.144],[3.792,19.06],[3.36,18.976],[3.104,19.152],[3.26,19.412],[3.216,19.796],[2.948,19.94],[2.4,20.056],[2.184,20.28],[2.056,20.216],[1.78,20.304],[1.644,20.524],[1.144,20.796],[1.148,21.1],[0.004,21.848],[-0.964,22.48],[-2.524,23.5],[-3.448,24.108],[-4.82,24.996],[-6.592,24.996],[-6.508,24.276],[-6.372,23.124],[-6.22,21.824],[-6.112,20.92],[-5.964,19.62],[-5.756,17.74],[-5.624,16.528],[-5.352,16.312],[-5.508,15.508],[-6.32,15.496],[-8.016,15.496],[-9.004,15.496],[-9.14,15.496],[-9.672,15.432],[-9.836,15.372],[-10.132,15.372],[-10.308,15.436],[-10.584,15.428],[-10.736,15.424],[-10.916,15.104],[-11.044,15.272],[-11.3,15.452],[-11.408,15.604],[-11.7,15.536],[-11.816,15.296],[-11.836,14.892],[-11.972,14.78],[-12.264,14.776],[-12.164,14.624],[-12.22,14.392],[-11.996,14.168],[-11.964,13.908],[-12.096,13.704],[-11.9,13.384],[-11.612,13.36],[-11.452,13.076],[-11.404,12.732],[-11.46,12.66],[-11.388,12.404],[-11.472,12.136],[-11.352,12.04],[-11.184,12.02],[-11.052,12.204],[-10.908,12.2],[-10.712,11.892],[-10.38,12.18],[-10.268,12.216],[-9.888,12.06],[-9.724,12.024],[-9.628,12.172],[-9.308,12.344],[-9.32,12.496],[-9.028,12.404],[-8.796,11.912],[-8.848,11.656],[-8.728,11.648],[-8.54,11.456],[-8.428,11.4],[-8.696,10.996],[-8.504,11.052],[-8.312,11],[-8.296,10.536],[-8.228,10.424],[-8.016,10.34],[-7.988,10.16],[-7.828,10.212],[-7.708,10.404],[-7.468,10.428],[-7.348,10.248],[-6.96,10.184],[-6.972,10.332],[-6.668,10.364],[-6.668,10.652],[-6.52,10.564],[-6.28,10.724],[-6.208,10.636],[-6.18,10.216],[-6.016,10.188],[-5.808,10.412],[-5.524,10.424]]]},"properties":{"id":"ML"}},
{"type":"Feature","geometry":{"type":"Polygon","coordinates":[[[-12.264,14.776],[-12.472,15],[-12.688,15.092],[-12.748,15.132],[-12.856,15.22],[-12.964,15.508],[-13.236,15.624],[-13.312,15.924],[-13.484,16.156],[-13.72,16.136],[-13.72,16.16],[-13.964,16.232],[-14.016,16.356],[-14.344,16.636],[-14.948,16.672],[-15.124,16.584],[-15.492,16.564],[-15.672,16.48],[-16.328,16.476],[-16.464,16.176],[-16.544,15.808],[-16.54,15.804],[-16.736,15.476],[-16.88,15.232],[-17.18,14.896],[-17.372,14.8],[-17.148,14.612],[-16.812,14.124],[-16.632,14.012],[-16.38,14.168],[-16.372,14.164],[-16.624,13.972],[-16.712,13.772],[-16.56,13.588],[-16.084,13.584],[-15.52,13.584],[-15.5,13.64],[-15.396,13.772],[-15.096,13.82],[-14.86,13.764],[-14.728,13.62],[-14.584,13.66],[-14.464,13.516],[-14.328,13.456],[-13.968,13.576],[-13.884,13.504],[-13.852,13.336],[-14.2,13.228],[-14.552,13.324],[-15.18,13.56],[-15.344,13.364],[-15.808,13.34],[-15.824,13.248],[-15.896,13.156],[-16.672,13.164],[-16.752,13.064],[-16.772,12.584],[-16.628,12.664],[-16.372,12.564],[-16.048,12.656],[-16.024,12.728],[-15.964,12.604],[-16.388,12.552],[-16.58,12.632],[-16.804,12.484],[-16.728,12.332],[-16.384,12.372],[-16.232,12.452],[-15.884,12.444],[-15.676,12.44],[-15.42,12.556],[-15.148,12.68],[-14.872,12.68],[-14.344,12.676],[-13.728,12.672],[-13.36,12.648],[-13.076,12.636],[-12.58,12.36],[-12.36,12.304],[-12.08,12.408],[-11.756,12.384],[-11.388,12.404],[-11.46,12.66],[-11.404,12.732],[-11.452,13.076],[-11.612,13.36],[-11.9,13.384],[-12.096,13.704],[-11.964,13.908],[-11.996,14.168],[-12.22,14.392],[-12.164,14.624],[-12.264,14.776]]]},"properties":{"id":"SN"}},
{"type":"Feature","geometry":{"type":"Polygon","coordinates":[[[3.596,11.696],[3.484,11.392],[3.704,11.12],[3.732,10.824],[3.836,10.632],[3.756,10.404],[3.572,10.284],[3.664,10.128],[3.512,9.848],[3.128,9.428],[3.092,9.128],[2.768,9.056],[2.724,8.772],[2.744,8.528],[2.736,8.212],[2.672,7.892],[2.716,7.66],[2.772,7.052],[2.716,6.98],[2.78,6.7],[2.72,6.504],[2.712,6.476],[2.704,6.368],[3.384,6.396],[3.54,6.456],[4.34,6.372],[4.492,6.32],[4.716,6.164],[5.004,5.856],[5.2,5.5],[5.46,5.132],[5.488,4.836],[5.596,4.636],[5.948,4.336],[6.096,4.28],[6.696,4.348],[6.724,4.592],[6.716,4.356],[6.968,4.376],[7.264,4.572],[7.456,4.552],[7.532,4.704],[7.56,4.524],[8.3,4.552],[8.3,4.784],[8.52,4.704],[8.596,4.816],[8.8,5.16],[8.892,5.62],[8.856,5.848],[8.988,5.936],[9.488,6.42],[9.644,6.52],[9.692,6.536],[9.768,6.772],[9.876,6.788],[10.12,6.996],[10.24,6.872],[10.496,6.876],[10.604,7.06],[10.832,6.944],[10.876,6.816],[11.056,6.7],[11.096,6.448],[11.204,6.436],[11.388,6.472],[11.508,6.612],[11.624,6.932],[11.88,7.104],[11.784,7.304],[11.904,7.452],[12.024,7.596],[12.056,7.784],[12.196,7.976],[12.232,8.188],[12.228,8.388],[12.376,8.596],[12.66,8.66],[12.804,8.832],[12.864,9.384],[13.196,9.544],[13.264,9.8],[13.248,10.08],[13.392,10.116],[13.436,10.152],[13.568,10.68],[13.748,10.944],[13.984,11.276],[14.164,11.24],[14.592,11.496],[14.548,11.72],[14.668,12.168],[14.516,12.324],[14.18,12.384],[14.176,12.544],[14.064,13.076],[13.608,13.704],[13.36,13.716],[13.228,13.548],[12.884,13.496],[12.684,13.288],[12.388,13.08],[12.056,13.116],[11.852,13.244],[11.44,13.364],[10.648,13.368],[10.16,13.268],[9.932,13.144],[9.648,12.832],[9.592,12.8],[8.976,12.844],[8.68,12.924],[8.532,13.064],[8.248,13.212],[8.076,13.312],[7.756,13.328],[7.392,13.112],[7.2,13.116],[7.064,12.996],[6.908,13.008],[6.752,13.176],[6.672,13.32],[6.284,13.668],[6.12,13.656],[5.556,13.872],[5.272,13.752],[4.624,13.724],[4.124,13.472],[4.12,13.212],[4.088,12.996],[3.928,12.752],[3.644,12.528],[3.652,12.268],[3.596,11.696]]]},"properties":{"id":"NG"}},
{"type":"Feature","geometry":{"type":"Polygon","coordinates":[[[3.596,11.696],[2.844,12.4],[2.36,12.22],[2.392,11.896],[2.292,11.676],[2.016,11.432],[1.6,11.388],[1.424,11.452],[1.268,11.248],[1.132,11.248],[1.036,11.048],[0.9,10.992],[0.78,10.692],[0.768,10.368],[0.996,10.216],[1.344,9.956],[1.352,9.596],[1.42,9.292],[1.6,9.048],[1.608,8.588],[1.604,8.368],[1.624,7.624],[1.624,7.536],[1.624,6.996],[1.564,6.904],[1.588,6.72],[1.784,6.276],[1.62,6.212],[1.988,6.288],[2.36,6.336],[2.484,6.348],[2.704,6.368],[2.712,6.476],[2.72,6.504],[2.78,6.7],[2.716,6.98],[2.772,7.052],[2.716,7.66],[2.672,7.892],[2.736,8.212],[2.744,8.528],[2.724,8.772],[2.768,9.056],[3.092,9.128],[3.128,9.428],[3.512,9.848],[3.664,10.128],[3.572,10.284],[3.756,10.404],[3.836,10.632],[3.732,10.824],[3.704,11.12],[3.484,11.392],[3.596,11.696]]]},"properties":{"id":"BJ"}},
{"type":"Feature","geometry":{"type":"MultiPolygon","coordinates":[[[[13.072,-4.636],[12.784,-4.4],[12.608,-4.564],[12.376,-4.62],[12.008,-5.02],[12.124,-5.184],[12.232,-5.48],[12.148,-5.616],[12.212,-5.764],[12.508,-5.728],[12.532,-5.164],[12.444,-5.056],[12.68,-4.924],[12.832,-4.724],[13.072,-4.636]]],[[[13.184,-5.856],[12.928,-5.98],[12.644,-6.028],[12.28,-6.148],[12.62,-6.736],[12.816,-6.948],[12.848,-7.264],[13.096,-7.792],[13.368,-8.324],[13.372,-8.58],[13.38,-8.756],[13.212,-8.816],[12.996,-9.092],[13.144,-9.332],[13.2,-9.708],[13.488,-10.248],[13.544,-10.428],[13.752,-10.648],[13.848,-11.112],[13.796,-11.34],[13.792,-11.748],[13.64,-12.248],[13.364,-12.592],[13.18,-12.6],[12.94,-12.816],[12.944,-12.984],[12.512,-13.444],[12.532,-13.568],[12.504,-13.856],[12.328,-14.092],[12.332,-14.432],[12.272,-14.752],[12.056,-15.232],[11.992,-15.616],[11.736,-15.9],[11.82,-16.48],[11.768,-17.252],[12.096,-17.14],[12.244,-17.224],[12.556,-17.236],[12.888,-17.028],[13.168,-16.952],[13.344,-16.968],[13.944,-17.408],[14.22,-17.388],[15.56,-17.388],[17.28,-17.388],[18,-17.388],[18.452,-17.388],[18.76,-17.748],[19.02,-17.824],[19.672,-17.844],[20.036,-17.896],[20.336,-17.856],[20.564,-17.984],[20.808,-18.032],[20.988,-17.964],[21.216,-17.932],[21.38,-18.012],[22.232,-17.856],[23.38,-17.64],[23.072,-17.404],[23,-17.292],[22.756,-17.156],[22.332,-16.672],[22.152,-16.596],[21.984,-16.164],[21.98,-15.112],[21.98,-13.696],[21.98,-13],[23.224,-13],[24,-13],[23.864,-12.788],[24.032,-12.384],[23.96,-12.196],[23.96,-11.616],[24.06,-11.396],[23.968,-10.872],[23.832,-11.028],[23.496,-10.964],[23.016,-11.104],[22.728,-11.096],[22.536,-11.036],[22.28,-11.236],[22.164,-10.852],[22.324,-10.744],[22.308,-10.612],[22.312,-10.368],[22.16,-9.932],[21.856,-9.616],[21.792,-9.392],[21.84,-9.276],[21.86,-8.848],[21.94,-8.5],[21.912,-8.332],[21.76,-8.016],[21.828,-7.644],[21.86,-7.468],[21.784,-7.284],[20.52,-7.288],[20.612,-6.916],[20.332,-6.916],[20.296,-7],[19.964,-7],[19.52,-7],[19.424,-7.58],[19.332,-7.868],[19.356,-8],[18.176,-8],[18.1,-8.108],[17.9,-8.048],[17.536,-8.076],[17.096,-7.38],[16.996,-7.296],[16.928,-6.888],[16.832,-6.828],[16.732,-6.568],[16.728,-6.188],[16.596,-5.924],[16.316,-5.856],[16.1,-5.86],[14.76,-5.88],[14.576,-5.904],[14.02,-5.872],[13.184,-5.856]]]]},"properties":{"id":"AO"}},
{"type":"Feature","geometry":{"type":"MultiPolygon","coordinates":[[[[16.516,46.5],[16.34,46.544],[16.312,46.532],[16.3,46.528],[16.26,46.512],[16.236,46.484],[16.28,46.38],[16.088,46.372],[16.048,46.316],[15.992,46.292],[15.92,46.272],[15.88,46.26],[15.8,46.248],[15.676,46.216],[15.628,46.196],[15.624,46.076],[15.692,46.04],[15.676,45.972],[15.548,45.824],[15.428,45.776],[15.332,45.752],[15.248,45.712],[15.352,45.668],[15.284,45.572],[15.224,45.436],[15.068,45.472],[14.976,45.492],[14.664,45.572],[14.568,45.664],[14.492,45.58],[14.372,45.476],[14.116,45.472],[13.988,45.512],[13.66,45.46],[13.588,45.488],[13.512,45.436],[13.644,45.072],[13.86,44.824],[13.972,44.828],[14.236,45.156],[14.328,45.352],[14.512,45.3],[14.88,45.036],[14.9,44.692],[15.292,44.364],[15.144,44.196],[15.548,43.876],[15.932,43.676],[16.012,43.504],[16.432,43.548],[16.88,43.404],[17.364,43.08],[17.58,42.944],[17.6,43.072],[17.452,43.148],[17.064,43.528],[16.712,43.772],[16.528,43.968],[16.216,44.208],[16.204,44.352],[16.116,44.52],[15.716,44.788],[15.736,44.936],[15.804,45.196],[15.996,45.22],[16.348,45.02],[16.48,45.2],[16.788,45.18],[16.932,45.28],[17.124,45.168],[17.764,45.112],[18.144,45.096],[18.452,45.084],[18.48,45.068],[18.536,45.088],[18.688,45.08],[18.844,44.876],[18.976,44.864],[19.016,44.864],[19.14,45.164],[19.392,45.172],[19.104,45.3],[19.004,45.444],[19.016,45.496],[18.844,45.816],[18.9,45.932],[18.824,45.904],[18.676,45.912],[18.412,45.744],[17.908,45.792],[17.656,45.852],[17.308,45.98],[16.88,46.312],[16.86,46.364],[16.516,46.5]]],[[[18.436,42.56],[18.368,42.576],[17.652,42.892],[18.216,42.62],[18.496,42.416],[18.436,42.56]]]]},"properties":{"id":"HR"}},
{"type":"Feature","geometry":{"type":"Polygon","coordinates":[[[16.028,46.836],[15.972,46.776],[16.016,46.672],[15.968,46.696],[15.784,46.712],[15.62,46.68],[15.52,46.648],[15.512,46.632],[15.436,46.628],[15.332,46.644],[15.172,46.64],[15.104,46.648],[15.084,46.648],[14.92,46.616],[14.896,46.604],[14.816,46.552],[14.796,46.52],[14.672,46.46],[14.564,46.392],[14.436,46.42],[14.244,46.44],[14.148,46.44],[14.016,46.484],[13.7,46.52],[13.684,46.464],[13.396,46.308],[13.628,46.18],[13.64,46.172],[13.524,46.076],[13.46,46.008],[13.6,45.984],[13.616,45.944],[13.6,45.912],[13.576,45.82],[13.588,45.808],[13.7,45.772],[13.892,45.632],[13.868,45.604],[13.712,45.592],[13.676,45.544],[13.612,45.54],[13.588,45.488],[13.66,45.46],[13.988,45.512],[14.116,45.472],[14.372,45.476],[14.492,45.58],[14.568,45.664],[14.664,45.572],[14.976,45.492],[15.068,45.472],[15.224,45.436],[15.284,45.572],[15.352,45.668],[15.248,45.712],[15.332,45.752],[15.428,45.776],[15.548,45.824],[15.676,45.972],[15.692,46.04],[15.624,46.076],[15.628,46.196],[15.676,46.216],[15.8,46.248],[15.88,46.26],[15.92,46.272],[15.992,46.292],[16.048,46.316],[16.088,46.372],[16.28,46.38],[16.236,46.484],[16.26,46.512],[16.3,46.528],[16.312,46.532],[16.34,46.544],[16.516,46.5],[16.372,46.636],[16.404,46.664],[16.368,46.696],[16.364,46.696],[16.3,46.78],[16.312,46.796],[16.296,46.848],[16.18,46.86],[16.132,46.856],[16.096,46.864],[16.052,46.848],[16.028,46.836]]]},"properties":{"id":"SI"}},
{"type":"Feature","geometry":{"type":"Polygon","coordinates":[[[50.808,24.748],[50.98,24.568],[51.216,24.624],[51.22,24.644],[51.444,24.68],[51.588,24.952],[51.612,25.236],[51.516,25.384],[51.536,25.624],[51.576,25.88],[51.416,25.952],[51.252,26.16],[51.048,26.052],[50.972,25.824],[50.948,25.776],[50.78,25.528],[50.776,25.092],[50.852,24.892],[50.808,24.748]]]},"properties":{"id":"QA"}},
{"type":"Feature","geometry":{"type":"Polygon","coordinates":[[[51.568,24.256],[51.308,24.404],[51.216,24.624],[50.98,24.568],[50.808,24.748],[50.564,25.056],[50.464,25.448],[50.236,25.616],[50.1,25.988],[50.216,26.216],[50.192,26.404],[50.032,26.496],[49.944,26.86],[49.7,26.96],[49.516,27.188],[49.304,27.324],[49.088,27.552],[48.872,27.612],[48.876,27.836],[48.608,28.128],[48.432,28.54],[47.668,28.532],[47.448,28.976],[46.532,29.096],[46.428,29.076],[46.356,29.064],[44.692,29.2],[43.824,29.812],[42.784,30.552],[42.076,31.08],[40.424,31.92],[39.148,32.12],[38.964,31.996],[37.988,31.752],[37.76,31.696],[36.996,31.5],[37.22,31.248],[37.98,30.5],[37.636,30.312],[37.472,29.996],[36.756,29.864],[36.476,29.496],[36.068,29.2],[35.74,29.232],[34.948,29.352],[34.844,28.884],[34.804,28.528],[34.628,28.16],[34.9,28.084],[35.052,28.12],[35.324,27.876],[35.56,27.456],[35.812,27.192],[35.832,27.092],[36.228,26.624],[36.536,26.084],[36.696,26.024],[36.664,25.856],[36.936,25.648],[37.104,25.324],[37.232,25.192],[37.28,24.964],[37.148,24.852],[37.384,24.54],[37.524,24.268],[37.676,24.292],[38.08,24.072],[38.452,23.784],[38.644,23.42],[39.144,22.392],[39.04,22.236],[38.98,21.864],[39.172,21.404],[39.08,21.316],[39.296,20.928],[39.508,20.748],[39.648,20.46],[39.924,20.264],[40.068,20.288],[40.524,19.972],[40.784,19.596],[40.944,19.504],[40.956,19.344],[41.136,18.956],[41.248,18.836],[41.212,18.696],[41.44,18.464],[41.596,18.12],[41.72,17.908],[42.092,17.652],[42.3,17.452],[42.34,17.172],[42.544,17.004],[42.54,16.876],[42.736,16.672],[42.788,16.372],[43.184,16.684],[43.108,16.928],[43.216,17.388],[43.34,17.484],[43.64,17.44],[43.752,17.344],[44.104,17.352],[44.404,17.42],[44.972,17.428],[45.224,17.416],[45.432,17.312],[46.324,17.224],[46.712,17.276],[46.996,16.948],[47.192,16.96],[47.428,17.092],[47.588,17.464],[48.16,18.148],[49.128,18.612],[51.02,18.868],[51.98,18.996],[53.632,19.544],[54.98,19.996],[55.344,21.096],[55.6,21.868],[55.628,22.024],[55.188,22.704],[55.104,22.62],[54.136,22.74],[52.584,22.932],[52.54,22.956],[51.592,24.08],[51.568,24.256]]]},"properties":{"id":"SA"}},
{"type":"Feature","geometry":{"type":"Polygon","coordinates":[[[22.62,-26.112],[22.72,-25.984],[22.844,-25.48],[23.008,-25.312],[23.46,-25.284],[23.924,-25.628],[24.228,-25.648],[24.5,-25.756],[24.8,-25.828],[25.052,-25.736],[25.388,-25.744],[25.588,-25.62],[25.652,-25.464],[25.876,-24.888],[25.868,-24.748],[26.164,-24.66],[26.404,-24.632],[26.532,-24.46],[26.848,-24.248],[26.964,-23.748],[27.128,-23.524],[27.348,-23.392],[27.548,-23.36],[27.608,-23.216],[27.896,-23.08],[27.936,-22.964],[28.34,-22.584],[28.624,-22.564],[28.912,-22.452],[29.048,-22.22],[29.352,-22.188],[29.02,-21.984],[29.04,-21.796],[28.628,-21.652],[28.464,-21.66],[27.992,-21.552],[27.884,-21.312],[27.676,-21.092],[27.7,-20.508],[27.268,-20.496],[27.216,-20.112],[26.676,-19.888],[26.132,-19.5],[25.956,-19.124],[25.968,-19],[25.816,-18.812],[25.76,-18.632],[25.508,-18.4],[25.388,-18.14],[25.228,-17.932],[25.26,-17.796],[24.96,-17.8],[24.724,-17.896],[24.576,-18.044],[24.42,-17.956],[24.184,-18.028],[23.644,-18.468],[23.312,-18.008],[22.98,-18.02],[21.476,-18.3],[20.992,-18.32],[20.976,-19.172],[20.98,-20.352],[20.98,-21],[20.972,-22],[19.98,-22],[19.98,-23.308],[19.98,-23.864],[19.98,-24.752],[20.364,-25.032],[20.796,-25.892],[20.84,-26.132],[20.624,-26.428],[20.608,-26.688],[20.692,-26.888],[20.852,-26.808],[21.124,-26.864],[21.38,-26.824],[21.688,-26.856],[21.768,-26.704],[22.056,-26.616],[22.256,-26.34],[22.62,-26.112]]]},"properties":{"id":"BW"}},
{"type":"Feature","geometry":{"type":"Polygon","coordinates":[[[29.352,-22.188],[29.76,-22.132],[30.3,-22.336],[30.836,-22.284],[31.096,-22.336],[31.288,-22.396],[31.432,-22.304],[32.408,-21.292],[32.444,-21.308],[32.34,-21.136],[32.496,-20.9],[32.468,-20.688],[32.648,-20.556],[32.844,-20.288],[33.032,-19.784],[32.816,-19.652],[32.768,-19.364],[32.864,-19.12],[32.692,-19.016],[32.692,-18.836],[32.884,-18.788],[32.872,-18.536],[32.996,-18.468],[32.936,-18.048],[33.012,-17.384],[32.968,-17.268],[32.828,-16.936],[32.932,-16.816],[32.732,-16.708],[32.672,-16.6],[32.292,-16.452],[31.912,-16.428],[31.688,-16.208],[31.404,-16.164],[31.26,-16.024],[30.972,-16.064],[30.856,-16],[30.404,-16],[30.396,-15.636],[30.296,-15.64],[29.836,-15.616],[29.408,-15.716],[28.948,-15.956],[28.872,-16.088],[28.824,-16.472],[28.28,-16.708],[28.024,-16.864],[27.776,-17],[27.576,-17.364],[27.156,-17.768],[27.048,-17.944],[26.712,-18.064],[26.204,-17.888],[25.98,-18],[25.68,-17.812],[25.496,-17.856],[25.26,-17.796],[25.228,-17.932],[25.388,-18.14],[25.508,-18.4],[25.76,-18.632],[25.816,-18.812],[25.968,-19],[25.956,-19.124],[26.132,-19.5],[26.676,-19.888],[27.216,-20.112],[27.268,-20.496],[27.7,-20.508],[27.676,-21.092],[27.884,-21.312],[27.992,-21.552],[28.464,-21.66],[28.628,-21.652],[29.04,-21.796],[29.02,-21.984],[29.352,-22.188]]]},"properties":{"id":"ZW"}},
{"type":"Feature","geometry":{"type":"Polygon","coordinates":[[[77.048,35.112],[76.776,35.648],[76.572,35.752],[76.564,35.864],[76.168,35.808],[76.06,35.992],[75.896,36.096],[76.016,36.232],[75.976,36.464],[75.792,36.688],[75.412,36.748],[75.352,36.916],[75.1,36.996],[74.912,36.964],[74.544,37.02],[74.096,36.832],[73.712,36.896],[72.564,36.82],[72.212,36.728],[71.736,36.396],[71.628,36.46],[71.168,36.032],[71.34,35.948],[71.592,35.548],[71.592,35.464],[71.632,35.204],[71.444,34.936],[71.288,34.876],[70.984,34.556],[71.124,34.356],[71.048,34.04],[70.864,33.964],[70.52,33.94],[69.904,34.036],[69.84,33.94],[69.996,33.744],[70.172,33.64],[70.156,33.508],[70.296,33.32],[69.88,33.088],[69.48,33.012],[69.428,32.668],[69.228,32.42],[69.3,31.94],[69.004,31.652],[68.776,31.62],[68.528,31.824],[68.1,31.76],[67.748,31.544],[67.748,31.328],[67.348,31.208],[67.024,31.24],[66.944,31.316],[66.696,31.196],[66.552,30.976],[66.368,30.924],[66.268,30.6],[66.32,30.436],[66.196,29.836],[65.036,29.54],[64.5,29.572],[64.208,29.5],[64.088,29.388],[63.568,29.496],[62.604,29.42],[62.376,29.424],[60.844,29.86],[61.28,29.408],[61.652,28.756],[61.892,28.544],[62.364,28.42],[62.576,28.228],[62.768,28.212],[62.736,27.996],[62.816,27.496],[62.8,27.224],[63.252,27.22],[63.264,26.892],[63.14,26.624],[62.752,26.644],[62.292,26.5],[62.244,26.352],[61.856,26.244],[61.76,25.836],[61.66,25.768],[61.588,25.204],[61.88,25.104],[62.08,25.196],[62.364,25.18],[62.476,25.26],[63.028,25.22],[63.18,25.26],[63.5,25.192],[63.572,25.364],[64.068,25.348],[64.664,25.228],[64.808,25.328],[65.156,25.296],[65.396,25.392],[65.672,25.348],[65.86,25.416],[66.252,25.472],[66.436,25.596],[66.716,25.232],[66.704,24.892],[67.176,24.756],[67.3,24.188],[67.632,23.804],[67.864,23.864],[68.104,23.732],[68.184,23.844],[68.432,23.968],[68.724,23.964],[68.724,24.288],[68.98,24.256],[69.564,24.276],[69.672,24.188],[69.972,24.164],[70.108,24.304],[70.564,24.424],[70.56,24.288],[70.756,24.232],[70.916,24.36],[70.956,24.584],[71.056,24.692],[70.86,25.14],[70.648,25.432],[70.656,25.632],[70.264,25.696],[70.064,25.98],[70.132,26.18],[70.16,26.532],[69.816,26.58],[69.464,26.808],[69.576,27.188],[70.016,27.6],[70.188,27.892],[70.456,28.04],[70.632,27.932],[70.832,27.7],[71.312,27.86],[71.56,27.868],[71.86,27.952],[71.892,28.096],[72.148,28.352],[72.256,28.644],[72.384,28.784],[72.9,29.024],[73.232,29.536],[73.372,29.928],[73.74,30.048],[73.948,30.204],[73.852,30.372],[74.164,30.664],[74.328,30.9],[74.6,31.056],[74.508,31.176],[74.612,31.44],[74.488,31.712],[74.564,31.84],[74.828,32.024],[75.296,32.148],[75.3,32.332],[75.024,32.468],[74.724,32.46],[74.648,32.724],[74.316,32.824],[74.324,32.972],[74.004,33.176],[74.14,33.548],[73.976,33.648],[74.036,33.828],[73.944,34.008],[74,34.196],[73.776,34.372],[73.964,34.668],[74.284,34.768],[75.016,34.628],[75.224,34.64],[75.348,34.556],[75.776,34.504],[76.024,34.676],[76.552,34.724],[76.92,34.92],[77.048,35.112]]]},"properties":{"id":"PK"}},
{"type":"Feature","geometry":{"type":"Polygon","coordinates":[[[27.884,42.848],[27.944,43.156],[28.088,43.356],[28.46,43.38],[28.604,43.54],[28.58,43.74],[28.22,43.76],[27.936,43.964],[27.684,43.988],[27.384,44.016],[27.252,44.12],[27.028,44.176],[26.416,44.064],[26.332,44.056],[26.152,44.012],[25.732,43.72],[25.484,43.668],[25.284,43.692],[24.66,43.756],[24.336,43.76],[24.148,43.756],[23.62,43.836],[23.324,43.888],[23.052,43.844],[22.852,43.896],[23.008,44.1],[22.692,44.228],[22.464,44.016],[22.348,43.808],[22.52,43.476],[22.66,43.4],[22.724,43.388],[22.984,43.188],[22.74,42.9],[22.544,42.872],[22.432,42.816],[22.44,42.632],[22.508,42.404],[22.344,42.312],[22.508,42.148],[22.628,42.08],[22.844,42.008],[22.884,41.872],[22.984,41.676],[22.944,41.524],[22.916,41.336],[23.288,41.4],[23.624,41.376],[24.196,41.548],[24.532,41.548],[24.596,41.428],[25.152,41.308],[25.284,41.24],[25.552,41.316],[25.884,41.304],[26.176,41.444],[26.06,41.644],[26.332,41.712],[26.552,41.88],[26.836,41.976],[27.048,42.084],[27.272,42.092],[27.532,41.908],[27.808,41.992],[28.016,41.972],[27.512,42.552],[27.884,42.848]]]},"properties":{"id":"BG"}},
{"type":"Feature","geometry":{"type":"Polygon","coordinates":[[[26.836,41.976],[26.908,41.668],[26.808,41.332],[27.24,41.364],[27.396,41.264],[27.6,41.42],[28.156,41.492],[28.204,41.54],[27.972,41.824],[28.016,41.972],[27.808,41.992],[27.532,41.908],[27.272,42.092],[27.048,42.084],[26.836,41.976]]]},"properties":{"id":"TR-39"}},
{"type":"Feature","geometry":{"type":"Polygon","coordinates":[[[26.836,41.976],[26.552,41.88],[26.332,41.712],[26.596,41.596],[26.636,41.38],[26.332,41.256],[26.36,40.964],[26.044,40.74],[26.076,40.612],[26.78,40.66],[26.788,40.724],[26.716,40.936],[26.828,41.172],[26.808,41.332],[26.908,41.668],[26.836,41.976]]]},"properties":{"id":"TR-22"}},
{"type":"Feature","geometry":{"type":"MultiPolygon","coordinates":[[[[105.184,14.344],[105.416,14.428],[105.512,14.592],[105.488,14.788],[105.584,14.976],[105.444,15.132],[105.592,15.428],[105.652,15.636],[105.448,15.764],[105.424,16.004],[105.108,16.096],[104.988,16.292],[104.756,16.528],[104.756,16.82],[104.748,16.944],[104.816,17.372],[104.716,17.516],[104.48,17.64],[104.28,17.86],[104.204,18.02],[104,18.32],[103.832,18.32],[103.396,18.44],[103.296,18.296],[103.088,18.14],[102.94,18.008],[102.596,17.852],[102.108,18.212],[102.056,18.192],[101.904,18.036],[101.544,17.812],[101.132,17.46],[100.936,17.556],[100.956,17.708],[101.008,17.896],[101.164,18.052],[101.076,18.372],[101.24,18.672],[101.232,18.892],[101.316,19.052],[101.228,19.144],[101.192,19.452],[101.124,19.564],[100.876,19.612],[100.744,19.484],[100.576,19.508],[100.392,19.724],[100.408,19.796],[100.544,20.068],[100.364,20.368],[100.1,20.316],[99.944,20.444],[99.768,20.328],[99.504,20.344],[99.508,20.152],[99.296,20.064],[99.016,20.04],[99.008,19.844],[98.476,19.704],[98.216,19.708],[97.868,19.572],[97.768,19.396],[97.812,19.112],[97.72,18.864],[97.752,18.584],[97.508,18.492],[97.372,18.548],[97.452,18.332],[97.56,18.328],[97.756,17.968],[97.684,17.88],[97.768,17.68],[97.908,17.556],[98.312,17.052],[98.524,16.852],[98.456,16.724],[98.632,16.464],[98.656,16.3],[98.904,16.364],[98.808,16.112],[98.66,16.116],[98.584,15.976],[98.544,15.676],[98.56,15.356],[98.404,15.36],[98.208,15.22],[98.192,14.992],[98.244,14.804],[98.548,14.376],[98.944,14.068],[99.148,13.724],[99.188,13.212],[99.104,13.172],[99.216,12.736],[99.404,12.568],[99.468,12.128],[99.632,11.816],[99.14,11.04],[98.88,10.788],[98.768,10.688],[98.748,10.352],[98.6,9.948],[98.512,9.836],[98.388,9.344],[98.384,9.072],[98.224,8.736],[98.2,8.536],[98.276,8.24],[98.648,8.368],[98.748,8.068],[98.916,8.052],[99.136,7.744],[99.256,7.656],[99.364,7.336],[99.524,7.312],[99.584,7.156],[99.744,7.128],[99.684,6.876],[99.796,6.82],[100.128,6.444],[100.2,6.7],[100.376,6.528],[100.804,6.416],[100.824,6.3],[101.08,6.248],[101.072,5.92],[100.972,5.772],[101.104,5.636],[101.248,5.788],[101.5,5.892],[101.696,5.768],[101.8,5.74],[102.06,6.096],[102.072,6.256],[101.724,6.576],[101.568,6.832],[101.384,6.904],[101.068,6.856],[100.764,6.984],[100.612,7.192],[100.488,7.14],[100.38,7.308],[100.184,7.516],[100.2,7.772],[100.344,7.94],[100.22,8.448],[100.104,8.416],[99.96,8.636],[99.916,9.1],[99.772,9.312],[99.256,9.232],[99.324,9.392],[99.144,9.792],[99.152,10.356],[99.496,10.88],[99.504,10.996],[99.516,11.172],[99.64,11.524],[99.816,11.74],[99.856,11.968],[100.02,12.192],[99.96,12.636],[100.104,13.056],[99.96,13.292],[100.088,13.424],[100.4,13.492],[100.468,13.496],[100.84,13.48],[100.98,13.464],[100.912,13.292],[100.92,12.828],[100.98,12.64],[101.088,12.68],[101.444,12.624],[101.788,12.696],[102.228,12.324],[102.356,12.36],[102.336,12.196],[102.748,12.04],[102.912,11.644],[102.912,11.764],[102.764,12.044],[102.692,12.18],[102.764,12.424],[102.496,12.656],[102.496,12.748],[102.492,12.996],[102.328,13.272],[102.328,13.484],[102.512,13.568],[102.7,13.76],[102.912,14.164],[103.016,14.24],[103.244,14.34],[103.552,14.42],[103.872,14.344],[104.044,14.356],[104.248,14.4],[104.46,14.356],[104.772,14.44],[104.916,14.392],[105.048,14.216],[105.184,14.344]]],[[[98.42,7.904],[98.44,8.064],[98.28,8.192],[98.268,7.892],[98.42,7.904]]]]},"properties":{"id":"TH"}},
{"type":"Feature","geometry":{"type":"Polygon","coordinates":[[[-2.948,35.328],[-2.968,35.312],[-2.944,35.268],[-2.912,35.276],[-2.948,35.328]]]},"properties":{"id":"ES-ML"}},
{"type":"Feature","geometry":{"type":"Polygon","coordinates":[[[88.12,27.86],[88.16,27.776],[88.024,27.496],[88.004,27.248],[88.12,27.14],[88.356,27.084],[88.52,27.176],[88.732,27.148],[88.876,27.28],[88.892,27.316],[88.74,27.544],[88.852,27.844],[88.816,27.996],[88.612,28.104],[88.12,27.86]]]},"properties":{"id":"IN-SK"}},
{"type":"Feature","geometry":{"type":"Polygon","coordinates":[[[88.004,27.248],[87.972,27.104],[88.168,26.744],[88.088,26.54],[88.296,26.336],[87.832,26.012],[87.804,25.872],[88.048,25.668],[88.044,25.548],[87.768,25.436],[87.784,25.216],[87.876,24.94],[87.896,24.672],[87.66,24.188],[87.34,24],[87.24,23.852],[87.08,23.816],[86.876,23.912],[86.8,23.724],[86.46,23.64],[86.216,23.448],[85.996,23.512],[85.828,23.26],[86.144,23.028],[86.452,23.004],[86.4,22.784],[86.748,22.544],[86.78,22.288],[86.688,22.22],[87.192,21.956],[87.408,21.788],[87.476,21.612],[87.704,21.656],[87.972,21.836],[88.204,21.804],[88.248,21.56],[88.392,21.6],[88.764,21.556],[88.88,21.672],[89.084,21.616],[88.992,21.912],[89.06,22.128],[88.844,22.964],[88.956,23.184],[88.684,23.292],[88.72,23.468],[88.54,23.648],[88.592,23.868],[88.716,23.924],[88.732,24.188],[88.14,24.496],[88.02,24.644],[88.204,24.944],[88.324,24.876],[88.432,25.172],[88.9,25.168],[88.976,25.304],[88.772,25.5],[88.532,25.5],[88.42,25.652],[88.076,25.908],[88.164,26.14],[88.496,26.38],[88.656,26.416],[88.808,26.232],[89.044,26.38],[89.132,26.132],[89.352,25.996],[89.604,26.056],[89.656,26.188],[89.828,26.328],[89.86,26.724],[89.756,26.7],[89.368,26.836],[89.184,26.812],[88.956,26.912],[88.732,27.148],[88.52,27.176],[88.356,27.084],[88.12,27.14],[88.004,27.248]]]},"properties":{"id":"IN-WB"}},
{"type":"Feature","geometry":{"type":"Polygon","coordinates":[[[92.08,26.92],[91.52,26.796],[91.012,26.784],[90.944,26.78],[90.588,26.78],[90.384,26.892],[90.088,26.74],[89.86,26.724],[89.828,26.328],[89.656,26.188],[89.832,25.908],[89.808,25.44],[90.004,25.588],[89.976,25.8],[90.136,25.96],[90.484,26.012],[90.976,25.944],[91.252,25.736],[91.584,26.028],[91.72,25.968],[92.164,26.088],[92.216,25.92],[92.168,25.688],[92.384,25.764],[92.788,25.348],[92.804,25.228],[92.564,25.152],[92.384,25.004],[92.252,24.904],[92.148,24.544],[92.3,24.236],[92.488,24.132],[92.828,24.376],[93.02,24.4],[93.088,24.708],[93.188,24.812],[93.448,25.304],[93.336,25.54],[93.708,25.872],[93.988,25.948],[94.008,26.184],[94.36,26.5],[94.488,26.676],[94.692,26.74],[94.916,26.952],[95.176,27.032],[95.644,27.232],[95.904,27.276],[95.98,27.448],[95.776,27.716],[95.964,27.992],[95.716,27.992],[95.544,27.904],[95.312,27.896],[94.476,27.592],[94.352,27.592],[93.984,27.328],[93.696,27.004],[93.02,26.952],[92.816,27.052],[92.212,26.912],[92.08,26.92]]]},"properties":{"id":"IN-AS"}},
{"type":"Feature","geometry":{"type":"Polygon","coordinates":[[[100.128,6.444],[100.2,6.26],[100.348,6.012],[100.356,5.568],[100.432,5.304],[100.404,5.12],[100.452,4.908],[100.576,4.856],[100.632,4.532],[100.564,4.32],[100.632,4.156],[100.776,4.088],[100.72,3.868],[100.84,3.844],[101.296,3.276],[101.372,3.004],[101.284,2.912],[101.544,2.66],[101.72,2.596],[101.86,2.42],[101.988,2.392],[102.188,2.216],[102.488,2.092],[102.72,1.848],[102.804,1.86],[103.368,1.54],[103.504,1.288],[103.68,1.44],[103.84,1.476],[104.22,1.348],[104.296,1.448],[104.12,1.956],[103.948,2.34],[103.768,2.624],[103.64,2.672],[103.436,2.96],[103.428,3.368],[103.484,3.512],[103.34,3.76],[103.436,3.976],[103.444,4.168],[103.496,4.336],[103.448,4.796],[103.12,5.38],[102.544,5.856],[102.316,6.192],[102.072,6.256],[102.06,6.096],[101.8,5.74],[101.696,5.768],[101.5,5.892],[101.248,5.788],[101.104,5.636],[100.972,5.772],[101.072,5.92],[101.08,6.248],[100.824,6.3],[100.804,6.416],[100.376,6.528],[100.2,6.7],[100.128,6.444]]]},"properties":{"id":"MY"}},
{"type":"Feature","geometry":{"type":"Polygon","coordinates":[[[12.428,43.968],[12.416,43.964],[12.384,43.924],[12.388,43.916],[12.42,43.896],[12.44,43.892],[12.464,43.9],[12.48,43.924],[12.484,43.928],[12.492,43.948],[12.492,43.964],[12.428,43.968]]]},"properties":{"id":"SM"}},
{"type":"Feature","geometry":{"type":"Polygon","coordinates":[[[12.484,43.928],[12.752,43.972],[12.46,44.168],[12.384,44.228],[12.268,44.628],[12.392,44.792],[12.272,44.936],[11.796,44.976],[11.42,44.948],[11.256,44.948],[10.888,44.916],[10.68,44.988],[10.5,44.92],[10.072,45.036],[9.884,45.136],[9.548,45.132],[9.424,45.1],[9.2,44.684],[9.204,44.612],[9.492,44.552],[9.476,44.412],[9.688,44.356],[9.936,44.472],[10.136,44.34],[10.252,44.272],[10.472,44.224],[10.612,44.124],[10.816,44.112],[11.048,44.092],[11.2,44.104],[11.528,44.164],[11.72,44.132],[11.716,43.88],[12.104,43.76],[12.284,43.768],[12.42,43.896],[12.388,43.916],[12.384,43.924],[12.416,43.964],[12.428,43.968],[12.492,43.964],[12.492,43.948],[12.484,43.928]]]},"properties":{"id":"IT-45"}},
{"type":"Feature","geometry":{"type":"Polygon","coordinates":[[[12.284,43.768],[12.204,43.616],[12.76,43.46],[12.852,43.208],[12.912,42.964],[13.224,42.848],[13.196,42.736],[13.336,42.688],[13.532,42.808],[13.904,42.9],[13.852,43.068],[13.744,43.292],[13.648,43.476],[13.616,43.56],[13.176,43.752],[12.752,43.972],[12.484,43.928],[12.48,43.924],[12.464,43.9],[12.44,43.892],[12.42,43.896],[12.284,43.768]]]},"properties":{"id":"IT-57"}},
{"type":"Feature","geometry":{"type":"Polygon","coordinates":[[[-71.756,19.712],[-72.048,19.712],[-72.332,19.752],[-72.564,19.876],[-72.776,19.944],[-73.144,19.92],[-73.468,19.724],[-73.408,19.636],[-73.12,19.628],[-72.728,19.424],[-72.804,19.232],[-72.708,18.944],[-72.548,18.784],[-72.324,18.672],[-72.352,18.532],[-72.628,18.556],[-72.756,18.428],[-73.056,18.46],[-73.74,18.544],[-74.256,18.672],[-74.428,18.608],[-74.452,18.36],[-74.184,18.292],[-73.968,18.14],[-73.656,18.252],[-73.376,18.26],[-73.008,18.18],[-72.884,18.14],[-72.44,18.224],[-72.072,18.236],[-71.776,18.04],[-71.72,18.292],[-71.912,18.432],[-72,18.584],[-71.792,18.68],[-71.784,18.684],[-71.72,18.784],[-71.784,18.996],[-71.652,19.216],[-71.748,19.28],[-71.748,19.648],[-71.756,19.712]]]},"properties":{"id":"HT"}},
{"type":"Feature","geometry":{"type":"Polygon","coordinates":[[[-71.776,18.04],[-71.632,17.816],[-71.416,17.604],[-71.28,17.852],[-70.964,18.264],[-70.704,18.432],[-70.58,18.272],[-70.18,18.236],[-70.004,18.416],[-69.98,18.428],[-69.88,18.472],[-69.528,18.412],[-69.236,18.452],[-69.084,18.396],[-68.9,18.404],[-68.744,18.204],[-68.444,18.42],[-68.356,18.656],[-68.784,18.98],[-69.212,19.02],[-69.42,19.112],[-69.62,19.1],[-69.54,19.34],[-69.772,19.304],[-69.896,19.636],[-70.096,19.636],[-70.372,19.716],[-70.624,19.768],[-71,19.936],[-71.22,19.836],[-71.648,19.896],[-71.756,19.712],[-71.748,19.648],[-71.748,19.28],[-71.652,19.216],[-71.784,18.996],[-71.72,18.784],[-71.784,18.684],[-71.792,18.68],[-72,18.584],[-71.912,18.432],[-71.72,18.292],[-71.776,18.04]]]},"properties":{"id":"DO"}},
{"type":"Feature","geometry":{"type":"Polygon","coordinates":[[[22.86,10.92],[22.956,11.208],[22.916,11.396],[22.628,11.508],[22.536,11.68],[22.612,12.072],[22.48,12.176],[22.372,12.464],[22.444,12.612],[22.204,12.744],[21.936,12.64],[21.808,12.792],[21.936,13.06],[22.268,13.336],[22.196,13.58],[22.072,13.772],[22.18,13.92],[22.532,14.124],[22.44,14.248],[22.464,14.628],[22.668,14.68],[22.74,14.98],[22.964,15.224],[22.924,15.564],[23.12,15.708],[23.32,15.68],[23.592,15.748],[23.984,15.72],[23.984,16.94],[23.984,17.872],[23.98,19.496],[22.252,20.352],[20.892,21.02],[19.184,21.864],[18.916,21.996],[17.436,22.728],[15.984,23.444],[14.98,22.996],[15.172,21.992],[15.18,21.508],[15.3,21.4],[15.608,20.952],[15.544,20.8],[15.952,20.376],[15.736,19.904],[15.568,18],[15.492,17.124],[15.468,16.904],[14.368,15.748],[13.832,15.02],[13.764,14.72],[13.608,14.52],[13.448,14.38],[13.608,13.704],[14.064,13.076],[14.42,13.08],[14.48,13],[14.604,12.76],[14.832,12.62],[14.904,12.248],[15.012,12.108],[15.04,12.056],[15.068,11.7],[15.136,11.532],[15.06,11.416],[15.028,11.08],[15.064,10.792],[15.3,10.312],[15.536,10.08],[15.384,9.932],[15.216,9.984],[14.732,9.924],[14.44,9.996],[14.196,9.98],[13.948,9.636],[14.32,9.244],[14.348,9.168],[14.792,8.812],[15.032,8.66],[15.212,8.42],[15.44,7.84],[15.564,7.792],[15.48,7.524],[15.792,7.456],[16.064,7.592],[16.372,7.672],[16.548,7.872],[16.624,7.668],[16.816,7.548],[17.1,7.676],[17.232,7.812],[17.68,7.984],[17.896,7.968],[18.176,8.02],[18.588,8.048],[18.812,8.276],[19.072,8.632],[18.892,8.896],[19.1,9.016],[19.368,9],[19.932,9.064],[20.068,9.14],[20.36,9.116],[20.496,9.272],[20.812,9.42],[21.256,9.976],[21.376,9.972],[21.484,10.164],[21.656,10.232],[21.752,10.412],[21.724,10.636],[22.176,10.816],[22.364,10.956],[22.46,11],[22.86,10.92]]]},"properties":{"id":"TD"}},
{"type":"Feature","geometry":{"type":"MultiPolygon","coordinates":[[[[48.432,28.54],[48.16,29.016],[48.108,29.212],[48.092,29.312],[48.008,29.368],[47.86,29.324],[47.848,29.5],[47.964,29.576],[48.02,29.78],[47.948,29.996],[47.676,30.1],[47.36,30.092],[47.112,29.96],[46.852,29.444],[46.56,29.124],[46.532,29.096],[47.448,28.976],[47.668,28.532],[48.432,28.54]]],[[[48.352,29.708],[48.16,29.88],[48.048,29.8],[48.228,29.6],[48.352,29.708]]]]},"properties":{"id":"KW"}},
{"type":"Feature","geometry":{"type":"Polygon","coordinates":[[[-90.1,13.732],[-89.952,13.664],[-89.808,13.528],[-89.608,13.512],[-89.136,13.416],[-88.832,13.268],[-88.816,13.26],[-88.112,13.172],[-88.092,13.172],[-87.928,13.16],[-87.8,13.264],[-87.816,13.408],[-87.712,13.8],[-87.748,13.844],[-87.952,13.892],[-88.216,13.992],[-88.276,13.92],[-88.496,13.852],[-88.496,13.968],[-88.692,14.012],[-88.972,14.212],[-89.028,14.312],[-89.348,14.412],[-89.36,14.416],[-89.496,14.424],[-89.532,14.224],[-89.748,14.044],[-89.88,14.044],[-90.1,13.86],[-90.1,13.732]]]},"properties":{"id":"SV"}},
{"type":"Feature","geometry":{"type":"Polygon","coordinates":[[[-89.36,14.416],[-89.148,14.712],[-89.188,14.912],[-89.148,15.072],[-88.76,15.3],[-88.468,15.52],[-88.22,15.724],[-88.448,15.86],[-88.624,15.752],[-88.912,15.892],[-89.236,15.908],[-89.192,16.392],[-89.152,17.32],[-89.16,17.816],[-90.26,17.816],[-90.992,17.8],[-90.992,17.252],[-91.432,17.256],[-91.292,17.188],[-91.068,16.92],[-90.736,16.748],[-90.648,16.528],[-90.4,16.348],[-90.448,16.08],[-90.996,16.068],[-91.724,16.068],[-92.104,15.456],[-92.204,15.236],[-92.156,14.996],[-92.16,14.704],[-92.248,14.548],[-92.164,14.488],[-91.66,14.116],[-91.552,14.056],[-91.316,13.956],[-90.912,13.912],[-90.628,13.92],[-90.24,13.788],[-90.1,13.732],[-90.1,13.86],[-89.88,14.044],[-89.748,14.044],[-89.532,14.224],[-89.496,14.424],[-89.36,14.416]]]},"properties":{"id":"GT"}},
{"type":"Feature","geometry":{"type":"MultiPolygon","coordinates":[[[[124.452,-9.18],[124.312,-9.488],[124.032,-9.34],[123.688,-9.612],[123.516,-10.336],[123.828,-10.364],[124.124,-10.172],[124.42,-10.164],[124.972,-9.664],[125.06,-9.484],[124.976,-9.192],[125.152,-9.172],[124.948,-9.08],[124.92,-8.964],[124.452,-9.18]]],[[[120.792,-9.96],[120.436,-9.632],[120.072,-9.44],[119.944,-9.288],[119.82,-9.38],[119.628,-9.34],[119.168,-9.384],[118.94,-9.572],[119.036,-9.676],[119.408,-9.792],[119.476,-9.748],[119.976,-9.992],[120.156,-10.22],[120.392,-10.264],[120.712,-10.208],[120.792,-9.96]]],[[[123.028,-8.288],[122.98,-8.148],[122.796,-8.112],[122.76,-8.36],[122.496,-8.476],[122.288,-8.632],[122.024,-8.5],[121.836,-8.472],[121.508,-8.604],[120.976,-8.336],[120.656,-8.26],[120.276,-8.268],[119.92,-8.46],[119.804,-8.596],[119.824,-8.78],[120.132,-8.772],[120.244,-8.824],[120.592,-8.796],[120.924,-8.928],[121.34,-8.92],[121.396,-8.796],[121.792,-8.884],[122.116,-8.732],[122.408,-8.74],[122.808,-8.612],[122.808,-8.488],[123.028,-8.288]]],[[[123.392,-10.592],[123.224,-10.544],[123.048,-10.712],[122.812,-10.78],[122.84,-10.92],[123.208,-10.812],[123.392,-10.592]]],[[[123.928,-8.228],[123.8,-8.18],[123.356,-8.412],[123.4,-8.588],[123.728,-8.392],[123.928,-8.228]]],[[[125.136,-8.216],[125.092,-8.16],[124.452,-8.148],[124.42,-8.464],[125.124,-8.352],[125.136,-8.216]]]]},"properties":{"id":"ID-NT"}},
{"type":"Feature","geometry":{"type":"MultiPolygon","coordinates":[[[[124.452,-9.18],[124.032,-9.34],[124.312,-9.488],[124.452,-9.18]]],[[[125.06,-9.484],[125.488,-9.24],[125.672,-9.192],[126.048,-9.056],[126.136,-9],[126.432,-8.956],[126.728,-8.76],[127.008,-8.676],[127.304,-8.432],[127.188,-8.332],[126.968,-8.308],[126.688,-8.432],[126.412,-8.42],[126.14,-8.504],[125.828,-8.492],[125.488,-8.568],[125.144,-8.632],[125.104,-8.74],[124.92,-8.964],[124.948,-9.08],[125.152,-9.172],[124.976,-9.192],[125.06,-9.484]]]]},"properties":{"id":"TL"}},
{"type":"Feature","geometry":{"type":"MultiPolygon","coordinates":[[[[115.148,4.908],[115.028,4.82],[115.112,4.384],[115.324,4.316],[115.272,4.636],[115.148,4.908]]],[[[114.98,4.888],[114.76,4.9],[114.496,4.68],[114.252,4.592],[114,4.6],[114.244,4.48],[114.588,4.02],[114.768,4.132],[114.796,4.3],[114.836,4.356],[114.744,4.732],[114.98,4.888]]]]},"properties":{"id":"BN"}},
{"type":"Feature","geometry":{"type":"MultiPolygon","coordinates":[[[[114.208,1.44],[113.908,1.444],[113.648,1.232],[113.504,1.316],[113.088,1.432],[113.024,1.536],[112.472,1.568],[112.18,1.448],[112.1,1.156],[111.824,1.008],[111.352,1.012],[111.196,1.076],[110.852,0.996],[110.552,0.852],[110.256,1.04],[110.172,1.176],[109.976,1.288],[109.676,1.572],[109.648,1.76],[109.528,1.888],[109.644,2.084],[109.34,1.936],[109.348,1.808],[109.096,1.56],[108.928,1.14],[108.98,0.996],[108.856,0.832],[108.928,0.64],[108.92,0.34],[109.104,0.244],[109.168,0.112],[109.176,-0.212],[109.092,-0.288],[109.124,-0.5],[109.272,-0.852],[109.44,-0.844],[109.736,-0.956],[110.068,-1.432],[110.032,-1.648],[109.92,-1.768],[110.076,-1.924],[110.096,-2.196],[110.22,-2.532],[110.264,-3.004],[110.508,-2.876],[110.792,-2.944],[110.96,-2.884],[111.136,-2.732],[111.136,-2.404],[111.012,-2.128],[111.012,-1.528],[111.132,-1.532],[111.416,-1.268],[111.576,-1.188],[111.652,-1.016],[112.12,-0.736],[112.38,-0.756],[112.58,-0.704],[113.004,-0.52],[113.428,-0.192],[113.532,0.26],[113.776,0.56],[113.948,0.864],[113.864,0.976],[114.192,1.216],[114.208,1.44]]],[[[109.76,-1.104],[109.704,-0.984],[109.452,-1.004],[109.48,-1.3],[109.76,-1.104]]]]},"properties":{"id":"ID-KB"}},
{"type":"Feature","geometry":{"type":"Polygon","coordinates":[[[12.564,47.64],[12.68,47.5],[12.456,47.332],[12.096,47.28],[12.132,47.08],[12.204,47.068],[12.632,47.112],[13.06,47.028],[13.308,47.088],[13.784,46.956],[13.936,47.152],[13.58,47.488],[13.496,47.796],[12.968,48.032],[12.848,47.984],[13.076,47.648],[13.036,47.492],[12.564,47.64]]]},"properties":{"id":"AT-5"}},
{"type":"Feature","geometry":{"type":"Polygon","coordinates":[[[10.844,45.836],[10.644,45.608],[10.66,45.42],[10.708,45.328],[11.212,45.104],[11.42,44.948],[11.796,44.976],[12.272,44.936],[12.392,44.792],[12.528,44.944],[12.32,45.164],[12.2,45.276],[12.148,45.292],[12.272,45.464],[12.488,45.456],[13.096,45.652],[12.972,45.844],[12.672,45.804],[12.424,46.044],[12.336,46.268],[12.5,46.404],[12.748,46.64],[12.672,46.652],[12.468,46.676],[11.832,46.504],[11.804,46.344],[11.968,46.196],[11.712,46.1],[11.684,45.984],[11.28,45.92],[11.132,45.7],[10.844,45.836]]]},"properties":{"id":"IT-34"}},
{"type":"Feature","geometry":{"type":"Polygon","coordinates":[[[12.672,46.652],[12.748,46.64],[13.232,46.552],[13.7,46.52],[14.016,46.484],[14.148,46.44],[14.244,46.44],[14.436,46.42],[14.564,46.392],[14.672,46.46],[14.796,46.52],[14.816,46.552],[14.896,46.604],[14.92,46.616],[15.084,46.648],[15.104,46.648],[15.008,46.912],[14.848,47.04],[14.396,47],[14.2,47.056],[13.784,46.956],[13.308,47.088],[13.06,47.028],[12.632,47.112],[12.944,46.776],[12.672,46.652]]]},"properties":{"id":"AT-2"}},
{"type":"Feature","geometry":{"type":"Polygon","coordinates":[[[13.096,45.652],[13.424,45.724],[13.584,45.788],[13.712,45.592],[13.868,45.604],[13.892,45.632],[13.7,45.772],[13.588,45.808],[13.576,45.82],[13.6,45.912],[13.616,45.944],[13.6,45.984],[13.46,46.008],[13.524,46.076],[13.64,46.172],[13.628,46.18],[13.396,46.308],[13.684,46.464],[13.7,46.52],[13.232,46.552],[12.748,46.64],[12.5,46.404],[12.336,46.268],[12.424,46.044],[12.672,45.804],[12.972,45.844],[13.096,45.652]]]},"properties":{"id":"IT-36"}},
{"type":"Feature","geometry":{"type":"Polygon","coordinates":[[[7.364,43.724],[7.436,43.744],[7.408,43.764],[7.364,43.724]]]},"properties":{"id":"MC"}},
{"type":"Feature","geometry":{"type":"Polygon","coordinates":[[[-8.684,27.66],[-8.684,27.284],[-7.296,26.472],[-5.66,25.508],[-4.82,24.996],[-3.448,24.108],[-2.524,23.5],[-0.964,22.48],[0.004,21.848],[1.148,21.1],[1.144,20.796],[1.644,20.524],[1.78,20.304],[2.056,20.216],[2.184,20.28],[2.4,20.056],[2.948,19.94],[3.216,19.796],[3.26,19.412],[3.104,19.152],[3.36,18.976],[3.792,19.06],[4.228,19.144],[5.748,19.432],[5.836,19.48],[6.608,20.144],[7.484,20.872],[8.636,21.552],[9.724,22.192],[11.084,22.996],[11.968,23.516],[11.712,24],[11.568,24.268],[11.468,24.328],[10.72,24.552],[10.452,24.476],[10.26,24.576],[10.192,24.748],[10.032,24.856],[10.02,25.268],[9.968,25.396],[9.4,26.112],[9.484,26.352],[9.836,26.504],[9.912,26.844],[9.824,26.92],[9.72,27.292],[9.932,27.82],[9.776,28.268],[9.828,28.62],[9.828,29.128],[9.668,29.608],[9.368,30.024],[9.52,30.228],[9.064,32],[9.02,32.104],[8.332,32.528],[8.284,32.836],[8.088,33.096],[7.752,33.208],[7.708,33.412],[7.552,33.66],[7.48,33.892],[7.54,34.112],[7.776,34.26],[7.832,34.416],[8.104,34.536],[8.26,34.74],[8.312,35.104],[8.432,35.24],[8.292,35.404],[8.328,35.62],[8.268,35.968],[8.356,36.356],[8.168,36.492],[8.408,36.644],[8.604,36.94],[8.232,36.96],[7.908,36.848],[7.772,36.888],[7.492,37.056],[7.264,37.076],[7.24,36.972],[6.908,36.892],[6.584,36.988],[6.464,37.092],[6.248,36.936],[5.76,36.832],[5.428,36.664],[4.788,36.896],[4.592,36.896],[4.04,36.896],[3.828,36.912],[3.46,36.776],[3.172,36.744],[2.984,36.816],[2.632,36.604],[2.308,36.632],[1.7,36.548],[1.044,36.488],[0.74,36.336],[0.128,36.052],[0.036,35.864],[-0.112,35.788],[-0.348,35.908],[-0.684,35.716],[-0.824,35.768],[-1.108,35.624],[-1.36,35.32],[-1.76,35.128],[-2.224,35.088],[-2.192,35.004],[-1.788,34.756],[-1.872,34.596],[-1.672,34.092],[-1.72,33.9],[-1.612,33.52],[-1.676,33.236],[-1.5,33.06],[-1.56,32.932],[-1.424,32.744],[-1.048,32.516],[-1.216,32.392],[-1.272,32.228],[-1.248,32.08],[-2.516,32.132],[-2.94,32.048],[-2.828,31.796],[-3.16,31.732],[-3.66,31.648],[-3.672,31.388],[-3.816,31.22],[-3.556,30.956],[-3.644,30.712],[-3.836,30.628],[-4.372,30.508],[-4.484,30.384],[-4.772,30.228],[-5.176,29.976],[-5.54,29.524],[-5.756,29.616],[-6,29.58],[-6.344,29.572],[-6.7,29.516],[-6.784,29.448],[-7.148,29.508],[-7.348,29.384],[-7.62,29.388],[-8.068,29.08],[-8.384,28.904],[-8.684,28.664],[-8.684,27.66]]]},"properties":{"id":"DZ"}},
{"type":"Feature","geometry":{"type":"Polygon","coordinates":[[[34.964,-11.572],[34.652,-11.572],[34.564,-11.832],[34.356,-12.204],[34.496,-12.688],[34.584,-13.404],[34.864,-13.516],[35.084,-13.704],[35.456,-14.136],[35.752,-14.544],[35.904,-14.888],[35.788,-15.212],[35.836,-15.46],[35.796,-15.932],[35.696,-16.108],[35.376,-16.14],[35.3,-16.208],[35.236,-16.4],[35.132,-16.536],[35.28,-16.7],[35.292,-17.128],[35.08,-17.124],[35.096,-16.816],[34.888,-16.7],[34.384,-16.188],[34.388,-16.036],[34.232,-15.888],[34.344,-15.732],[34.42,-15.576],[34.56,-15.2],[34.584,-14.984],[34.5,-14.576],[34.38,-14.412],[34.344,-14.388],[33.62,-14.56],[33.356,-14.232],[33.204,-14.012],[31.66,-14.52],[31.412,-14.632],[30.816,-14.768],[30.216,-14.98],[30.288,-15.28],[30.368,-15.376],[30.396,-15.636],[30.404,-16],[30.856,-16],[30.972,-16.064],[31.26,-16.024],[31.404,-16.164],[31.688,-16.208],[31.912,-16.428],[32.292,-16.452],[32.672,-16.6],[32.732,-16.708],[32.932,-16.816],[32.828,-16.936],[32.968,-17.268],[33.012,-17.384],[32.936,-18.048],[32.996,-18.468],[32.872,-18.536],[32.884,-18.788],[32.692,-18.836],[32.692,-19.016],[32.864,-19.12],[32.768,-19.364],[32.816,-19.652],[33.032,-19.784],[32.844,-20.288],[32.648,-20.556],[32.468,-20.688],[32.496,-20.9],[32.34,-21.136],[32.444,-21.308],[32.408,-21.292],[31.432,-22.304],[31.288,-22.396],[31.536,-23.156],[31.52,-23.416],[31.74,-23.836],[31.856,-23.964],[31.928,-24.276],[31.988,-24.424],[31.992,-25.652],[31.912,-25.784],[31.948,-25.96],[32.056,-26.04],[32.04,-26.284],[32.116,-26.584],[32.112,-26.84],[32.892,-26.848],[32.928,-26.268],[32.68,-26.188],[32.516,-25.948],[32.66,-25.912],[32.872,-25.544],[33.132,-25.38],[33.728,-25.104],[34.48,-24.852],[34.648,-24.812],[35.108,-24.596],[35.492,-24.112],[35.544,-23.864],[35.396,-23.84],[35.52,-22.908],[35.492,-22.564],[35.544,-22.408],[35.496,-22.14],[35.336,-22.088],[35.272,-21.644],[35.152,-21.452],[35.056,-21.136],[35.112,-20.952],[34.992,-20.732],[34.744,-20.552],[34.68,-20.348],[34.776,-20.136],[34.756,-19.868],[34.88,-19.864],[35.34,-19.52],[35.664,-19.132],[36.132,-18.808],[36.244,-18.884],[36.552,-18.488],[36.888,-18.188],[37.088,-17.868],[37.36,-17.648],[37.908,-17.356],[38.596,-17.096],[39.092,-16.984],[39.128,-16.872],[39.7,-16.532],[39.812,-16.276],[39.992,-16.224],[40.164,-15.916],[40.572,-15.504],[40.68,-15.232],[40.672,-14.976],[40.836,-14.804],[40.844,-14.464],[40.608,-14.14],[40.652,-14.032],[40.528,-13.512],[40.568,-13.368],[40.56,-12.812],[40.648,-12.756],[40.48,-12.484],[40.536,-11.996],[40.428,-11.64],[40.472,-11.416],[40.348,-11.316],[40.508,-11.188],[40.496,-10.956],[40.604,-10.82],[40.532,-10.508],[40.436,-10.476],[40.008,-10.812],[39.76,-10.944],[39.484,-11],[39.288,-11.156],[38.896,-11.168],[38.656,-11.276],[38.492,-11.412],[38.256,-11.276],[38.092,-11.256],[37.876,-11.32],[37.784,-11.56],[37.428,-11.724],[37.044,-11.596],[36.82,-11.572],[36.748,-11.668],[36.2,-11.7],[36.168,-11.58],[35.828,-11.412],[35.656,-11.58],[34.964,-11.572]]]},"properties":{"id":"MZ"}},
{"type":"Feature","geometry":{"type":"Polygon","coordinates":[[[31.948,-25.96],[31.748,-25.932],[31.428,-25.744],[31.12,-25.912],[30.896,-26.292],[30.784,-26.472],[30.884,-26.784],[30.976,-27.036],[31.244,-27.232],[31.528,-27.312],[31.968,-27.316],[31.944,-27.164],[31.992,-26.84],[32.112,-26.84],[32.116,-26.584],[32.04,-26.284],[32.056,-26.04],[31.948,-25.96]]]},"properties":{"id":"SZ"}},
{"type":"Feature","geometry":{"type":"Polygon","coordinates":[[[29.404,-4.448],[29.728,-4.46],[30.004,-4.272],[30.176,-4.04],[30.372,-3.704],[30.612,-3.376],[30.8,-3.276],[30.82,-2.992],[30.488,-2.944],[30.416,-2.644],[30.556,-2.4],[30.348,-2.324],[30.14,-2.432],[29.956,-2.328],[29.904,-2.636],[29.824,-2.764],[29.636,-2.792],[29.444,-2.808],[29.308,-2.692],[29.128,-2.596],[29.016,-2.72],[29.088,-2.928],[29.24,-3.104],[29.236,-3.272],[29.212,-3.408],[29.224,-3.572],[29.216,-3.708],[29.216,-3.9],[29.368,-4.188],[29.404,-4.448]]]},"properties":{"id":"BI"}},
{"type":"Feature","geometry":{"type":"Polygon","coordinates":[[[29.016,-2.72],[29.128,-2.596],[29.308,-2.692],[29.444,-2.808],[29.636,-2.792],[29.824,-2.764],[29.904,-2.636],[29.956,-2.328],[30.14,-2.432],[30.348,-2.324],[30.556,-2.4],[30.836,-2.344],[30.888,-2.084],[30.828,-1.96],[30.832,-1.596],[30.736,-1.408],[30.556,-1.32],[30.472,-1.068],[30.46,-1.064],[30.292,-1.152],[30.064,-1.388],[29.896,-1.468],[29.824,-1.324],[29.576,-1.388],[29.444,-1.496],[29.36,-1.508],[29.188,-1.74],[29.132,-1.844],[29.152,-2.152],[28.86,-2.42],[28.892,-2.652],[29.016,-2.72]]]},"properties":{"id":"RW"}},
{"type":"Feature","geometry":{"type":"MultiPolygon","coordinates":[[[[97.324,28.216],[97.332,27.896],[97.224,27.9],[96.872,27.62],[96.904,27.408],[97.06,27.092],[96.864,27.172],[96.76,27.34],[96.144,27.256],[95.392,26.692],[95.248,26.648],[95.04,26.476],[95.048,26.248],[95.14,26.028],[95,25.924],[95.008,25.736],[94.652,25.448],[94.552,25.244],[94.708,25.024],[94.288,24.316],[94.128,23.852],[93.612,24.008],[93.456,23.96],[93.304,24.036],[93.432,23.648],[93.376,23.128],[93.08,22.772],[93.168,22.248],[92.852,22.024],[92.708,22.148],[92.576,21.976],[92.592,21.496],[92.64,21.308],[92.324,21.46],[92.184,21.316],[92.264,21.06],[92.38,20.7],[92.652,20.42],[92.832,20.48],[92.9,20.308],[92.772,20.2],[93.148,19.996],[93.376,20.088],[93.564,19.916],[93.6,19.784],[93.74,19.616],[93.916,19.472],[93.984,19.464],[93.988,19.388],[93.928,19.3],[93.796,19.236],[93.496,19.312],[93.752,18.972],[93.932,18.86],[94.132,18.848],[94.28,18.48],[94.388,18.364],[94.48,18.096],[94.448,17.972],[94.596,17.616],[94.568,17.464],[94.572,17.312],[94.38,16.888],[94.404,16.788],[94.272,16.54],[94.216,16.156],[94.34,15.996],[94.508,16.188],[94.564,15.96],[94.86,15.784],[95.172,15.776],[95.396,15.716],[95.664,15.948],[95.756,16.144],[95.98,16.224],[96.016,16.38],[96.12,16.32],[96.616,16.52],[96.8,16.736],[96.828,16.892],[96.912,17.068],[96.848,17.212],[96.884,17.456],[97.068,17.252],[97.2,16.996],[97.256,16.696],[97.404,16.516],[97.704,16.572],[97.74,16.56],[97.628,16.436],[97.648,16.284],[97.584,16.008],[97.728,15.844],[97.796,15.408],[97.796,14.88],[98.108,14.132],[98.06,14.012],[98.104,13.7],[98.244,13.716],[98.432,13.48],[98.692,12.712],[98.552,12.28],[98.72,11.964],[98.7,11.388],[98.76,11.268],[98.712,10.924],[98.46,10.716],[98.528,10.364],[98.492,10.204],[98.588,10.044],[98.748,10.352],[98.768,10.688],[98.88,10.788],[99.14,11.04],[99.632,11.816],[99.468,12.128],[99.404,12.568],[99.216,12.736],[99.104,13.172],[99.188,13.212],[99.148,13.724],[98.944,14.068],[98.548,14.376],[98.244,14.804],[98.192,14.992],[98.208,15.22],[98.404,15.36],[98.56,15.356],[98.544,15.676],[98.584,15.976],[98.66,16.116],[98.808,16.112],[98.904,16.364],[98.656,16.3],[98.632,16.464],[98.456,16.724],[98.524,16.852],[98.312,17.052],[97.908,17.556],[97.768,17.68],[97.684,17.88],[97.756,17.968],[97.56,18.328],[97.452,18.332],[97.372,18.548],[97.508,18.492],[97.752,18.584],[97.72,18.864],[97.812,19.112],[97.768,19.396],[97.868,19.572],[98.216,19.708],[98.476,19.704],[99.008,19.844],[99.016,20.04],[99.296,20.064],[99.508,20.152],[99.504,20.344],[99.768,20.328],[99.944,20.444],[100.1,20.316],[100.212,20.696],[100.384,20.832],[100.608,20.84],[100.724,21.312],[101.004,21.404],[101.16,21.552],[101.068,21.764],[100.796,21.628],[100.62,21.468],[100.328,21.524],[100.188,21.428],[100.084,21.684],[99.952,21.72],[99.944,22.044],[99.44,22.124],[99.168,22.204],[99.356,22.496],[99.308,22.72],[99.536,22.948],[99.352,23.12],[99.216,23.056],[98.912,23.296],[98.856,23.604],[98.664,23.968],[98.504,24.12],[98.18,24.12],[97.888,24.024],[97.648,23.868],[97.516,23.944],[97.708,24.124],[97.64,24.44],[97.52,24.432],[97.536,24.744],[97.664,24.828],[97.736,25.092],[98.108,25.388],[98.152,25.612],[98.332,25.568],[98.46,25.796],[98.692,25.88],[98.544,26.104],[98.704,26.176],[98.748,26.772],[98.672,27.176],[98.68,27.576],[98.4,27.676],[98.296,27.536],[98.108,27.972],[98.116,28.144],[97.7,28.488],[97.528,28.528],[97.436,28.288],[97.324,28.216]]],[[[93.972,19.416],[93.82,19.472],[93.732,19.556],[93.772,19.3],[93.856,19.28],[93.964,19.364],[93.972,19.416]]]]},"properties":{"id":"MM"}},
{"type":"Feature","geometry":{"type":"MultiPolygon","coordinates":[[[[89.06,22.128],[89.104,21.816],[89.464,21.78],[89.816,21.84],[89.84,22.268],[89.98,22.472],[89.88,22.288],[89.936,21.996],[90.184,21.8],[90.332,22.04],[90.46,22.092],[90.612,22.316],[90.488,22.72],[90.452,23.048],[90.6,23.116],[90.552,23.4],[90.604,23.496],[90.704,23.556],[90.6,23.448],[90.668,23.268],[90.628,23.088],[90.776,22.78],[90.956,22.576],[91.204,22.544],[91.244,22.704],[91.456,22.784],[91.676,22.536],[91.856,22.108],[91.908,21.78],[92.024,21.6],[91.96,21.424],[92.052,21.156],[92.264,21.06],[92.184,21.316],[92.324,21.46],[92.64,21.308],[92.592,21.496],[92.576,21.976],[92.496,22.696],[92.38,22.9],[92.356,23.288],[92.26,23.704],[92.004,23.648],[91.744,23.272],[91.796,23.088],[91.536,22.98],[91.464,23.184],[91.3,23.144],[91.228,23.468],[91.14,23.612],[91.216,23.908],[91.308,23.992],[91.364,24.1],[91.596,24.104],[92.108,24.404],[92.148,24.544],[92.252,24.904],[92.384,25.004],[92,25.184],[91.472,25.132],[91.236,25.2],[90.936,25.156],[90.364,25.148],[89.908,25.296],[89.8,25.404],[89.808,25.44],[89.832,25.908],[89.656,26.188],[89.604,26.056],[89.352,25.996],[89.132,26.132],[89.044,26.38],[88.808,26.232],[88.656,26.416],[88.496,26.38],[88.164,26.14],[88.076,25.908],[88.42,25.652],[88.532,25.5],[88.772,25.5],[88.976,25.304],[88.9,25.168],[88.432,25.172],[88.324,24.876],[88.204,24.944],[88.02,24.644],[88.14,24.496],[88.732,24.188],[88.716,23.924],[88.592,23.868],[88.54,23.648],[88.72,23.468],[88.684,23.292],[88.956,23.184],[88.844,22.964],[89.06,22.128]]],[[[90.792,22.496],[90.688,22.376],[90.604,22.044],[90.836,22.18],[90.792,22.496]]]]},"properties":{"id":"BD"}},
{"type":"Feature","geometry":{"type":"Polygon","coordinates":[[[-1.748,43.296],[-1.404,43.244],[-1.276,43.048],[-0.744,42.92],[-0.56,42.772],[-0.304,42.832],[-0.292,42.988],[0.024,43.34],[-0.108,43.576],[-0.236,43.588],[-0.168,43.932],[0.084,43.968],[0.74,44.068],[1.064,44.38],[1.076,44.576],[1.436,44.884],[1.46,45.016],[1.8,44.932],[2.06,44.976],[2.196,45.224],[2.52,45.48],[2.488,45.736],[2.596,45.972],[2.568,46.136],[2.252,46.42],[2.14,46.42],[1.88,46.44],[1.416,46.352],[1.176,46.388],[0.88,46.752],[0.672,46.964],[0.432,46.932],[0.068,47.152],[-0.108,47.068],[-0.556,47.06],[-0.948,47],[-0.712,46.804],[-0.616,46.548],[-0.756,46.3],[-1.12,46.312],[-1.048,46.04],[-1.196,45.712],[-0.84,45.516],[-0.708,45.324],[-1.14,45.492],[-1.252,44.468],[-1.348,44.02],[-1.512,43.54],[-1.796,43.388],[-1.748,43.296]]]},"properties":{"id":"FR-NAQ"}},
{"type":"Feature","geometry":{"type":"Polygon","coordinates":[[[-1.748,43.296],[-2.044,42.996],[-2.252,42.9],[-2.408,42.496],[-2.076,42.444],[-1.696,42.216],[-1.852,42],[-1.42,41.908],[-1.316,42.036],[-1.416,42.22],[-1.34,42.416],[-1.144,42.64],[-0.904,42.744],[-0.744,42.92],[-1.276,43.048],[-1.404,43.244],[-1.748,43.296]]]},"properties":{"id":"ES-NC"}},
{"type":"Feature","geometry":{"type":"Polygon","coordinates":[[[-1.796,43.388],[-2.1,43.304],[-2.408,43.328],[-2.756,43.452],[-3.152,43.36],[-3.432,43.244],[-3.424,43.14],[-3.14,43.164],[-3.28,42.888],[-2.836,42.644],[-2.616,42.508],[-2.408,42.496],[-2.252,42.9],[-2.044,42.996],[-1.748,43.296],[-1.796,43.388]]]},"properties":{"id":"ES-PV"}},
{"type":"Feature","geometry":{"type":"Polygon","coordinates":[[[-0.744,42.92],[-0.904,42.744],[-1.144,42.64],[-1.34,42.416],[-1.416,42.22],[-1.316,42.036],[-1.42,41.908],[-1.852,42],[-1.856,41.956],[-1.808,41.672],[-2.1,41.444],[-2.052,41.152],[-1.944,41.164],[-1.62,40.948],[-1.544,40.816],[-1.588,40.572],[-1.808,40.404],[-1.448,40.148],[-1.164,40.012],[-1.144,39.972],[-0.792,39.876],[-0.288,40.388],[-0.296,40.604],[-0.164,40.78],[0.172,40.732],[0.272,40.828],[0.216,41.072],[0.36,41.232],[0.34,41.404],[0.44,41.548],[0.328,41.676],[0.596,41.876],[0.704,42.12],[0.76,42.568],[0.664,42.696],[0.468,42.692],[-0.04,42.684],[-0.304,42.832],[-0.56,42.772],[-0.744,42.92]]]},"properties":{"id":"ES-AR"}},
{"type":"Feature","geometry":{"type":"Polygon","coordinates":[[[-0.304,42.832],[-0.04,42.684],[0.468,42.692],[0.664,42.696],[0.856,42.812],[1.32,42.712],[1.428,42.596],[1.452,42.604],[1.596,42.62],[1.76,42.568],[1.716,42.54],[1.708,42.504],[1.712,42.492],[2.052,42.352],[2.276,42.428],[2.464,42.34],[2.932,42.472],[3.18,42.432],[3.052,42.556],[3.048,42.836],[3.116,43.108],[3.244,43.22],[3.512,43.28],[3.94,43.532],[4.104,43.552],[4.204,43.46],[4.772,43.932],[4.656,44.28],[4.252,44.28],[3.992,44.456],[3.872,44.752],[3.46,44.836],[3.368,44.956],[3.044,44.792],[2.98,44.644],[2.728,44.936],[2.456,44.66],[2.204,44.624],[2.06,44.976],[1.8,44.932],[1.46,45.016],[1.436,44.884],[1.076,44.576],[1.064,44.38],[0.74,44.068],[0.084,43.968],[-0.168,43.932],[-0.236,43.588],[-0.108,43.576],[0.024,43.34],[-0.292,42.988],[-0.304,42.832]]]},"properties":{"id":"FR-OCC"}},
{"type":"Feature","geometry":{"type":"Polygon","coordinates":[[[0.172,40.732],[0.524,40.528],[0.872,40.708],[0.716,40.816],[0.992,41.04],[1.624,41.192],[2.06,41.276],[2.296,41.464],[2.78,41.644],[3.152,41.844],[3.236,41.964],[3.124,42.14],[3.18,42.432],[2.932,42.472],[2.464,42.34],[2.276,42.428],[2.052,42.352],[1.712,42.492],[1.708,42.504],[1.656,42.496],[1.572,42.452],[1.448,42.504],[1.428,42.596],[1.32,42.712],[0.856,42.812],[0.664,42.696],[0.76,42.568],[0.704,42.12],[0.596,41.876],[0.328,41.676],[0.44,41.548],[0.34,41.404],[0.36,41.232],[0.216,41.072],[0.272,40.828],[0.172,40.732]]]},"properties":{"id":"ES-CT"}},
{"type":"Feature","geometry":{"type":"Polygon","coordinates":[[[1.708,42.504],[1.716,42.54],[1.76,42.568],[1.596,42.62],[1.452,42.604],[1.428,42.596],[1.448,42.504],[1.572,42.452],[1.656,42.496],[1.708,42.504]]]},"properties":{"id":"AD"}},
{"type":"Feature","geometry":{"type":"Polygon","coordinates":[[[74.892,37.232],[74.66,37.392],[74.224,37.404],[73.8,37.228],[73.752,37.428],[73.276,37.46],[72.76,37.188],[72.656,37.028],[72.26,36.968],[71.836,36.7],[71.612,36.704],[71.432,37.068],[71.496,37.568],[71.596,37.9],[71.256,37.948],[71.336,38.28],[70.976,38.472],[70.596,38.34],[70.484,38.136],[70.3,38],[70.164,37.888],[70.284,37.704],[70.156,37.54],[70.004,37.552],[69.528,37.588],[69.38,37.436],[69.444,37.236],[69.308,37.116],[69.004,37.304],[68.308,37.116],[68.024,36.924],[67.78,37.188],[67.484,37.276],[67.236,37.192],[67.004,37.384],[66.52,37.364],[66.252,37.36],[65.856,37.508],[65.668,37.52],[65.488,37.24],[65.064,37.232],[64.76,37.092],[64.728,36.852],[64.592,36.62],[64.604,36.46],[64.444,36.248],[63.908,36.032],[63.344,35.856],[63.076,35.624],[63.08,35.436],[62.824,35.328],[62.62,35.224],[62.22,35.308],[62.032,35.424],[61.54,35.452],[61.42,35.544],[61.268,35.62],[61.108,35.276],[61.064,34.816],[60.948,34.636],[60.716,34.536],[60.892,34.32],[60.644,34.308],[60.488,34.08],[60.512,33.64],[60.92,33.512],[60.832,33.484],[60.568,33.152],[60.576,32.996],[60.832,32.248],[60.776,32.028],[60.82,31.496],[61.124,31.448],[61.608,31.388],[61.748,31.304],[61.828,31.036],[61.784,30.832],[60.844,29.86],[62.376,29.424],[62.604,29.42],[63.568,29.496],[64.088,29.388],[64.208,29.5],[64.5,29.572],[65.036,29.54],[66.196,29.836],[66.32,30.436],[66.268,30.6],[66.368,30.924],[66.552,30.976],[66.696,31.196],[66.944,31.316],[67.024,31.24],[67.348,31.208],[67.748,31.328],[67.748,31.544],[68.1,31.76],[68.528,31.824],[68.776,31.62],[69.004,31.652],[69.3,31.94],[69.228,32.42],[69.428,32.668],[69.48,33.012],[69.88,33.088],[70.296,33.32],[70.156,33.508],[70.172,33.64],[69.996,33.744],[69.84,33.94],[69.904,34.036],[70.52,33.94],[70.864,33.964],[71.048,34.04],[71.124,34.356],[70.984,34.556],[71.288,34.876],[71.444,34.936],[71.632,35.204],[71.592,35.464],[71.592,35.548],[71.34,35.948],[71.168,36.032],[71.628,36.46],[71.736,36.396],[72.212,36.728],[72.564,36.82],[73.712,36.896],[74.096,36.832],[74.544,37.02],[74.488,37.224],[74.892,37.232]]]},"properties":{"id":"AF"}},
{"type":"Feature","geometry":{"type":"Polygon","coordinates":[[[22.096,40.168],[22.296,40.152],[22.496,39.932],[22.708,39.936],[22.552,40.168],[22.712,40.512],[23.028,40.324],[23.78,40.204],[24,40.32],[24.004,40.388],[23.692,40.696],[23.856,40.78],[24.12,40.952],[23.816,41.128],[23.624,41.376],[23.288,41.4],[22.916,41.336],[22.796,41.336],[22.764,41.324],[22.744,41.288],[22.656,41.176],[22.588,41.124],[22.212,41.16],[21.924,41.108],[21.896,41.064],[21.756,40.924],[21.744,40.672],[21.924,40.456],[22.172,40.28],[22.096,40.168]]]},"properties":{"id":"GR-B"}},
{"type":"Feature","geometry":{"type":"Polygon","coordinates":[[[20.064,42.548],[20.104,42.652],[20.036,42.708],[20.056,42.764],[20.32,42.824],[20.344,42.828],[20.128,42.972],[20.056,43.02],[20.056,43.024],[19.548,43.22],[19.196,43.532],[18.912,43.508],[19.024,43.296],[18.988,43.272],[18.664,43.232],[18.62,43.124],[18.452,42.992],[18.544,42.628],[18.508,42.6],[18.436,42.56],[18.496,42.416],[18.656,42.452],[18.684,42.476],[18.644,42.42],[18.66,42.388],[18.692,42.356],[18.788,42.276],[18.972,42.184],[19.14,42.02],[19.364,41.852],[19.368,42.108],[19.284,42.2],[19.66,42.636],[19.748,42.588],[19.828,42.468],[20.064,42.548]]]},"properties":{"id":"ME"}},
{"type":"Feature","geometry":{"type":"Polygon","coordinates":[[[18.436,42.56],[18.508,42.6],[18.544,42.628],[18.452,42.992],[18.62,43.124],[18.664,43.232],[18.988,43.272],[19.024,43.296],[18.912,43.508],[19.196,43.532],[19.46,43.764],[19.24,43.952],[19.516,44.092],[19.108,44.384],[19.18,44.54],[19.356,44.896],[19.016,44.864],[18.976,44.864],[18.844,44.876],[18.688,45.08],[18.536,45.088],[18.48,45.068],[18.452,45.084],[18.144,45.096],[17.764,45.112],[17.124,45.168],[16.932,45.28],[16.788,45.18],[16.48,45.2],[16.348,45.02],[15.996,45.22],[15.804,45.196],[15.736,44.936],[15.716,44.788],[16.116,44.52],[16.204,44.352],[16.216,44.208],[16.528,43.968],[16.712,43.772],[17.064,43.528],[17.452,43.148],[17.6,43.072],[17.58,42.944],[17.652,42.892],[18.368,42.576],[18.436,42.56]]]},"properties":{"id":"BA"}},
{"type":"Feature","geometry":{"type":"Polygon","coordinates":[[[30.84,3.492],[30.904,3.388],[30.764,3.124],[30.856,2.892],[30.772,2.676],[30.724,2.44],[30.968,2.404],[31.176,2.304],[31.28,2.152],[31.076,1.84],[30.68,1.5],[30.552,1.336],[30.444,1.212],[30.24,1.136],[30.184,0.956],[29.984,0.848],[29.928,0.784],[29.904,0.44],[29.832,0.336],[29.712,0.1],[29.68,-0.136],[29.644,-0.356],[29.628,-0.444],[29.612,-0.864],[29.552,-0.992],[29.576,-1.388],[29.824,-1.324],[29.896,-1.468],[30.064,-1.388],[30.292,-1.152],[30.46,-1.064],[30.472,-1.068],[30.828,-1.004],[31.28,-1.004],[31.988,-1.004],[32.724,-1.004],[32.848,-1.004],[33.428,-1.004],[33.632,-1.004],[33.904,-1.004],[33.896,-0.664],[33.952,-0.116],[33.892,0.092],[33.96,0.2],[34.088,0.368],[34.132,0.568],[34.296,0.748],[34.464,1],[34.508,1.104],[34.56,1.092],[34.568,1.104],[34.796,1.232],[34.78,1.372],[34.98,1.676],[34.968,2.1],[34.924,2.212],[34.924,2.476],[34.82,2.596],[34.732,2.852],[34.576,2.948],[34.544,3.096],[34.436,3.184],[34.384,3.468],[34.44,3.668],[34.28,3.708],[34.06,4.008],[33.976,4.22],[33.528,3.772],[33.264,3.752],[33.016,3.876],[32.756,3.768],[32.372,3.732],[32.176,3.528],[32.056,3.56],[32.024,3.588],[31.8,3.808],[31.612,3.696],[31.504,3.66],[31.296,3.776],[31.068,3.732],[30.944,3.68],[30.84,3.492]]]},"properties":{"id":"UG"}},
{"type":"Feature","geometry":{"type":"Polygon","coordinates":[[[-75.096,19.896],[-75.136,19.972],[-75.164,19.912],[-75.096,19.896]]]},"properties":{"id":"USG"}},
{"type":"Feature","geometry":{"type":"MultiPolygon","coordinates":[[[[-75.096,19.896],[-74.812,20.036],[-74.268,20.068],[-74.14,20.184],[-74.212,20.312],[-74.4,20.308],[-74.716,20.556],[-75,20.7],[-75.396,20.74],[-75.708,20.692],[-75.784,20.748],[-75.58,21.012],[-75.82,21.136],[-76.116,21.092],[-76.312,21.252],[-76.652,21.296],[-76.944,21.456],[-77.068,21.596],[-77.508,21.864],[-77.664,21.78],[-77.896,21.876],[-78.08,22.084],[-78.38,22.248],[-78.78,22.392],[-78.928,22.4],[-79.148,22.376],[-79.416,22.472],[-79.7,22.748],[-80.024,22.948],[-80.28,22.912],[-80.592,23.068],[-80.76,23.096],[-81.184,23.052],[-81.272,23.14],[-81.48,23.1],[-81.684,23.156],[-82.1,23.188],[-82.408,23.148],[-82.54,23.072],[-82.944,22.984],[-83.208,23.004],[-83.368,22.892],[-84.02,22.68],[-84.392,22.352],[-84.428,22.2],[-84.304,21.884],[-83.992,21.952],[-83.924,22.172],[-83.416,22.188],[-83.288,22.32],[-82.824,22.612],[-82.78,22.696],[-82.392,22.688],[-81.876,22.68],[-81.652,22.576],[-81.684,22.464],[-82.12,22.432],[-82.088,22.344],[-81.824,22.188],[-81.396,22.172],[-81.196,22.212],[-80.992,22.056],[-80.592,22.056],[-80.436,22.04],[-80.1,21.824],[-79.452,21.596],[-79.168,21.552],[-78.96,21.6],[-78.768,21.64],[-78.64,21.532],[-78.496,21.048],[-78.064,20.712],[-77.832,20.724],[-77.492,20.676],[-77.336,20.716],[-77.112,20.512],[-77.18,20.296],[-77.4,20.2],[-77.736,19.856],[-77.036,19.888],[-76.868,19.936],[-76.248,19.992],[-75.72,19.956],[-75.384,19.884],[-75.232,19.9],[-75.16,19.972],[-75.136,19.972],[-75.096,19.896]]],[[[-82.568,21.636],[-82.692,21.88],[-82.988,21.948],[-83.072,21.76],[-82.836,21.444],[-82.596,21.54],[-82.568,21.636]]]]},"properties":{"id":"CU"}},
{"type":"Feature","geometry":{"type":"Polygon","coordinates":[[[78.892,31.28],[78.792,31.208],[78.284,31.292],[77.808,31.052],[77.704,30.792],[77.812,30.52],[77.584,30.384],[77.928,30.244],[77.748,29.976],[77.832,29.66],[78.38,29.76],[78.644,29.536],[78.908,29.388],[78.72,29.284],[78.952,29.128],[79.056,29.152],[79.444,28.848],[79.7,28.852],[80,28.736],[80.072,28.82],[80.032,28.916],[80.28,29.268],[80.212,29.416],[80.384,29.604],[80.368,29.756],[80.572,29.948],[80.996,30.196],[80.724,30.392],[80.252,30.564],[79.832,30.96],[79.528,30.952],[79.396,31.036],[79.24,31.328],[79.072,31.46],[78.892,31.28]]]},"properties":{"id":"IN-UT"}},
{"type":"Feature","geometry":{"type":"Polygon","coordinates":[[[-87.816,13.408],[-87.72,13.36],[-87.38,13.392],[-87.512,13.288],[-87.316,12.98],[-86.948,13.068],[-86.912,13.24],[-86.732,13.268],[-86.764,13.636],[-86.772,13.708],[-86.728,13.768],[-86.412,13.748],[-86.096,14.044],[-85.744,13.824],[-85.564,14.044],[-85.432,14.132],[-85.024,14.604],[-85,14.744],[-84.772,14.804],[-84.7,14.676],[-84.484,14.62],[-83.868,14.776],[-83.392,15.032],[-83.132,14.996],[-83.252,15.044],[-83.408,15.268],[-83.776,15.284],[-83.904,15.384],[-84.296,15.812],[-84.66,15.776],[-84.676,15.876],[-85,15.988],[-85.256,15.884],[-85.488,15.868],[-85.704,15.976],[-85.904,15.984],[-86.376,15.772],[-86.436,15.792],[-86.88,15.764],[-87.344,15.852],[-87.508,15.8],[-87.728,15.92],[-87.908,15.868],[-88.12,15.696],[-88.22,15.724],[-88.468,15.52],[-88.76,15.3],[-89.148,15.072],[-89.188,14.912],[-89.148,14.712],[-89.36,14.416],[-89.348,14.412],[-89.028,14.312],[-88.972,14.212],[-88.692,14.012],[-88.496,13.968],[-88.496,13.852],[-88.276,13.92],[-88.216,13.992],[-87.952,13.892],[-87.748,13.844],[-87.712,13.8],[-87.816,13.408]]]},"properties":{"id":"HN"}},
{"type":"Feature","geometry":{"type":"MultiPolygon","coordinates":[[[[-78.828,1.436],[-78.956,1.164],[-79.456,1.072],[-80.076,0.816],[-80,0.344],[-80.068,0.052],[-80.496,-0.38],[-80.42,-0.6],[-80.616,-0.94],[-80.816,-0.948],[-80.916,-1.064],[-80.744,-1.344],[-80.852,-1.576],[-80.82,-1.676],[-80.732,-1.904],[-80.744,-2.104],[-80.912,-2.32],[-80.656,-2.416],[-80.544,-2.528],[-80.32,-2.712],[-80.176,-2.588],[-79.724,-2.568],[-79.896,-3.044],[-79.952,-3.196],[-80.34,-3.392],[-80.216,-3.632],[-80.164,-3.88],[-80.304,-4.004],[-80.512,-4.064],[-80.488,-4.396],[-80.408,-4.476],[-80.08,-4.308],[-79.796,-4.484],[-79.656,-4.44],[-79.508,-4.532],[-79.46,-4.772],[-79.232,-4.964],[-79.008,-4.96],[-78.852,-4.652],[-78.708,-4.584],[-78.684,-4.328],[-78.5,-3.952],[-78.376,-3.528],[-77.94,-3.056],[-77.812,-2.968],[-76.668,-2.564],[-76.092,-2.128],[-75.58,-1.548],[-75.412,-0.924],[-75.228,-0.968],[-75.268,-0.644],[-75.272,-0.524],[-75.436,-0.404],[-75.456,-0.16],[-75.284,-0.108],[-75.648,0.084],[-75.788,0.084],[-76.052,0.364],[-76.312,0.46],[-76.408,0.256],[-76.896,0.244],[-77.104,0.356],[-77.424,0.408],[-77.516,0.66],[-77.728,0.844],[-78.12,0.92],[-78.48,1.188],[-78.572,1.196],[-78.828,1.436]]],[[[-80.06,-2.664],[-80.212,-2.724],[-80.264,-3.02],[-80.132,-3.02],[-79.944,-2.708],[-80.06,-2.664]]]]},"properties":{"id":"EC"}},
{"type":"Feature","geometry":{"type":"Polygon","coordinates":[[[-75.284,-0.108],[-75.14,-0.044],[-74.932,-0.208],[-74.824,-0.172],[-74.416,-0.564],[-74.288,-0.944],[-73.636,-1.256],[-73.496,-1.476],[-73.532,-1.672],[-73.34,-1.792],[-73.188,-1.8],[-73.112,-2.072],[-73.196,-2.188],[-72.944,-2.42],[-72.644,-2.336],[-72.396,-2.448],[-71.968,-2.328],[-71.768,-2.144],[-71.456,-2.256],[-71.388,-2.368],[-71.22,-2.34],[-70.992,-2.196],[-70.876,-2.228],[-70.236,-2.624],[-70.052,-2.716],[-70.736,-3.784],[-70.544,-3.864],[-70.312,-3.828],[-70.188,-4.028],[-69.964,-4.236],[-69.772,-3.236],[-69.564,-2.104],[-69.42,-1.24],[-69.448,-0.996],[-69.628,-0.732],[-69.632,-0.508],[-69.944,-0.304],[-70.072,-0.124],[-70.056,0.588],[-69.62,0.652],[-69.504,0.728],[-69.364,0.64],[-69.136,0.652],[-69.204,0.944],[-69.372,1.064],[-69.852,1.06],[-69.84,1.708],[-69.58,1.772],[-69.352,1.72],[-68.164,1.72],[-68.26,1.86],[-68.2,2.008],[-68,1.748],[-67.792,1.812],[-67.592,2.056],[-67.34,2.092],[-67.116,1.708],[-67.072,1.54],[-67.1,1.252],[-66.876,1.224],[-67.068,1.896],[-67.324,2.476],[-67.628,2.812],[-67.84,2.888],[-67.452,3.244],[-67.304,3.424],[-67.472,3.68],[-67.632,3.76],[-67.716,4.04],[-67.864,4.512],[-67.792,5.064],[-67.844,5.296],[-67.648,5.484],[-67.6,5.82],[-67.428,6.04],[-67.456,6.192],[-67.452,6.2],[-67.84,6.308],[-67.924,6.236],[-68.636,6.136],[-69.06,6.216],[-69.248,6.08],[-69.432,6.124],[-70.096,6.944],[-70.32,6.94],[-70.704,7.1],[-71.184,6.964],[-71.284,7.02],[-71.656,7.052],[-71.964,7.004],[-71.992,7.012],[-72.152,7.192],[-72.208,7.38],[-72.396,7.408],[-72.484,7.508],[-72.488,7.948],[-72.336,8.104],[-72.416,8.384],[-72.676,8.652],[-72.784,9.06],[-72.936,9.1],[-73.008,9.296],[-73.364,9.164],[-72.976,9.84],[-72.988,10],[-72.916,10.428],[-72.708,10.812],[-72.48,11.132],[-72.256,11.168],[-71.972,11.66],[-71.328,11.848],[-71.112,12.096],[-71.244,12.328],[-71.656,12.464],[-71.904,12.208],[-72.14,12.104],[-72.264,11.884],[-72.76,11.696],[-73.292,11.296],[-73.564,11.276],[-73.828,11.276],[-74.004,11.356],[-74.188,11.316],[-74.22,11.08],[-74.364,10.776],[-74.504,10.976],[-74.848,11.088],[-75.228,10.812],[-75.228,10.764],[-75.256,10.708],[-75.508,10.584],[-75.492,10.436],[-75.58,10.092],[-75.656,9.704],[-75.576,9.62],[-75.7,9.416],[-75.908,9.428],[-76.168,9.248],[-76.256,9.008],[-76.444,8.868],[-76.672,8.68],[-76.892,8.62],[-76.772,8.4],[-76.756,7.924],[-76.932,7.964],[-76.832,8.136],[-76.944,8.128],[-76.984,8.256],[-77.276,8.496],[-77.372,8.664],[-77.468,8.536],[-77.268,8.168],[-77.2,7.98],[-77.32,7.88],[-77.34,7.708],[-77.58,7.528],[-77.82,7.476],[-77.896,7.236],[-77.652,6.976],[-77.532,6.712],[-77.344,6.544],[-77.416,6.24],[-77.248,5.788],[-77.356,5.608],[-77.492,5.596],[-77.36,5.296],[-77.368,5],[-77.32,4.548],[-77.388,4.348],[-77.256,4.244],[-77.284,4.212],[-77.436,4.152],[-77.424,4.004],[-77.152,3.8],[-77.464,3.3],[-77.648,3.072],[-77.644,2.9],[-77.904,2.58],[-78.072,2.648],[-78.088,2.512],[-78.432,2.588],[-78.704,2.188],[-78.588,2],[-78.572,1.784],[-78.848,1.82],[-78.996,1.608],[-78.828,1.436],[-78.572,1.196],[-78.48,1.188],[-78.12,0.92],[-77.728,0.844],[-77.516,0.66],[-77.424,0.408],[-77.104,0.356],[-76.896,0.244],[-76.408,0.256],[-76.312,0.46],[-76.052,0.364],[-75.788,0.084],[-75.648,0.084],[-75.284,-0.108]]]},"properties":{"id":"CO"}},
{"type":"Feature","geometry":{"type":"Polygon","coordinates":[[[-62.34,-22.472],[-61.956,-23.036],[-61.492,-23.412],[-61.108,-23.608],[-61.008,-23.804],[-60.788,-23.872],[-60.328,-24.016],[-60.032,-24.008],[-59.46,-24.36],[-59.34,-24.488],[-58.808,-24.776],[-58.472,-24.852],[-57.892,-25.08],[-57.672,-25.288],[-57.596,-25.404],[-57.624,-25.616],[-57.752,-25.672],[-57.82,-25.848],[-57.872,-26.012],[-58.088,-26.128],[-58.208,-26.404],[-58.248,-26.76],[-58.352,-26.884],[-58.652,-27.156],[-58.604,-27.316],[-58.02,-27.26],[-57.536,-27.408],[-57.312,-27.428],[-57.18,-27.488],[-56.904,-27.42],[-56.64,-27.452],[-56.368,-27.58],[-56.28,-27.388],[-55.968,-27.332],[-55.756,-27.444],[-55.592,-27.328],[-55.6,-27.184],[-55.416,-26.98],[-54.976,-26.788],[-54.708,-26.44],[-54.664,-26.24],[-54.588,-25.812],[-54.6,-25.576],[-54.608,-25.432],[-54.428,-25.132],[-54.464,-25.036],[-54.36,-24.732],[-54.26,-24.328],[-54.336,-24.148],[-54.244,-24.052],[-54.612,-23.812],[-54.944,-23.968],[-55.2,-24.02],[-55.4,-23.976],[-55.532,-23.532],[-55.536,-23.228],[-55.636,-23],[-55.632,-22.628],[-55.892,-22.308],[-56.196,-22.28],[-56.42,-22.076],[-56.656,-22.236],[-56.844,-22.288],[-57.212,-22.188],[-57.384,-22.212],[-57.844,-22.144],[-57.972,-22.08],[-57.896,-21.688],[-57.928,-21.452],[-57.856,-21.332],[-57.824,-21],[-57.86,-20.732],[-57.992,-20.62],[-57.988,-20.432],[-58.16,-20.164],[-58.176,-19.82],[-59.088,-19.288],[-60.008,-19.3],[-61.76,-19.656],[-61.924,-20.064],[-62.212,-20.472],[-62.276,-20.58],[-62.272,-21],[-62.276,-21.068],[-62.652,-22.236],[-62.34,-22.472]]]},"properties":{"id":"PY"}},
{"type":"Feature","geometry":{"type":"Polygon","coordinates":[[[-62.34,-24.12],[-61.776,-24.34],[-61.452,-24.62],[-61.2,-24.676],[-61.036,-24.896],[-60.8,-25.076],[-60.5,-25.208],[-60.18,-25.664],[-60.032,-25.7],[-59.672,-26.012],[-59.668,-26.116],[-59.412,-26.192],[-59.284,-26.348],[-59.148,-26.3],[-58.576,-26.688],[-58.352,-26.884],[-58.248,-26.76],[-58.208,-26.404],[-58.088,-26.128],[-57.872,-26.012],[-57.82,-25.848],[-57.752,-25.672],[-57.624,-25.616],[-57.596,-25.404],[-57.672,-25.288],[-57.892,-25.08],[-58.472,-24.852],[-58.808,-24.776],[-59.34,-24.488],[-59.46,-24.36],[-60.032,-24.008],[-60.328,-24.016],[-60.788,-23.872],[-61.008,-23.804],[-61.108,-23.608],[-61.492,-23.412],[-61.956,-23.036],[-62.34,-22.472],[-62.34,-24.12]]]},"properties":{"id":"AR-P"}},
{"type":"Feature","geometry":{"type":"Polygon","coordinates":[[[-53.844,-27.164],[-53.712,-26.872],[-53.724,-26.376],[-53.66,-26.26],[-53.828,-25.972],[-53.908,-25.628],[-54.216,-25.532],[-54.46,-25.644],[-54.6,-25.576],[-54.588,-25.812],[-54.664,-26.24],[-54.708,-26.44],[-54.976,-26.788],[-55.416,-26.98],[-55.6,-27.184],[-55.592,-27.328],[-55.756,-27.444],[-55.968,-27.332],[-56.016,-27.452],[-55.872,-27.716],[-55.84,-27.908],[-55.624,-28.144],[-55.44,-28.08],[-55.328,-27.928],[-55.024,-27.84],[-54.828,-27.544],[-54.7,-27.552],[-54.46,-27.412],[-54.288,-27.428],[-54.188,-27.26],[-53.844,-27.164]]]},"properties":{"id":"AR-N"}},
{"type":"Feature","geometry":{"type":"Polygon","coordinates":[[[-63.4,-25.66],[-61.752,-25.66],[-61.724,-25.744],[-61.708,-26.792],[-61.708,-28],[-60.04,-28],[-58.864,-28],[-58.816,-27.772],[-58.888,-27.48],[-58.604,-27.316],[-58.652,-27.156],[-58.352,-26.884],[-58.576,-26.688],[-59.148,-26.3],[-59.284,-26.348],[-59.412,-26.192],[-59.668,-26.116],[-59.672,-26.012],[-60.032,-25.7],[-60.18,-25.664],[-60.5,-25.208],[-60.8,-25.076],[-61.036,-24.896],[-61.2,-24.676],[-61.452,-24.62],[-61.776,-24.34],[-62.34,-24.12],[-62.336,-24.404],[-63.4,-25.66]]]},"properties":{"id":"AR-H"}},
{"type":"Feature","geometry":{"type":"Polygon","coordinates":[[[-57.808,-30.748],[-57.848,-30.484],[-57.652,-30.328],[-57.644,-30.192],[-57.612,-30.184],[-57.324,-29.98],[-57.308,-29.848],[-57.096,-29.752],[-56.676,-29.312],[-56.616,-29.16],[-56.416,-29.052],[-56.184,-28.744],[-55.9,-28.46],[-55.772,-28.232],[-55.624,-28.144],[-55.84,-27.908],[-55.872,-27.716],[-56.016,-27.452],[-55.968,-27.332],[-56.28,-27.388],[-56.368,-27.58],[-56.64,-27.452],[-56.904,-27.42],[-57.18,-27.488],[-57.312,-27.428],[-57.536,-27.408],[-58.02,-27.26],[-58.604,-27.316],[-58.888,-27.48],[-58.816,-27.772],[-58.864,-28],[-59.08,-28.156],[-59.1,-28.664],[-59.196,-29.024],[-59.512,-29.208],[-59.588,-29.412],[-59.664,-29.88],[-59.6,-30.012],[-59.66,-30.336],[-59.24,-30.344],[-59.004,-30.204],[-58.628,-30.152],[-58.26,-30.232],[-58.068,-30.42],[-57.988,-30.604],[-57.808,-30.748]]]},"properties":{"id":"AR-W"}},
{"type":"Feature","geometry":{"type":"Polygon","coordinates":[[[-58.16,-20.164],[-57.988,-20.432],[-57.992,-20.62],[-57.86,-20.732],[-57.824,-21],[-57.856,-21.332],[-57.928,-21.452],[-57.896,-21.688],[-57.972,-22.08],[-57.844,-22.144],[-57.384,-22.212],[-57.212,-22.188],[-56.844,-22.288],[-56.656,-22.236],[-56.42,-22.076],[-56.196,-22.28],[-55.892,-22.308],[-55.632,-22.628],[-55.636,-23],[-55.536,-23.228],[-55.532,-23.532],[-55.4,-23.976],[-55.2,-24.02],[-54.944,-23.968],[-54.612,-23.812],[-54.244,-24.052],[-54.076,-23.948],[-53.948,-23.424],[-53.724,-23.296],[-53.596,-22.92],[-53.168,-22.7],[-52.968,-22.46],[-52.844,-22.42],[-52.368,-22.1],[-52.312,-21.94],[-52.044,-21.668],[-51.852,-21.3],[-51.876,-21.172],[-51.632,-20.876],[-51.62,-20.7],[-51.328,-20.364],[-51.136,-20.296],[-50.992,-20.1],[-51.028,-19.756],[-50.96,-19.472],[-51.14,-19.284],[-51.408,-19.168],[-51.644,-19.128],[-52.06,-18.944],[-52.172,-18.848],[-52.892,-18.636],[-52.784,-18.392],[-53.056,-18.292],[-53.052,-18.016],[-53.728,-18.008],[-53.988,-17.904],[-53.752,-17.644],[-53.68,-17.256],[-53.82,-17.308],[-54.144,-17.628],[-54.392,-17.672],[-54.528,-17.512],[-54.696,-17.516],[-54.9,-17.648],[-55.18,-17.684],[-56.104,-17.188],[-56.328,-17.288],[-56.756,-17.32],[-56.98,-17.656],[-57.132,-17.788],[-57.42,-17.864],[-57.724,-17.736],[-57.732,-17.848],[-57.552,-18.184],[-57.784,-18.912],[-57.788,-19.06],[-58.124,-19.728],[-57.86,-19.98],[-58.16,-20.164]]]},"properties":{"id":"BR-MS"}},
{"type":"Feature","geometry":{"type":"Polygon","coordinates":[[[-54.6,-25.576],[-54.46,-25.644],[-54.216,-25.532],[-53.908,-25.628],[-53.828,-25.972],[-53.66,-26.26],[-53.356,-26.24],[-53.128,-26.364],[-52.816,-26.336],[-52.456,-26.432],[-52.2,-26.452],[-52.008,-26.58],[-51.24,-26.608],[-51.288,-26.424],[-51.072,-26.236],[-50.732,-26.232],[-50.648,-26.072],[-49.952,-26.012],[-49.596,-26.224],[-49.216,-26.028],[-48.92,-25.98],[-48.584,-25.98],[-48.432,-25.624],[-48.408,-25.284],[-48.248,-25.412],[-48.084,-25.308],[-48.232,-25.012],[-48.416,-24.96],[-48.612,-24.68],[-49.22,-24.688],[-49.3,-24.592],[-49.228,-24.34],[-49.6,-23.864],[-49.552,-23.712],[-49.656,-23.508],[-49.64,-23.26],[-49.968,-22.912],[-50.292,-22.952],[-50.784,-22.944],[-50.88,-22.824],[-51.356,-22.652],[-51.548,-22.684],[-52.068,-22.52],[-52.216,-22.644],[-52.616,-22.568],[-52.948,-22.572],[-53.168,-22.7],[-53.596,-22.92],[-53.724,-23.296],[-53.948,-23.424],[-54.076,-23.948],[-54.244,-24.052],[-54.336,-24.148],[-54.26,-24.328],[-54.36,-24.732],[-54.464,-25.036],[-54.428,-25.132],[-54.608,-25.432],[-54.6,-25.576]]]},"properties":{"id":"BR-PR"}},
{"type":"Feature","geometry":{"type":"Polygon","coordinates":[[[-49.712,-29.324],[-49.344,-28.924],[-48.94,-28.644],[-48.816,-28.612],[-48.656,-28.212],[-48.564,-27.86],[-48.648,-27.648],[-48.576,-27.016],[-48.684,-26.72],[-48.644,-26.384],[-48.8,-26.304],[-48.584,-26.156],[-48.584,-25.98],[-48.92,-25.98],[-49.216,-26.028],[-49.596,-26.224],[-49.952,-26.012],[-50.648,-26.072],[-50.732,-26.232],[-51.072,-26.236],[-51.288,-26.424],[-51.24,-26.608],[-52.008,-26.58],[-52.2,-26.452],[-52.456,-26.432],[-52.816,-26.336],[-53.128,-26.364],[-53.356,-26.24],[-53.66,-26.26],[-53.724,-26.376],[-53.712,-26.872],[-53.844,-27.164],[-53.652,-27.216],[-53.368,-27.072],[-53.216,-27.16],[-52.868,-27.16],[-52.74,-27.252],[-52.18,-27.268],[-51.892,-27.512],[-51.604,-27.5],[-51.08,-27.82],[-50.62,-28.376],[-50.16,-28.484],[-49.884,-28.452],[-49.736,-28.512],[-49.956,-28.796],[-49.948,-28.952],[-50.08,-29.244],[-49.872,-29.216],[-49.712,-29.324]]]},"properties":{"id":"BR-SC"}},
{"type":"Feature","geometry":{"type":"MultiPolygon","coordinates":[[[[3.4,51.244],[3.636,51.288],[3.928,51.208],[4.22,51.368],[3.348,51.376],[3.4,51.244]]],[[[4.28,51.368],[4.264,51.444],[4.26,51.368],[4.28,51.368]]],[[[4.188,51.616],[4.196,51.636],[4.112,51.648],[4.188,51.616]]]]},"properties":{"id":"NL-ZE"}},
{"type":"Feature","geometry":{"type":"Polygon","coordinates":[[[3.456,50.768],[3.896,50.736],[4.24,51.04],[4.3,51.268],[4.22,51.368],[3.928,51.208],[3.636,51.288],[3.4,51.244],[3.456,50.768]]]},"properties":{"id":"BE-VOV"}},
{"type":"Feature","geometry":{"type":"Polygon","coordinates":[[[5.008,51.824],[4.196,51.636],[4.188,51.616],[4.208,51.592],[4.232,51.52],[4.264,51.444],[4.28,51.368],[4.732,51.484],[5.24,51.256],[5.552,51.216],[5.876,51.356],[5.864,51.76],[5.644,51.824],[5.136,51.736],[5.008,51.824]]]},"properties":{"id":"NL-NB"}},
{"type":"Feature","geometry":{"type":"Polygon","coordinates":[[[4.26,51.368],[4.3,51.268],[4.24,51.04],[4.98,51.036],[5.26,51.148],[5.24,51.256],[4.732,51.484],[4.28,51.368],[4.26,51.368]]]},"properties":{"id":"BE-VAN"}},
{"type":"Feature","geometry":{"type":"Polygon","coordinates":[[[5.656,50.808],[5.84,51.14],[5.552,51.216],[5.24,51.256],[5.26,51.148],[4.98,51.036],[5.172,50.916],[5.1,50.708],[5.432,50.72],[5.656,50.808]]]},"properties":{"id":"BE-VLI"}},
{"type":"Feature","geometry":{"type":"Polygon","coordinates":[[[9.112,49.576],[8.828,49.504],[8.672,49.624],[8.416,49.58],[8.48,49.296],[8.2,48.96],[7.812,48.616],[7.752,48.356],[7.58,48.12],[7.524,47.784],[7.588,47.584],[7.648,47.552],[7.728,47.552],[8.42,47.58],[8.552,47.596],[8.576,47.596],[8.592,47.66],[8.852,47.672],[9.272,47.652],[9.548,47.536],[9.556,47.532],[9.864,47.676],[10.132,47.688],[10.136,48.108],[9.98,48.38],[10.316,48.532],[10.468,48.916],[10.148,49.204],[10.128,49.512],[9.928,49.552],[9.652,49.772],[9.112,49.576]]]},"properties":{"id":"DE-BW"}},
{"type":"Feature","geometry":{"type":"Polygon","coordinates":[[[8.592,47.66],[8.788,47.664],[8.852,47.672],[8.592,47.66]]]},"properties":{"id":"CH-SH"}},
{"type":"Feature","geometry":{"type":"Polygon","coordinates":[[[9.548,47.536],[9.272,47.652],[8.852,47.672],[8.788,47.664],[8.932,47.38],[9.032,47.496],[9.552,47.516],[9.548,47.536]]]},"properties":{"id":"CH-TG"}},
{"type":"Feature","geometry":{"type":"Polygon","coordinates":[[[8.42,47.58],[8.408,47.244],[8.684,47.164],[8.776,47.22],[8.932,47.38],[8.788,47.664],[8.592,47.66],[8.576,47.596],[8.552,47.596],[8.42,47.58]]]},"properties":{"id":"CH-ZH"}},
{"type":"Feature","geometry":{"type":"Polygon","coordinates":[[[7.728,47.552],[7.956,47.456],[7.824,47.268],[7.84,47.232],[8.288,47.268],[8.404,47.144],[8.408,47.244],[8.42,47.58],[7.728,47.552]]]},"properties":{"id":"CH-AG"}},
{"type":"Feature","geometry":{"type":"Polygon","coordinates":[[[7.588,47.584],[7.52,47.564],[7.648,47.552],[7.588,47.584]]]},"properties":{"id":"CH-BS"}},
{"type":"Feature","geometry":{"type":"MultiPolygon","coordinates":[[[[7.648,47.552],[7.52,47.564],[7.484,47.5],[7.444,47.488],[7.42,47.452],[7.384,47.412],[7.436,47.38],[7.804,47.364],[7.956,47.456],[7.728,47.552],[7.648,47.552]]],[[[7.388,47.432],[7.336,47.432],[7.384,47.412],[7.388,47.432]]]]},"properties":{"id":"CH-BL"}},
{"type":"Feature","geometry":{"type":"Polygon","coordinates":[[[9.476,47.064],[9.504,47.096],[9.512,47.128],[9.496,47.156],[9.488,47.196],[9.496,47.228],[9.52,47.264],[9.648,47.408],[9.552,47.516],[9.032,47.496],[8.932,47.38],[8.776,47.22],[8.984,47.168],[9.18,47.124],[9.24,46.92],[9.476,47.064]],[[9.488,47.352],[9.332,47.252],[9.224,47.4],[9.608,47.448],[9.58,47.424],[9.54,47.396],[9.488,47.392],[9.488,47.352]]]},"properties":{"id":"CH-SG"}},
{"type":"Feature","geometry":{"type":"MultiPolygon","coordinates":[[[[7.42,47.452],[7.388,47.432],[7.384,47.412],[7.42,47.452]]],[[[7.956,47.456],[7.804,47.364],[7.436,47.38],[7.556,47.344],[7.56,47.32],[7.556,47.32],[7.824,47.268],[7.956,47.456]]]]},"properties":{"id":"CH-SO"}},
{"type":"Feature","geometry":{"type":"Polygon","coordinates":[[[7.384,47.412],[7.336,47.432],[7.144,47.488],[6.94,47.428],[6.84,47.168],[6.848,47.164],[7.556,47.32],[7.56,47.32],[7.556,47.344],[7.436,47.38],[7.384,47.412]]]},"properties":{"id":"CH-JU"}},
{"type":"Feature","geometry":{"type":"Polygon","coordinates":[[[3.396,48.412],[3.044,48.36],[2.924,48.156],[3.112,48.024],[2.968,47.568],[2.876,47.52],[2.876,47.336],[3.068,47.044],[3.028,46.792],[3.46,46.652],[3.624,46.74],[3.74,46.548],[3.98,46.464],[3.888,46.276],[4.288,46.172],[4.384,46.224],[4.796,46.172],[4.936,46.5],[5.312,46.456],[5.508,46.26],[5.648,46.344],[5.88,46.276],[6.06,46.416],[6.136,46.556],[6.444,46.852],[6.84,47.168],[6.94,47.428],[7.144,47.488],[7.052,47.716],[6.868,47.82],[6.836,47.824],[6.612,47.94],[5.892,47.932],[5.7,47.692],[5.376,47.608],[4.972,47.692],[4.988,47.812],[4.7,48.024],[4.288,47.924],[3.9,47.988],[3.396,48.412]]]},"properties":{"id":"FR-BFC"}},
{"type":"Feature","geometry":{"type":"Polygon","coordinates":[[[6.216,46.308],[6.12,46.332],[5.96,46.132],[6.216,46.308]]]},"properties":{"id":"CH-GE"}},
{"type":"Feature","geometry":{"type":"MultiPolygon","coordinates":[[[[7.228,46.332],[7.244,46.556],[7,46.444],[6.808,46.58],[7,46.84],[6.908,46.924],[6.876,46.908],[6.768,46.844],[6.444,46.852],[6.136,46.556],[6.06,46.416],[6.12,46.332],[6.216,46.308],[6.612,46.456],[6.788,46.404],[7.044,46.188],[7.228,46.332]]],[[[7.02,46.988],[6.944,46.948],[7.064,46.98],[7.02,46.988]]]]},"properties":{"id":"CH-VD"}},
{"type":"Feature","geometry":{"type":"Polygon","coordinates":[[[6.84,47.168],[6.444,46.852],[6.768,46.844],[6.876,46.908],[6.908,46.924],[6.944,46.948],[7.02,46.988],[6.848,47.164],[6.84,47.168]]]},"properties":{"id":"CH-NE"}},
{"type":"Feature","geometry":{"type":"Polygon","coordinates":[[[-7.224,38.768],[-7.36,38.448],[-7.116,38.184],[-6.952,38.2],[-6.812,38.112],[-6.448,38.052],[-6.184,37.94],[-5.976,38],[-5.728,38.188],[-5.58,38.136],[-5.568,38.424],[-5.364,38.584],[-5.036,38.728],[-4.944,39.008],[-4.692,39.448],[-4.752,39.42],[-4.944,39.392],[-5.196,39.6],[-5.168,39.792],[-5.392,39.92],[-5.328,40.116],[-5.728,40.292],[-6.08,40.348],[-6.208,40.476],[-6.584,40.272],[-6.876,40.28],[-6.944,40.256],[-7.016,40.12],[-6.88,40.008],[-7.036,39.688],[-7.556,39.676],[-7.312,39.456],[-7.252,39.272],[-7.168,39.112],[-6.972,39.012],[-7.224,38.768]]]},"properties":{"id":"ES-EX"}},
{"type":"Feature","geometry":{"type":"Polygon","coordinates":[[[-7.224,38.768],[-7.46,38.956],[-7.84,38.9],[-8.196,39],[-8.548,38.768],[-8.652,38.608],[-8.368,38.536],[-8.164,38.316],[-7.516,38.196],[-7.28,38.332],[-7.116,38.184],[-7.36,38.448],[-7.224,38.768]]]},"properties":{"id":"PT-07"}},
{"type":"Feature","geometry":{"type":"Polygon","coordinates":[[[-7.556,39.676],[-7.804,39.556],[-8.332,39.116],[-8.196,39],[-7.84,38.9],[-7.46,38.956],[-7.224,38.768],[-6.972,39.012],[-7.168,39.112],[-7.252,39.272],[-7.312,39.456],[-7.556,39.676]]]},"properties":{"id":"PT-12"}},
{"type":"Feature","geometry":{"type":"Polygon","coordinates":[[[14.7,47.768],[14.348,47.624],[13.824,47.72],[13.58,47.488],[13.936,47.152],[13.784,46.956],[14.2,47.056],[14.396,47],[14.848,47.04],[15.008,46.912],[15.104,46.648],[15.172,46.64],[15.332,46.644],[15.436,46.628],[15.512,46.632],[15.52,46.648],[15.62,46.68],[15.784,46.712],[15.968,46.696],[16.016,46.672],[15.972,46.776],[16.028,46.836],[16.136,47.024],[16.02,47.372],[16.148,47.444],[15.728,47.692],[15.34,47.824],[14.884,47.724],[14.7,47.768]]]},"properties":{"id":"AT-6"}},
{"type":"Feature","geometry":{"type":"Polygon","coordinates":[[[14.952,51.396],[15.616,51.48],[15.944,51.768],[16.18,51.656],[16.372,51.748],[16.112,51.864],[15.856,52.104],[15.9,52.288],[15.832,52.692],[16.04,53.008],[15.356,52.956],[15.196,52.84],[14.932,52.844],[14.608,52.596],[14.54,52.42],[14.76,52.076],[14.584,51.804],[14.708,51.54],[14.952,51.396]]]},"properties":{"id":"PL-LB"}},
{"type":"Feature","geometry":{"type":"Polygon","coordinates":[[[14.708,51.54],[14.584,51.804],[14.76,52.076],[14.54,52.42],[14.608,52.596],[14.216,52.816],[14.392,53.336],[14.244,53.428],[13.54,53.396],[13.404,53.276],[13,53.168],[12.188,53.368],[11.556,53.148],[11.276,53.116],[11.58,53.044],[11.964,52.884],[12.204,52.864],[12.148,52.52],[12.2,52.192],[12.42,52.012],[12.668,51.996],[13.068,51.852],[13.06,51.616],[13.252,51.384],[13.972,51.36],[14.16,51.528],[14.708,51.54]],[[13.628,52.488],[13.092,52.412],[13.156,52.6],[13.504,52.612],[13.628,52.488]]]},"properties":{"id":"DE-BB"}},
{"type":"Feature","geometry":{"type":"Polygon","coordinates":[[[16.04,53.008],[16.28,52.992],[16.676,53.188],[16.544,53.368],[16.948,53.588],[17,53.752],[16.812,54.188],[16.972,54.388],[16.784,54.576],[16.5,54.532],[16.22,54.276],[15.86,54.248],[14.212,53.94],[14.2,53.88],[14.576,53.856],[14.544,53.704],[14.264,53.7],[14.392,53.336],[14.216,52.816],[14.608,52.596],[14.932,52.844],[15.196,52.84],[15.356,52.956],[16.04,53.008]]]},"properties":{"id":"PL-ZP"}},
{"type":"Feature","geometry":{"type":"MultiPolygon","coordinates":[[[[10.6,53.372],[11.088,53.144],[11.276,53.116],[11.556,53.148],[12.188,53.368],[13,53.168],[13.404,53.276],[13.54,53.396],[14.244,53.428],[14.392,53.336],[14.264,53.7],[13.984,53.772],[13.684,54.168],[13.48,54.124],[12.5,54.472],[12.108,54.184],[11.656,54.144],[11.46,53.916],[11.176,54.02],[10.908,53.96],[10.76,53.748],[10.956,53.568],[10.6,53.372]]],[[[13.7,54.392],[13.168,54.548],[13.348,54.236],[13.7,54.392]]]]},"properties":{"id":"DE-MV"}},
{"type":"Feature","geometry":{"type":"Polygon","coordinates":[[[26.332,41.712],[26.06,41.644],[26.176,41.444],[25.884,41.304],[25.552,41.316],[25.284,41.24],[25.152,41.308],[24.596,41.428],[24.532,41.548],[24.196,41.548],[23.624,41.376],[23.816,41.128],[24.12,40.952],[23.856,40.78],[24.112,40.728],[24.416,40.944],[24.804,40.852],[24.988,40.944],[25.3,40.952],[25.536,40.872],[25.92,40.852],[26.044,40.74],[26.36,40.964],[26.332,41.256],[26.636,41.38],[26.596,41.596],[26.332,41.712]]]},"properties":{"id":"GR-A"}},
{"type":"Feature","geometry":{"type":"Polygon","coordinates":[[[28.2,45.46],[28.272,45.52],[28.504,45.568],[28.564,45.736],[28.932,45.992],[28.984,46.22],[28.92,46.404],[29.056,46.5],[29.184,46.54],[29.456,46.484],[29.6,46.364],[30.08,46.376],[29.9,46.552],[29.932,46.804],[29.56,46.96],[29.556,47.324],[29.372,47.304],[29.136,47.484],[29.24,47.756],[29.124,47.976],[28.936,47.944],[28.864,48],[28.8,48.112],[28.5,48.108],[28.004,48.324],[27.884,48.38],[27.504,48.472],[27.252,48.38],[26.844,48.392],[26.616,48.26],[26.804,48.26],[27.048,48.12],[27.18,47.944],[27.288,47.752],[27.428,47.58],[27.432,47.572],[27.588,47.368],[27.808,47.144],[28.04,47.016],[28.104,46.92],[28.124,46.844],[28.244,46.632],[28.228,46.396],[28.112,46.1],[28.108,46.096],[28.2,45.46]]]},"properties":{"id":"MD"}},
{"type":"Feature","geometry":{"type":"Polygon","coordinates":[[[23.608,51.516],[23.56,51.756],[23.636,52.084],[23.176,52.284],[23.088,52.292],[22.9,52.104],[21.988,52.004],[21.82,51.564],[21.816,51.056],[21.844,50.828],[22.264,50.76],[22.22,50.66],[22.612,50.568],[22.596,50.364],[23.16,50.324],[23.464,50.42],[23.66,50.328],[23.98,50.404],[24.108,50.632],[23.968,50.824],[23.876,51.136],[23.636,51.34],[23.608,51.516]]]},"properties":{"id":"PL-LU"}},
{"type":"Feature","geometry":{"type":"Polygon","coordinates":[[[21.268,55.248],[21.232,54.94],[21.08,54.9],[20.532,54.964],[20.988,55.272],[20.924,55.284],[20.636,55.048],[20.364,54.948],[20.032,54.948],[19.832,54.6],[19.608,54.456],[19.76,54.436],[20.928,54.396],[22.7,54.344],[22.768,54.356],[22.68,54.452],[22.808,54.892],[22.572,55.064],[22.268,55.068],[22.1,55.028],[21.268,55.248]]]},"properties":{"id":"RU-KGD"}},
{"type":"Feature","geometry":{"type":"Polygon","coordinates":[[[32.716,53.432],[33.288,53.82],[33.5,54.016],[33.684,54.32],[33.728,54.56],[34.108,54.552],[34.416,54.452],[34.5,54.632],[34.816,54.708],[35.368,55.24],[35.3,55.3],[35.352,55.78],[35.176,55.948],[34.632,55.916],[34.2,56.076],[33.916,56.072],[33.504,55.756],[33.188,55.652],[32.72,55.688],[32.092,55.676],[31.892,55.772],[31.468,55.728],[31.048,55.768],[30.908,55.576],[30.796,55.284],[31.008,55.044],[30.772,54.788],[31.168,54.62],[31.18,54.452],[31.324,54.228],[31.748,54.088],[31.752,53.82],[32.084,53.808],[32.48,53.664],[32.452,53.548],[32.716,53.432]]]},"properties":{"id":"RU-SMO"}},
{"type":"Feature","geometry":{"type":"Polygon","coordinates":[[[34.372,51.828],[34.408,52.012],[34.672,52.064],[34.896,52.352],[35.092,52.696],[34.804,52.868],[35.156,52.968],[35.104,53.312],[34.672,53.392],[34.488,53.668],[34.2,53.892],[33.86,53.88],[33.5,54.016],[33.288,53.82],[32.716,53.432],[32.204,53.1],[31.908,53.092],[31.74,53.192],[31.36,53.12],[31.248,53.016],[31.504,52.848],[31.608,52.372],[31.764,52.1],[32.096,52.04],[32.528,52.316],[32.928,52.248],[33.196,52.368],[33.4,52.344],[33.804,52.356],[34.056,52.172],[34.068,52.032],[34.372,51.828]]]},"properties":{"id":"RU-BRY"}},
{"type":"Feature","geometry":{"type":"Polygon","coordinates":[[[34.372,51.828],[34.128,51.68],[34.28,51.36],[34.748,51.164],[35.1,51.184],[35.284,50.96],[35.816,50.944],[35.976,51.156],[36.616,51.08],[37.052,51.248],[37.144,51.344],[37.828,51.42],[38.292,51.292],[38.22,51.708],[38.3,51.96],[37.996,51.88],[37.748,52.016],[37.352,51.936],[37.16,52.072],[36.552,52.216],[36.356,52.364],[35.892,52.276],[35.396,52.416],[34.896,52.352],[34.672,52.064],[34.408,52.012],[34.372,51.828]]]},"properties":{"id":"RU-KRS"}},
{"type":"Feature","geometry":{"type":"Polygon","coordinates":[[[39.18,49.86],[39.232,50.056],[39.1,50.172],[39.096,50.508],[38.724,50.792],[38.872,50.912],[38.396,51.076],[38.292,51.292],[37.828,51.42],[37.144,51.344],[37.052,51.248],[36.616,51.08],[35.976,51.156],[35.816,50.944],[35.284,50.96],[35.444,50.688],[35.424,50.5],[35.692,50.344],[36.104,50.42],[36.268,50.28],[36.684,50.26],[37.436,50.424],[37.728,50.08],[38.024,49.908],[38.344,49.992],[38.852,49.864],[39.18,49.86]]]},"properties":{"id":"RU-BEL"}},
{"type":"Feature","geometry":{"type":"Polygon","coordinates":[[[38.292,51.292],[38.396,51.076],[38.872,50.912],[38.724,50.792],[39.096,50.508],[39.1,50.172],[39.232,50.056],[39.18,49.86],[39.572,49.712],[39.8,49.544],[40.12,49.588],[40.412,49.596],[40.884,49.692],[41.056,49.916],[41.34,50.076],[41.364,50.228],[41.508,50.392],[41.316,50.724],[41.444,50.916],[41.736,51.024],[41.856,51.188],[42.256,51.132],[42.872,51.232],[42.86,51.38],[42.488,51.608],[42.248,51.696],[41.952,51.656],[41.312,51.792],[41.068,51.712],[40.936,51.892],[40.504,51.952],[39.496,51.972],[39.184,52.1],[38.996,52],[38.696,52.096],[38.3,51.96],[38.22,51.708],[38.292,51.292]]]},"properties":{"id":"RU-VOR"}},
{"type":"Feature","geometry":{"type":"Polygon","coordinates":[[[41.164,45.952],[41.712,45.996],[42.1,46.408],[42.18,46.576],[42.596,46.412],[42.912,46.436],[43.356,46.172],[43.648,46.216],[43.928,46.52],[43.932,46.724],[44.264,46.9],[44.332,47.476],[43.804,47.284],[43.732,47.476],[43.264,47.452],[42.956,47.512],[42.728,47.856],[42.492,48.012],[42.028,48.028],[42.076,48.392],[42.164,48.464],[42.632,48.552],[42.74,48.788],[42.644,48.976],[42.344,49.152],[42.096,49.14],[42.072,49.5],[42.18,49.668],[41.876,49.9],[41.616,49.964],[41.364,50.228],[41.34,50.076],[41.056,49.916],[40.884,49.692],[40.412,49.596],[40.12,49.588],[40.04,49.456],[40.14,49.244],[39.76,48.896],[39.632,48.588],[39.808,48.584],[39.992,48.272],[39.844,48.12],[39.76,47.832],[39.036,47.856],[38.876,47.86],[38.736,47.676],[38.352,47.608],[38.2,47.292],[38.216,47.104],[38.936,47.188],[39.264,47.26],[39.26,47.008],[39.076,47.032],[38.672,46.864],[38.884,46.808],[38.884,46.636],[39.1,46.6],[39.444,46.808],[40.024,46.764],[40.06,46.544],[40.216,46.524],[40.34,46.28],[40.736,46.276],[40.952,46.196],[41.164,45.952]]]},"properties":{"id":"RU-ROS"}},
{"type":"Feature","geometry":{"type":"Polygon","coordinates":[[[42.536,40.6],[42.54,40.432],[42.18,40.296],[42.232,40.16],[42.564,39.952],[42.756,39.924],[43.064,39.988],[43.32,39.968],[43.664,40.112],[43.692,40.24],[43.624,40.412],[43.728,40.676],[43.604,40.964],[43.44,41.108],[42.828,40.892],[42.772,40.624],[42.536,40.6]]]},"properties":{"id":"TR-36"}},
{"type":"Feature","geometry":{"type":"Polygon","coordinates":[[[98.936,52.124],[99.324,51.936],[99.68,51.888],[100.004,51.732],[100.512,51.728],[101.388,51.452],[102.052,51.384],[102.184,51.324],[102.148,51.096],[102.328,50.544],[102.62,50.4],[103.6,50.132],[104.2,50.172],[104.348,50.272],[105.328,50.476],[105.984,50.4],[106.244,50.292],[106.656,50.328],[106.972,50.196],[107.224,49.996],[107.744,49.968],[107.768,50.148],[108.552,50.464],[108.472,50.588],[108.188,50.656],[108.384,51.236],[108.648,51.5],[109.248,51.364],[109.628,51.448],[110.048,51.616],[110.676,51.504],[111.124,51.816],[111.452,51.876],[111.724,52.004],[112.06,52.276],[112.404,52.208],[112.544,52.348],[112.948,52.344],[113.236,52.468],[113.572,52.452],[114.088,52.696],[114.324,53.068],[113.976,53.24],[113.844,53.38],[113.984,53.744],[114.328,53.792],[114.86,53.98],[115.628,54.444],[116.192,54.54],[116.672,54.548],[116.884,54.736],[116.892,54.976],[116.772,55.148],[116.476,55.252],[116.376,55.408],[116.072,55.416],[115.896,55.524],[115.888,55.964],[115.764,56.084],[115.688,56.596],[115.492,56.62],[115.712,56.964],[116.172,57.14],[115.852,57.24],[115.448,57.096],[115.084,57.12],[114.796,56.708],[114.128,56.676],[114.012,56.544],[113.548,56.672],[113.356,56.628],[112.764,56.752],[112.108,56.944],[111.856,56.912],[111.464,57.104],[111.364,56.896],[111.132,56.816],[109.988,56.968],[109.78,56.712],[109.412,56.736],[108.72,56.5],[108.556,56.344],[108.8,56.256],[108.992,56.04],[108.624,55.456],[108.784,55.168],[108.692,55.064],[108.672,54.548],[109.008,54.424],[108.424,53.784],[108.04,53.192],[106.2,52.44],[105.752,52.032],[105.124,51.732],[104.648,51.624],[104.608,51.268],[104.212,51.28],[103.812,51.132],[103.82,51.388],[103.576,51.48],[103.336,51.436],[103.18,51.62],[103.22,51.788],[102.776,51.984],[102.544,52.228],[102.188,52.276],[102.044,52.212],[101.476,52.572],[100.608,52.944],[100.364,53.136],[100.26,53.376],[99.88,53.3],[99.692,53.132],[99.38,53.112],[99.248,52.952],[98.928,52.92],[98.936,52.672],[98.636,52.412],[98.936,52.124]]]},"properties":{"id":"RU-BU"}},
{"type":"Feature","geometry":{"type":"Polygon","coordinates":[[[98.936,52.124],[98.636,52.412],[98.936,52.672],[98.928,52.92],[99.248,52.952],[98.696,53.156],[98.304,53.104],[98.28,53.224],[97.972,53.352],[97.448,53.46],[97.328,53.596],[96.876,53.728],[96.684,53.64],[96.048,53.452],[95.768,53.52],[95.38,53.372],[94.74,53.384],[94.596,53.316],[94.604,53.056],[94.292,52.9],[93.988,52.584],[93.772,52.448],[93.68,52.224],[93.36,52.128],[92.844,51.832],[91.988,51.792],[91.544,51.9],[90.84,51.912],[90.744,52.064],[90.476,52.184],[90.124,52.128],[89.944,51.752],[89.58,51.552],[89.232,51.644],[88.736,51.56],[88.956,51.44],[89.052,51.064],[89.384,50.856],[89.844,50.428],[89.392,50.32],[89.632,49.908],[89.996,50.004],[90.052,50.084],[90.476,50.216],[90.684,50.216],[91.012,50.424],[91.416,50.46],[91.748,50.684],[92.16,50.688],[92.3,50.844],[92.648,50.676],[92.96,50.776],[93.012,50.624],[94.236,50.564],[94.344,50.248],[94.624,50.016],[94.92,50.044],[95.076,49.944],[95.476,49.896],[95.868,50.016],[96.372,49.888],[96.968,49.888],[97.084,49.804],[97.3,49.724],[97.568,49.916],[97.848,49.932],[98.104,50.064],[98.264,50.284],[98.292,50.52],[98.024,50.644],[97.992,50.836],[97.808,51],[98.052,51.468],[98.22,51.476],[98.332,51.72],[98.62,51.78],[98.936,52.124]]]},"properties":{"id":"RU-TY"}},
{"type":"Feature","geometry":{"type":"Polygon","coordinates":[[[116.684,49.824],[117.056,49.672],[117.472,49.616],[117.76,49.512],[118.168,49.672],[118.644,49.956],[119.092,49.988],[119.316,50.092],[119.352,50.344],[119.292,50.6],[119.496,50.736],[119.516,50.904],[119.748,51.084],[120.108,51.664],[120.648,51.912],[120.78,52.116],[120.628,52.348],[120.724,52.544],[120.428,52.636],[120.056,52.6],[120.032,52.76],[120.28,52.864],[120.876,53.28],[121.412,53.316],[122.024,53.428],[121.92,53.832],[121.644,54.012],[121.752,54.272],[122.128,54.468],[121.936,54.568],[121.92,54.732],[121.668,54.82],[121.952,55.008],[121.984,55.476],[121.884,55.604],[121.364,55.508],[121.216,56.012],[120.532,55.916],[120.26,55.916],[120.06,56.14],[120.532,56.284],[120.256,56.46],[119.96,56.492],[119.668,56.772],[119.9,56.888],[119.644,57.004],[119.684,57.156],[119.444,57.372],[119.412,57.616],[119.048,57.728],[119.108,58.224],[118.632,58.176],[118.144,58.384],[117.684,58.396],[117.472,58.304],[117.312,57.848],[117.14,57.668],[117.672,56.976],[117.572,56.852],[117.18,56.864],[116.816,56.728],[116.36,56.848],[116.124,56.812],[115.712,56.964],[115.492,56.62],[115.688,56.596],[115.764,56.084],[115.888,55.964],[115.896,55.524],[116.072,55.416],[116.376,55.408],[116.476,55.252],[116.772,55.148],[116.892,54.976],[116.884,54.736],[116.672,54.548],[116.192,54.54],[115.628,54.444],[114.86,53.98],[114.328,53.792],[113.984,53.744],[113.844,53.38],[113.976,53.24],[114.324,53.068],[114.088,52.696],[113.572,52.452],[113.236,52.468],[112.948,52.344],[112.544,52.348],[112.404,52.208],[112.06,52.276],[111.724,52.004],[111.452,51.876],[111.124,51.816],[110.676,51.504],[110.048,51.616],[109.628,51.448],[109.248,51.364],[108.648,51.5],[108.384,51.236],[108.188,50.656],[108.472,50.588],[108.552,50.464],[107.768,50.148],[107.744,49.968],[107.948,49.932],[108.032,49.588],[108.568,49.324],[109.288,49.34],[110.18,49.16],[110.372,49.24],[110.732,49.136],[111.34,49.364],[112.128,49.44],[112.432,49.528],[112.732,49.492],[113.044,49.588],[113.212,49.824],[113.58,50.02],[113.848,50.08],[114.288,50.276],[114.752,50.236],[114.996,50.144],[115.368,49.896],[115.752,49.884],[116.216,50.012],[116.684,49.824]]]},"properties":{"id":"RU-ZAB"}},
{"type":"Feature","geometry":{"type":"Polygon","coordinates":[[[123.16,46.22],[123.92,46.272],[124.036,46.02],[124.016,45.78],[124.396,45.452],[124.872,45.448],[125.104,45.396],[125.7,45.512],[125.84,45.236],[126.152,45.14],[126.56,45.248],[126.952,45.136],[127.076,44.936],[126.98,44.828],[127.232,44.616],[127.56,44.572],[127.492,44.412],[127.848,44.056],[128.052,44.124],[128.044,44.34],[128.36,44.5],[128.444,44.152],[128.748,43.804],[128.884,43.556],[129.228,43.608],[129.248,43.788],[129.752,43.876],[129.912,44.02],[130.104,43.844],[130.332,43.928],[130.416,43.668],[130.916,43.452],[131.252,43.468],[131.172,43.78],[131.264,44.056],[131.064,44.684],[130.932,44.84],[131.42,44.96],[131.82,45.332],[131.968,45.232],[132.952,45.024],[133.116,45.124],[133.204,45.512],[133.412,45.572],[133.516,45.88],[133.66,45.936],[133.688,46.14],[133.904,46.26],[133.848,46.48],[134,46.636],[134.156,47.256],[134.484,47.432],[134.772,47.712],[134.568,48.04],[134.7,48.26],[134.388,48.38],[133.72,48.244],[133.464,48.088],[133.092,48.108],[132.66,47.868],[132.524,47.708],[131.576,47.668],[131.42,47.744],[131.024,47.684],[130.664,48.116],[130.82,48.28],[130.716,48.5],[130.532,48.636],[130.624,48.876],[130.248,48.864],[129.912,49.04],[129.712,49.276],[129.052,49.376],[128.668,49.608],[128.092,49.54],[127.832,49.592],[127.508,49.824],[127.58,50.22],[127.332,50.328],[127.288,50.752],[126.932,51.064],[126.956,51.328],[126.448,51.984],[126.532,52.152],[126.036,52.728],[125.62,53.064],[125.128,53.208],[124.72,53.148],[124.408,53.236],[124.232,53.38],[123.64,53.552],[123.252,53.568],[122.86,53.472],[122.336,53.492],[122.024,53.428],[121.412,53.316],[121.608,53.24],[121.8,53.024],[121.504,52.776],[121.172,52.596],[122.016,52.284],[122.172,52.48],[122.492,52.296],[122.756,51.848],[122.716,51.7],[122.956,51.388],[123.568,51.204],[123.868,51.312],[124.352,51.28],[124.82,51.364],[125.128,51.616],[125.488,51.508],[126.056,50.98],[125.824,50.768],[125.808,50.564],[125.532,50.392],[125.188,49.94],[125.268,49.44],[125.16,49.152],[124.864,49.176],[124.54,48.572],[124.564,48.236],[124.424,48.176],[124.3,48.492],[124.076,48.448],[123.576,48.056],[123.292,47.944],[123.208,47.812],[122.564,47.532],[122.404,47.332],[122.576,47.132],[123.188,46.76],[123.38,46.9],[123.608,46.776],[123.396,46.596],[123.02,46.612],[122.988,46.408],[123.16,46.22]]]},"properties":{"id":"CN-HL"}},
{"type":"Feature","geometry":{"type":"Polygon","coordinates":[[[122.024,53.428],[122.336,53.492],[122.86,53.472],[123.252,53.568],[123.64,53.552],[124.232,53.38],[124.408,53.236],[124.72,53.148],[125.128,53.208],[125.62,53.064],[126.036,52.728],[126.532,52.152],[126.448,51.984],[126.956,51.328],[126.932,51.064],[127.288,50.752],[127.332,50.328],[127.58,50.22],[127.508,49.824],[127.832,49.592],[128.092,49.54],[128.668,49.608],[129.052,49.376],[129.712,49.276],[129.912,49.04],[130.248,48.864],[130.624,48.876],[131.008,49.052],[131.184,49.248],[131.396,49.244],[131.496,49.412],[131.5,49.9],[131.296,49.988],[131.44,50.188],[131.288,50.368],[130.864,50.456],[130.956,50.648],[130.644,50.656],[131.064,51.244],[131.488,51.344],[131.432,51.688],[131.728,51.68],[132.424,51.86],[132.588,52.08],[133.42,52.252],[133.248,52.456],[133.28,52.664],[134.604,52.416],[134.784,52.648],[134.66,52.94],[134.956,53.252],[134.924,53.416],[134.556,53.62],[134.012,53.432],[133.572,53.548],[133.208,53.42],[132.892,53.236],[131.8,53.24],[131.532,53.32],[131.42,53.752],[130.92,53.768],[130.448,53.884],[130.508,54.12],[130.772,54.288],[131.116,54.324],[131.2,54.612],[131.996,54.908],[132.088,55.048],[132.368,55.056],[132.732,55.348],[132.54,55.676],[132.24,55.704],[131.804,55.616],[131.088,55.62],[130.924,55.68],[130.74,55.72],[129.996,55.692],[129.652,55.744],[129.048,55.656],[128.976,55.468],[128.5,55.516],[128.292,55.648],[127.792,55.628],[127.488,55.556],[127.328,55.656],[126.952,55.688],[126.436,55.556],[126.048,55.588],[126.04,55.728],[125.548,55.736],[125.248,55.88],[124.956,55.828],[124.448,55.904],[124.36,56.056],[123.916,56.376],[123.132,56.456],[122.92,56.552],[122.588,56.488],[122.16,56.74],[121.608,56.74],[121.408,56.976],[121.02,57.032],[120.304,57.004],[119.9,56.888],[119.668,56.772],[119.96,56.492],[120.256,56.46],[120.532,56.284],[120.06,56.14],[120.26,55.916],[120.532,55.916],[121.216,56.012],[121.364,55.508],[121.884,55.604],[121.984,55.476],[121.952,55.008],[121.668,54.82],[121.92,54.732],[121.936,54.568],[122.128,54.468],[121.752,54.272],[121.644,54.012],[121.92,53.832],[122.024,53.428]]]},"properties":{"id":"RU-AMU"}},
{"type":"Feature","geometry":{"type":"Polygon","coordinates":[[[134.388,48.38],[134.768,48.372],[134.976,48.508],[134.484,48.66],[134.104,48.632],[133.772,48.76],[133.308,48.828],[133.2,49.14],[132.64,49.288],[132.12,49.484],[131.964,49.304],[131.396,49.244],[131.184,49.248],[131.008,49.052],[130.624,48.876],[130.532,48.636],[130.716,48.5],[130.82,48.28],[130.664,48.116],[131.024,47.684],[131.42,47.744],[131.576,47.668],[132.524,47.708],[132.66,47.868],[133.092,48.108],[133.464,48.088],[133.72,48.244],[134.388,48.38]]]},"properties":{"id":"RU-YEV"}},
{"type":"Feature","geometry":{"type":"MultiPolygon","coordinates":[[[[134,46.636],[134.412,46.676],[134.444,46.944],[134.852,47.156],[135.204,47.152],[135.528,46.952],[135.744,46.948],[135.852,46.812],[136.064,46.848],[136.264,46.764],[136.728,46.84],[137.092,47.296],[137.452,47.2],[138.088,47.516],[138.048,47.668],[137.6,47.784],[137.596,47.912],[137.316,48.084],[137.448,48.2],[137.844,48.208],[138.304,48.444],[138.488,48.4],[138.58,48.032],[138.824,47.86],[138.62,47.628],[138.628,47.452],[139.028,47.388],[139.26,47.788],[140.044,48.336],[140.376,49.144],[140.344,49.22],[140.56,49.576],[140.416,49.864],[140.66,50.06],[140.524,50.152],[140.444,50.544],[140.544,50.876],[140.656,50.936],[140.704,51.336],[140.896,51.428],[140.904,51.616],[141.108,51.68],[141.428,51.94],[141.516,52.172],[141.168,52.364],[141.28,52.58],[141.188,52.988],[141.432,53.148],[140.948,53.488],[140.54,53.672],[140.252,53.892],[140.24,54.056],[139.816,54.216],[139.16,54.204],[138.74,54.316],[138.76,53.976],[138.504,53.544],[137.92,53.588],[137.336,53.528],[137.596,53.824],[137.452,54.316],[137.06,54.144],[137.292,54.036],[137.184,53.852],[136.684,53.808],[136.884,54.592],[136.248,54.62],[135.752,54.572],[135.656,54.664],[135.264,54.72],[135.22,54.896],[135.536,55.088],[135.868,55.172],[136.22,55.356],[136.32,55.488],[136.772,55.66],[137.572,56.116],[137.916,56.36],[138.66,56.976],[139.196,57.272],[139.42,57.296],[139.788,57.484],[139.98,57.688],[140.496,57.844],[140.668,58.192],[140.904,58.384],[141.584,58.616],[141.948,58.944],[142.264,59.124],[143.16,59.352],[143.492,59.32],[143.84,59.404],[145,59.368],[145.676,59.424],[146.052,59.14],[146.44,59.46],[146.888,59.364],[147.076,59.412],[147.14,59.848],[146.788,59.9],[146.68,60.096],[146.376,60.272],[145.792,60.2],[145.572,60.336],[145.62,60.556],[146.068,60.74],[146.464,60.708],[146.748,61.224],[146.584,61.636],[146.22,61.904],[145.744,62.06],[145.512,61.964],[144.744,62.048],[144.54,61.856],[143.928,61.768],[143.956,61.956],[143.572,61.948],[143.128,62.1],[142.928,61.9],[142.436,61.868],[142.188,62.08],[141.836,62.04],[141.544,62.18],[141.304,62.432],[141.068,62.416],[140.704,62.572],[140.404,62.42],[140.256,62.04],[139.988,61.972],[139.92,61.8],[139.548,61.48],[139.12,61.448],[138.704,61.192],[138.384,61.1],[138.184,60.896],[138.428,60.704],[138.244,60.492],[138.2,60.232],[138.252,59.712],[137.616,59.74],[137.184,59.444],[136.76,59.356],[136.052,59.44],[135.792,59.536],[135.42,59.388],[135.208,59.124],[133.768,59.224],[133.544,59.292],[133.124,59.204],[132.6,58.892],[132.564,58.64],[132.128,58.488],[132.196,58.248],[131.476,58.168],[131.612,57.996],[132.036,57.692],[131.692,57.56],[131.508,57.252],[131.18,57.136],[131.752,56.844],[131.796,56.716],[131.392,56.48],[131.184,56.468],[131.092,56.204],[130.86,55.888],[130.924,55.68],[131.088,55.62],[131.804,55.616],[132.24,55.704],[132.54,55.676],[132.732,55.348],[132.368,55.056],[132.088,55.048],[131.996,54.908],[131.2,54.612],[131.116,54.324],[130.772,54.288],[130.508,54.12],[130.448,53.884],[130.92,53.768],[131.42,53.752],[131.532,53.32],[131.8,53.24],[132.892,53.236],[133.208,53.42],[133.572,53.548],[134.012,53.432],[134.556,53.62],[134.924,53.416],[134.956,53.252],[134.66,52.94],[134.784,52.648],[134.604,52.416],[133.28,52.664],[133.248,52.456],[133.42,52.252],[132.588,52.08],[132.424,51.86],[131.728,51.68],[131.432,51.688],[131.488,51.344],[131.064,51.244],[130.644,50.656],[130.956,50.648],[130.864,50.456],[131.288,50.368],[131.44,50.188],[131.296,49.988],[131.5,49.9],[131.496,49.412],[131.396,49.244],[131.964,49.304],[132.12,49.484],[132.64,49.288],[133.2,49.14],[133.308,48.828],[133.772,48.76],[134.104,48.632],[134.484,48.66],[134.976,48.508],[134.768,48.372],[134.388,48.38],[134.7,48.26],[134.568,48.04],[134.772,47.712],[134.484,47.432],[134.156,47.256],[134,46.636]]],[[[138.048,55.06],[137.608,55.2],[137.484,54.88],[137.708,54.624],[137.988,54.796],[138.048,55.06]]]]},"properties":{"id":"RU-KHA"}},
{"type":"Feature","geometry":{"type":"Polygon","coordinates":[[[131.252,43.468],[131.28,43.38],[130.992,42.848],[130.768,42.864],[130.408,42.736],[130.532,42.532],[130.7,42.296],[130.86,42.524],[131.472,42.872],[131.516,43.008],[131.752,43.224],[131.952,43.072],[132.356,43.284],[132.404,42.944],[132.576,42.84],[132.772,42.876],[133.156,42.688],[133.604,42.848],[133.928,42.884],[134.192,43.08],[134.588,43.228],[135.14,43.508],[135.228,43.684],[135.488,43.832],[135.656,44.168],[135.888,44.4],[136.124,44.476],[136.364,44.792],[136.552,44.896],[136.824,45.204],[137.144,45.376],[137.396,45.624],[137.672,45.796],[138.1,46.228],[138.536,46.988],[139.028,47.388],[138.628,47.452],[138.62,47.628],[138.824,47.86],[138.58,48.032],[138.488,48.4],[138.304,48.444],[137.844,48.208],[137.448,48.2],[137.316,48.084],[137.596,47.912],[137.6,47.784],[138.048,47.668],[138.088,47.516],[137.452,47.2],[137.092,47.296],[136.728,46.84],[136.264,46.764],[136.064,46.848],[135.852,46.812],[135.744,46.948],[135.528,46.952],[135.204,47.152],[134.852,47.156],[134.444,46.944],[134.412,46.676],[134,46.636],[133.848,46.48],[133.904,46.26],[133.688,46.14],[133.66,45.936],[133.516,45.88],[133.412,45.572],[133.204,45.512],[133.116,45.124],[132.952,45.024],[131.968,45.232],[131.82,45.332],[131.42,44.96],[130.932,44.84],[131.064,44.684],[131.264,44.056],[131.172,43.78],[131.252,43.468]]]},"properties":{"id":"RU-PRI"}},
{"type":"Feature","geometry":{"type":"Polygon","coordinates":[[[123.696,43.352],[124.28,43.224],[124.52,42.872],[124.764,43.104],[124.86,42.888],[125.284,42.236],[125.48,42.152],[125.296,41.956],[125.308,41.68],[125.468,41.576],[125.768,41.14],[125.576,40.912],[125.704,40.86],[126.008,40.9],[126.5,41.436],[126.616,41.664],[127,41.752],[127.268,41.504],[127.64,41.428],[127.944,41.472],[128.184,41.404],[128.304,41.584],[128.04,41.88],[128.036,41.992],[128.884,42.032],[129.212,42.22],[129.244,42.38],[129.704,42.444],[129.76,42.748],[129.88,42.996],[130.24,42.904],[130.244,42.744],[130.452,42.548],[130.532,42.532],[130.408,42.736],[130.768,42.864],[130.992,42.848],[131.28,43.38],[131.252,43.468],[130.916,43.452],[130.416,43.668],[130.332,43.928],[130.104,43.844],[129.912,44.02],[129.752,43.876],[129.248,43.788],[129.228,43.608],[128.884,43.556],[128.748,43.804],[128.444,44.152],[128.36,44.5],[128.044,44.34],[128.052,44.124],[127.848,44.056],[127.492,44.412],[127.56,44.572],[127.232,44.616],[126.98,44.828],[127.076,44.936],[126.952,45.136],[126.56,45.248],[126.152,45.14],[125.84,45.236],[125.7,45.512],[125.104,45.396],[124.872,45.448],[124.396,45.452],[124.016,45.78],[124.036,46.02],[123.92,46.272],[123.16,46.22],[123.068,46.108],[122.8,46.088],[122.772,45.788],[122.648,45.724],[122.4,45.948],[122.24,45.812],[121.996,45.98],[121.816,45.912],[121.668,45.716],[121.936,45.688],[122.028,45.484],[122.236,45.288],[122.012,45.12],[122.044,44.696],[122.28,44.428],[122.376,44.22],[123.124,44.496],[123.324,44.04],[123.524,43.696],[123.38,43.452],[123.696,43.352]]]},"properties":{"id":"CN-JL"}},
{"type":"Feature","geometry":{"type":"Polygon","coordinates":[[[119.232,41.272],[118.964,41.076],[118.856,40.82],[119.292,40.532],[119.564,40.54],[119.636,40.208],[119.852,39.988],[120.436,40.196],[120.62,40.476],[120.94,40.692],[120.992,40.832],[121.36,40.94],[121.576,40.84],[121.852,40.832],[122.048,40.748],[122.3,40.504],[122.092,40.228],[121.776,39.92],[121.536,39.86],[121.436,39.508],[121.676,39.088],[121.092,38.9],[121.152,38.728],[121.656,38.856],[122.128,39.14],[122.396,39.412],[123.008,39.68],[123.176,39.664],[123.624,39.872],[123.984,39.812],[124.204,39.88],[124.368,40.1],[124.896,40.484],[125.416,40.652],[125.704,40.86],[125.576,40.912],[125.768,41.14],[125.468,41.576],[125.308,41.68],[125.296,41.956],[125.48,42.152],[125.284,42.236],[124.86,42.888],[124.764,43.104],[124.52,42.872],[124.28,43.224],[123.696,43.352],[123.612,43.08],[123.18,42.944],[123.132,42.828],[122.728,42.74],[122.476,42.848],[122.3,42.636],[122.044,42.72],[121.876,42.54],[121.648,42.452],[121.368,42.5],[121.036,42.26],[120.912,42.296],[120.628,42.16],[120.14,41.788],[120.032,41.86],[119.564,42.372],[119.336,42.288],[119.364,42.1],[119.3,41.776],[119.388,41.472],[119.232,41.272]]]},"properties":{"id":"CN-LN"}},
{"type":"Feature","geometry":{"type":"Polygon","coordinates":[[[55.98,41.32],[55.636,41.264],[55.428,41.292],[54.74,42.048],[54.196,42.32],[54.048,42.344],[53.412,42.26],[52.98,42.128],[52.436,41.748],[52.564,41.52],[52.816,41.388],[52.904,41.688],[52.82,41.764],[53.12,42.088],[53.68,42.144],[53.896,42.08],[54.04,41.536],[54.6,41.192],[54.76,40.964],[54.64,40.84],[54.012,40.656],[53.72,40.624],[53.54,40.76],[53.108,40.772],[52.96,41.016],[52.736,40.484],[52.74,40.052],[52.884,39.944],[53.436,40.004],[53.568,39.948],[53.364,39.54],[53.088,39.384],[53.58,39.332],[53.748,39.056],[53.976,38.9],[53.828,38.524],[53.86,38.208],[53.824,37.744],[53.912,37.344],[54.188,37.324],[54.784,37.516],[54.856,37.76],[55.132,37.952],[55.424,38.076],[55.708,38.12],[56.168,38.08],[56.436,38.256],[56.74,38.268],[57.04,38.188],[57.136,38.264],[57.344,38.08],[57.352,37.968],[57.736,37.9],[58.18,37.776],[58.372,37.632],[58.516,37.692],[58.86,37.668],[59.352,37.492],[59.372,37.32],[59.508,37.188],[60.02,37.024],[60.344,36.636],[61.076,36.648],[61.224,36.116],[61.268,35.62],[61.42,35.544],[61.54,35.452],[62.032,35.424],[62.22,35.308],[62.62,35.224],[62.824,35.328],[63.08,35.436],[63.076,35.624],[63.344,35.856],[63.908,36.032],[64.444,36.248],[64.604,36.46],[64.592,36.62],[64.728,36.852],[64.76,37.092],[65.064,37.232],[65.488,37.24],[65.668,37.52],[65.856,37.508],[66.252,37.36],[66.52,37.364],[66.52,37.784],[66.636,37.968],[65.876,38.272],[65.604,38.236],[64.976,38.612],[64.636,38.744],[64.368,38.94],[64.12,38.96],[63.708,39.192],[63.476,39.404],[62.592,39.892],[62.452,40.008],[62.352,40.432],[62.188,40.504],[62.044,40.716],[61.876,41.124],[61.472,41.296],[61.28,41.156],[61.004,41.228],[60.416,41.236],[60.096,41.388],[60.156,41.604],[60.048,41.752],[60.14,41.876],[59.984,41.948],[60.028,42.2],[59.868,42.304],[59.48,42.284],[59.244,42.364],[59.124,42.536],[58.896,42.548],[58.612,42.78],[58.492,42.644],[58.284,42.688],[57.996,42.492],[57.852,42.192],[57.384,42.164],[56.952,41.868],[57.012,41.256],[56.532,41.3],[55.98,41.32]]]},"properties":{"id":"TM"}},
{"type":"Feature","geometry":{"type":"Polygon","coordinates":[[[41.816,37.712],[41.52,37.544],[41.26,37.572],[41.076,37.764],[40.552,37.728],[40.096,37.476],[40,37.376],[40.012,37.256],[40.26,36.924],[40.708,37.1],[41.48,37.076],[41.896,37.156],[41.724,37.364],[41.892,37.436],[41.816,37.712]]]},"properties":{"id":"TR-47"}},
{"type":"Feature","geometry":{"type":"Polygon","coordinates":[[[40.26,36.924],[40.012,37.256],[40,37.376],[39.884,37.552],[39.864,37.776],[39.464,37.976],[39.188,38.044],[39.06,37.988],[38.868,37.652],[38.644,37.624],[38.516,37.512],[38.04,37.444],[37.84,37.268],[37.868,37.064],[38.028,36.836],[38.192,36.904],[38.528,36.832],[38.636,36.744],[39.184,36.66],[39.44,36.692],[39.764,36.744],[40.26,36.924]]]},"properties":{"id":"TR-63"}},
{"type":"Feature","geometry":{"type":"Polygon","coordinates":[[[37.524,36.672],[37.116,36.9],[36.864,36.936],[36.66,36.828],[36.964,36.752],[37.016,36.644],[37.524,36.672]]]},"properties":{"id":"TR-79"}},
{"type":"Feature","geometry":{"type":"Polygon","coordinates":[[[38.04,37.444],[37.844,37.536],[37.624,37.52],[37.616,37.416],[37.136,37.308],[36.936,37.344],[36.72,37.272],[36.452,36.96],[36.66,36.828],[36.864,36.936],[37.116,36.9],[37.524,36.672],[38.028,36.836],[37.868,37.064],[37.84,37.268],[38.04,37.444]]]},"properties":{"id":"TR-27"}},
{"type":"Feature","geometry":{"type":"Polygon","coordinates":[[[36.66,36.828],[36.452,36.96],[36.06,37.008],[35.932,36.872],[36.188,36.8],[36.188,36.604],[35.788,36.32],[35.976,36.02],[35.912,35.916],[36.156,35.824],[36.356,36.024],[36.36,36.18],[36.648,36.304],[36.536,36.496],[36.66,36.828]]]},"properties":{"id":"TR-31"}},
{"type":"Feature","geometry":{"type":"Polygon","coordinates":[[[34.956,29.56],[34.948,29.352],[35.74,29.232],[36.068,29.2],[36.476,29.496],[36.756,29.864],[37.472,29.996],[37.636,30.312],[37.98,30.5],[37.22,31.248],[36.996,31.5],[37.76,31.696],[37.988,31.752],[38.964,31.996],[39.148,32.12],[39.048,32.308],[39.056,32.496],[38.776,33.372],[38.316,33.132],[37.496,32.692],[36.82,32.316],[36.516,32.356],[36.08,32.516],[35.768,32.748],[35.756,32.744],[35.564,32.644],[35.56,32.384],[35.56,32.192],[35.56,31.764],[35.504,31.684],[35.46,31.492],[35.456,31.432],[35.44,31.104],[35.348,30.924],[35.264,30.72],[35.14,30.432],[35.144,30.156],[34.956,29.56]]]},"properties":{"id":"JO"}},
{"type":"Feature","geometry":{"type":"Polygon","coordinates":[[[80.996,30.196],[80.572,29.948],[80.368,29.756],[80.384,29.604],[80.212,29.416],[80.28,29.268],[80.032,28.916],[80.072,28.82],[80.348,28.62],[80.536,28.68],[81.048,28.388],[81.192,28.34],[81.308,28.124],[81.856,27.852],[82.052,27.904],[82.4,27.676],[82.672,27.696],[82.752,27.496],[83.132,27.444],[83.592,27.456],[83.852,27.348],[83.924,27.448],[84.08,27.508],[84.288,27.376],[84.576,27.328],[84.64,27.028],[84.8,27.012],[85.196,26.76],[85.356,26.76],[85.6,26.856],[85.82,26.572],[86.012,26.656],[86.148,26.6],[86.284,26.612],[86.712,26.416],[86.936,26.52],[87.328,26.352],[87.648,26.408],[88.088,26.54],[88.168,26.744],[87.972,27.104],[88.004,27.248],[88.024,27.496],[88.16,27.776],[88.12,27.86],[87.824,27.908],[87.68,27.812],[87.156,27.824],[86.984,27.952],[86.66,28.108],[86.516,27.972],[86.204,28.004],[86.056,27.888],[85.676,28.308],[85.26,28.268],[85.08,28.332],[85.168,28.584],[84.92,28.536],[84.676,28.604],[84.224,28.916],[84.1,29.248],[83.944,29.292],[83.656,29.16],[83.516,29.192],[83.328,29.484],[83.164,29.624],[82.836,29.66],[82.54,29.924],[82.144,30.068],[82.088,30.332],[81.592,30.416],[81.268,30.072],[81.084,30.028],[80.996,30.196]]]},"properties":{"id":"NP"}},
{"type":"Feature","geometry":{"type":"Polygon","coordinates":[[[95.176,27.032],[94.916,26.952],[94.692,26.74],[94.488,26.676],[94.36,26.5],[94.008,26.184],[93.988,25.948],[93.708,25.872],[93.336,25.54],[93.448,25.304],[93.604,25.204],[93.808,25.448],[93.804,25.544],[94.552,25.492],[94.652,25.448],[95.008,25.736],[95,25.924],[95.14,26.028],[95.048,26.248],[95.04,26.476],[95.248,26.648],[95.176,27.032]]]},"properties":{"id":"IN-NL"}},
{"type":"Feature","geometry":{"type":"Polygon","coordinates":[[[93.02,24.4],[92.996,24.096],[93.304,24.036],[93.456,23.96],[93.612,24.008],[94.128,23.852],[94.288,24.316],[94.708,25.024],[94.552,25.244],[94.652,25.448],[94.552,25.492],[93.804,25.544],[93.808,25.448],[93.604,25.204],[93.448,25.304],[93.188,24.812],[93.088,24.708],[93.02,24.4]]]},"properties":{"id":"IN-MN"}},
{"type":"Feature","geometry":{"type":"Polygon","coordinates":[[[92.3,24.236],[92.32,23.852],[92.26,23.704],[92.356,23.288],[92.38,22.9],[92.496,22.696],[92.576,21.976],[92.708,22.148],[92.852,22.024],[93.168,22.248],[93.08,22.772],[93.376,23.128],[93.432,23.648],[93.304,24.036],[92.996,24.096],[93.02,24.4],[92.828,24.376],[92.488,24.132],[92.3,24.236]]]},"properties":{"id":"IN-MZ"}},
{"type":"Feature","geometry":{"type":"Polygon","coordinates":[[[32.112,-26.84],[31.992,-26.84],[31.944,-27.164],[31.968,-27.316],[31.528,-27.312],[31.244,-27.232],[30.98,-27.356],[30.66,-27.276],[30.424,-27.276],[30.132,-27.38],[29.928,-27.364],[29.772,-27.452],[29.684,-27.668],[29.72,-27.812],[29.588,-28.252],[28.972,-28.576],[28.86,-28.772],[28.98,-28.908],[29.312,-29.088],[29.436,-29.344],[29.276,-29.528],[29.112,-29.752],[29.016,-29.98],[29.176,-30.284],[29.164,-30.556],[29.32,-30.656],[29.476,-30.62],[29.792,-30.708],[30.064,-30.86],[30.196,-31.076],[30.392,-30.848],[31.016,-29.868],[31.188,-29.56],[31.488,-29.208],[31.752,-28.968],[32.012,-28.868],[32.38,-28.552],[32.544,-28.192],[32.676,-27.52],[32.84,-27.124],[32.892,-26.848],[32.112,-26.84]]]},"properties":{"id":"ZA-NL"}},
{"type":"Feature","geometry":{"type":"Polygon","coordinates":[[[28.86,-28.772],[28.828,-28.76],[28.668,-28.596],[28.22,-28.7],[28.02,-28.856],[27.748,-28.908],[27.636,-29.092],[27.512,-29.272],[27.3,-29.52],[27.016,-29.624],[27.172,-29.92],[27.376,-30.312],[27.532,-30.392],[27.744,-30.6],[28.056,-30.648],[28.356,-30.172],[28.64,-30.132],[29.016,-29.98],[29.112,-29.752],[29.276,-29.528],[29.436,-29.344],[29.312,-29.088],[28.98,-28.908],[28.86,-28.772]]]},"properties":{"id":"LS"}},
{"type":"Feature","geometry":{"type":"Polygon","coordinates":[[[25.468,-30.612],[25.724,-30.68],[26.06,-30.512],[26.536,-30.652],[26.92,-30.656],[27.012,-30.532],[27.296,-30.488],[27.376,-30.312],[27.172,-29.92],[27.016,-29.624],[27.3,-29.52],[27.512,-29.272],[27.636,-29.092],[27.748,-28.908],[28.02,-28.856],[28.22,-28.7],[28.668,-28.596],[28.828,-28.76],[28.86,-28.772],[28.972,-28.576],[29.588,-28.252],[29.72,-27.812],[29.684,-27.668],[29.772,-27.452],[29.616,-27.5],[29.444,-27.252],[28.96,-26.996],[28.824,-27.04],[28.428,-26.984],[28.256,-26.892],[27.884,-26.724],[27.584,-26.736],[27.48,-26.872],[27.18,-26.924],[26.916,-26.888],[26.644,-27],[26.488,-27.14],[26.452,-27.352],[26,-27.64],[25.8,-27.58],[25.42,-27.712],[25.24,-27.824],[25.012,-28.068],[24.844,-28.52],[24.876,-28.648],[24.34,-29.648],[24.408,-29.764],[24.784,-29.988],[24.908,-30.2],[25.184,-30.456],[25.468,-30.612]]]},"properties":{"id":"ZA-FS"}},
{"type":"Feature","geometry":{"type":"Polygon","coordinates":[[[24.148,-31.788],[24.18,-31.952],[24.092,-32.124],[23.884,-32.228],[23.244,-32.424],[23.372,-32.768],[23,-32.888],[22.748,-33.4],[23.26,-33.4],[23.564,-33.496],[23.688,-33.872],[23.636,-33.98],[24.164,-34.056],[24.584,-34.18],[24.84,-34.132],[25.1,-33.96],[25.6,-34.048],[25.68,-33.796],[25.956,-33.712],[26.516,-33.756],[27.38,-33.356],[27.896,-33.04],[28.212,-32.776],[28.548,-32.564],[28.872,-32.288],[29.392,-31.736],[30.008,-31.292],[30.196,-31.076],[30.064,-30.86],[29.792,-30.708],[29.476,-30.62],[29.32,-30.656],[29.164,-30.556],[29.176,-30.284],[29.016,-29.98],[28.64,-30.132],[28.356,-30.172],[28.056,-30.648],[27.744,-30.6],[27.532,-30.392],[27.376,-30.312],[27.296,-30.488],[27.012,-30.532],[26.92,-30.656],[26.536,-30.652],[26.06,-30.512],[25.724,-30.68],[25.468,-30.612],[25.52,-30.8],[25.444,-31.096],[24.764,-31.388],[24.56,-31.4],[24.5,-31.704],[24.148,-31.788]]]},"properties":{"id":"ZA-EC"}},
{"type":"Feature","geometry":{"type":"Polygon","coordinates":[[[26.404,-24.632],[26.456,-24.812],[26.768,-24.868],[26.944,-24.788],[27.184,-24.992],[27.488,-25.056],[27.668,-24.972],[28.1,-25.008],[28.128,-25.2],[28.292,-25.316],[28.664,-25.248],[28.604,-25.156],[28.732,-24.944],[28.896,-24.956],[29.044,-25.144],[29.04,-25.268],[29.352,-25.404],[29.768,-25.396],[30.004,-25.332],[30.008,-25.148],[30.184,-25.024],[30.184,-24.856],[30.66,-24.82],[30.764,-24.464],[30.976,-24.58],[31.22,-24.556],[31.052,-24.192],[31.444,-24.024],[31.712,-24.048],[31.856,-23.964],[31.74,-23.836],[31.52,-23.416],[31.536,-23.156],[31.288,-22.396],[31.096,-22.336],[30.836,-22.284],[30.3,-22.336],[29.76,-22.132],[29.352,-22.188],[29.048,-22.22],[28.912,-22.452],[28.624,-22.564],[28.34,-22.584],[27.936,-22.964],[27.896,-23.08],[27.608,-23.216],[27.548,-23.36],[27.348,-23.392],[27.128,-23.524],[26.964,-23.748],[26.848,-24.248],[26.532,-24.46],[26.404,-24.632]]]},"properties":{"id":"ZA-LP"}},
{"type":"Feature","geometry":{"type":"Polygon","coordinates":[[[25.012,-28.068],[25.24,-27.824],[25.42,-27.712],[25.8,-27.58],[26,-27.64],[26.452,-27.352],[26.488,-27.14],[26.644,-27],[26.916,-26.888],[27.18,-26.924],[27.48,-26.872],[27.584,-26.736],[27.568,-26.652],[27.244,-26.64],[27.192,-26.38],[27.324,-26.288],[27.46,-25.884],[27.728,-25.88],[27.944,-25.808],[28.004,-25.36],[28.292,-25.316],[28.128,-25.2],[28.1,-25.008],[27.668,-24.972],[27.488,-25.056],[27.184,-24.992],[26.944,-24.788],[26.768,-24.868],[26.456,-24.812],[26.404,-24.632],[26.164,-24.66],[25.868,-24.748],[25.876,-24.888],[25.652,-25.464],[25.588,-25.62],[25.388,-25.744],[25.052,-25.736],[24.8,-25.828],[24.5,-25.756],[24.228,-25.648],[23.924,-25.628],[23.46,-25.284],[23.008,-25.312],[22.844,-25.48],[22.72,-25.984],[22.62,-26.112],[22.704,-26.412],[22.852,-26.4],[22.916,-26.156],[23.1,-25.988],[23.376,-26.016],[23.224,-26.268],[23.272,-26.48],[23.58,-26.616],[23.492,-26.736],[23.844,-26.888],[24.024,-27.016],[23.896,-27.256],[24.084,-27.36],[24.044,-27.584],[24.112,-27.744],[24.408,-27.684],[24.364,-27.9],[24.52,-28.1],[24.692,-27.828],[24.672,-27.672],[25.028,-27.708],[24.844,-27.904],[25.012,-28.068]]]},"properties":{"id":"ZA-NW"}},
{"type":"Feature","geometry":{"type":"Polygon","coordinates":[[[14.064,13.076],[14.176,12.544],[14.18,12.384],[14.516,12.324],[14.668,12.168],[14.548,11.72],[14.592,11.496],[14.164,11.24],[13.984,11.276],[13.748,10.944],[13.568,10.68],[13.436,10.152],[13.392,10.116],[13.248,10.08],[13.264,9.8],[13.196,9.544],[12.864,9.384],[12.804,8.832],[12.66,8.66],[12.376,8.596],[12.228,8.388],[12.232,8.188],[12.196,7.976],[12.056,7.784],[12.024,7.596],[11.904,7.452],[11.784,7.304],[11.88,7.104],[11.624,6.932],[11.508,6.612],[11.388,6.472],[11.204,6.436],[11.096,6.448],[11.056,6.7],[10.876,6.816],[10.832,6.944],[10.604,7.06],[10.496,6.876],[10.24,6.872],[10.12,6.996],[9.876,6.788],[9.768,6.772],[9.692,6.536],[9.644,6.52],[9.488,6.42],[8.988,5.936],[8.856,5.848],[8.892,5.62],[8.8,5.16],[8.596,4.816],[8.504,4.552],[8.7,4.5],[8.872,4.604],[8.972,4.1],[9.332,3.92],[9.452,4.076],[9.504,4.104],[9.64,4.008],[9.644,3.54],[9.928,3.268],[9.96,3.084],[9.876,2.88],[9.8,2.34],[9.992,2.164],[10.188,2.164],[10.408,2.164],[11.324,2.164],[11.352,2.3],[12.204,2.28],[12.336,2.308],[12.748,2.236],[13.244,2.272],[13.296,2.16],[13.664,2.156],[14.42,2.136],[14.564,2.208],[14.704,2.104],[14.872,2.1],[15.092,1.984],[15.232,2.032],[15.348,1.924],[15.484,1.976],[15.764,1.908],[15.888,1.792],[16.16,1.736],[16.064,1.98],[16.196,2.236],[16.092,2.512],[16.092,2.864],[15.912,3.096],[15.784,3.108],[15.264,3.664],[15.084,3.884],[15.104,4.112],[15,4.404],[14.716,4.624],[14.66,5.012],[14.596,5.412],[14.632,5.74],[14.584,5.924],[14.432,6.08],[14.72,6.256],[14.92,6.688],[15.044,6.792],[15.248,7.268],[15.432,7.388],[15.48,7.524],[15.564,7.792],[15.44,7.84],[15.212,8.42],[15.032,8.66],[14.792,8.812],[14.348,9.168],[14.32,9.244],[13.948,9.636],[14.196,9.98],[14.44,9.996],[14.732,9.924],[15.216,9.984],[15.384,9.932],[15.536,10.08],[15.3,10.312],[15.064,10.792],[15.028,11.08],[15.06,11.416],[15.136,11.532],[15.068,11.7],[15.04,12.056],[15.012,12.108],[14.904,12.248],[14.832,12.62],[14.604,12.76],[14.48,13],[14.42,13.08],[14.064,13.076]]]},"properties":{"id":"CM"}},
{"type":"Feature","geometry":{"type":"Polygon","coordinates":[[[13.296,2.16],[13.244,2.272],[12.748,2.236],[12.336,2.308],[12.204,2.28],[11.352,2.3],[11.324,2.164],[11.332,1.732],[11.336,1],[10.964,1],[10.416,1.004],[10,1],[9.804,1],[9.56,0.964],[9.62,0.808],[9.52,0.684],[9.308,0.616],[9.5,0.292],[9.356,0.016],[9.308,-0.272],[9.268,-0.412],[9.1,-0.6],[8.8,-0.732],[9.032,-1.3],[9.284,-1.416],[9.244,-1.784],[9.368,-1.996],[9.564,-2.192],[9.596,-2.352],[10.136,-2.528],[9.96,-2.744],[10.452,-3.132],[10.636,-3.312],[10.648,-3.452],[10.984,-3.716],[11.116,-3.936],[11.212,-3.696],[11.568,-3.544],[11.648,-3.672],[11.84,-3.708],[11.828,-3.548],[11.944,-3.304],[11.688,-3.172],[11.764,-2.984],[11.536,-2.804],[11.612,-2.68],[11.56,-2.348],[11.756,-2.416],[11.94,-2.328],[12.064,-2.416],[12.46,-2.328],[12.452,-1.9],[12.632,-1.824],[12.74,-1.892],[12.804,-1.92],[12.996,-2.36],[13.444,-2.428],[13.772,-2.12],[13.884,-2.488],[14.1,-2.48],[14.228,-2.324],[14.252,-1.968],[14.368,-1.924],[14.372,-1.604],[14.484,-1.388],[14.44,-1.184],[14.392,-1.024],[14.5,-0.632],[14.12,-0.304],[13.832,-0.204],[13.888,-0.092],[13.872,0.196],[14.076,0.54],[14.232,0.544],[14.468,0.912],[14.276,1.156],[14.22,1.356],[13.796,1.436],[13.544,1.284],[13.184,1.224],[13.24,1.428],[13.128,1.592],[13.208,1.992],[13.296,2.16]]]},"properties":{"id":"GA"}},
{"type":"Feature","geometry":{"type":"Polygon","coordinates":[[[13.608,13.704],[13.448,14.38],[13.608,14.52],[13.764,14.72],[13.832,15.02],[14.368,15.748],[15.468,16.904],[15.492,17.124],[15.568,18],[15.736,19.904],[15.952,20.376],[15.544,20.8],[15.608,20.952],[15.3,21.4],[15.18,21.508],[15.172,21.992],[14.98,22.996],[14.232,22.616],[13.6,23.12],[13.484,23.18],[11.968,23.516],[11.084,22.996],[9.724,22.192],[8.636,21.552],[7.484,20.872],[6.608,20.144],[5.836,19.48],[5.748,19.432],[4.228,19.144],[4.232,18.644],[4.232,17.976],[4.236,16.996],[4.18,16.808],[4.184,16.416],[4.06,16.3],[3.872,15.72],[3.528,15.496],[3.508,15.352],[3.072,15.428],[3,15.34],[1.332,15.284],[0.972,14.992],[0.672,14.94],[0.516,14.992],[0.22,14.912],[0.152,14.548],[0.204,14.436],[0.388,14.252],[0.34,14.124],[0.5,13.852],[0.62,13.68],[0.952,13.584],[0.972,13.084],[1.304,12.84],[1.536,12.648],[1.828,12.604],[1.972,12.724],[2.108,12.704],[2.244,12.424],[2.072,12.308],[2.392,11.896],[2.36,12.22],[2.844,12.4],[3.596,11.696],[3.652,12.268],[3.644,12.528],[3.928,12.752],[4.088,12.996],[4.12,13.212],[4.124,13.472],[4.624,13.724],[5.272,13.752],[5.556,13.872],[6.12,13.656],[6.284,13.668],[6.672,13.32],[6.752,13.176],[6.908,13.008],[7.064,12.996],[7.2,13.116],[7.392,13.112],[7.756,13.328],[8.076,13.312],[8.248,13.212],[8.532,13.064],[8.68,12.924],[8.976,12.844],[9.592,12.8],[9.648,12.832],[9.932,13.144],[10.16,13.268],[10.648,13.368],[11.44,13.364],[11.852,13.244],[12.056,13.116],[12.388,13.08],[12.684,13.288],[12.884,13.496],[13.228,13.548],[13.36,13.716],[13.608,13.704]]]},"properties":{"id":"NE"}},
{"type":"Feature","geometry":{"type":"Polygon","coordinates":[[[2.392,11.896],[2.072,12.308],[2.244,12.424],[2.108,12.704],[1.972,12.724],[1.828,12.604],[1.536,12.648],[1.304,12.84],[0.972,13.084],[0.952,13.584],[0.62,13.68],[0.5,13.852],[0.34,14.124],[0.388,14.252],[0.204,14.436],[0.152,14.548],[0.22,14.912],[-0.236,15.064],[-0.5,15.08],[-0.772,15.056],[-1.044,14.82],[-1.352,14.716],[-1.696,14.496],[-1.968,14.484],[-2.084,14.16],[-2.46,14.28],[-2.676,14.14],[-2.84,14.044],[-2.932,13.64],[-3.26,13.66],[-3.248,13.292],[-3.472,13.168],[-3.596,13.2],[-3.964,13.488],[-4.352,13.12],[-4.228,12.948],[-4.244,12.728],[-4.464,12.716],[-4.388,12.532],[-4.408,12.308],[-4.652,12.072],[-4.732,12.036],[-5.168,11.944],[-5.268,11.844],[-5.308,11.628],[-5.22,11.424],[-5.324,11.136],[-5.504,11.048],[-5.432,10.844],[-5.524,10.424],[-5.404,10.3],[-5.12,10.292],[-4.968,9.9],[-4.324,9.608],[-4.272,9.744],[-3.892,9.892],[-3.66,9.948],[-3.204,9.908],[-2.988,9.708],[-2.764,9.392],[-2.688,9.488],[-2.744,9.652],[-2.788,10.092],[-2.76,10.268],[-2.932,10.636],[-2.92,10.712],[-2.728,10.988],[-1.6,10.996],[-1.424,11.016],[-1.412,11.016],[-0.704,10.996],[-0.516,10.988],[-0.404,11.1],[-0.168,11.136],[-0.116,11.124],[0.376,11.024],[0.488,10.932],[0.9,10.992],[1.036,11.048],[1.132,11.248],[1.268,11.248],[1.424,11.452],[1.6,11.388],[2.016,11.432],[2.292,11.676],[2.392,11.896]]]},"properties":{"id":"BF"}},
{"type":"Feature","geometry":{"type":"Polygon","coordinates":[[[0.9,10.992],[0.488,10.932],[0.376,11.024],[-0.116,11.124],[-0.168,11.136],[0.016,11.064],[-0.092,10.7],[0.176,10.396],[0.368,10.304],[0.396,10.036],[0.324,9.76],[0.356,9.572],[0.536,9.376],[0.432,9.028],[0.484,8.836],[0.368,8.76],[0.444,8.608],[0.616,8.488],[0.704,8.284],[0.572,8.204],[0.604,7.892],[0.612,7.7],[0.5,7.456],[0.644,7.324],[0.52,6.832],[0.712,6.532],[0.768,6.42],[1.184,6.1],[1.62,6.212],[1.784,6.276],[1.588,6.72],[1.564,6.904],[1.624,6.996],[1.624,7.536],[1.624,7.624],[1.604,8.368],[1.608,8.588],[1.6,9.048],[1.42,9.292],[1.352,9.596],[1.344,9.956],[0.996,10.216],[0.768,10.368],[0.78,10.692],[0.9,10.992]]]},"properties":{"id":"TG"}},
{"type":"Feature","geometry":{"type":"Polygon","coordinates":[[[-0.168,11.136],[-0.404,11.1],[-0.516,10.988],[-0.704,10.996],[-1.412,11.016],[-1.424,11.016],[-1.6,10.996],[-2.728,10.988],[-2.92,10.712],[-2.932,10.636],[-2.76,10.268],[-2.788,10.092],[-2.744,9.652],[-2.688,9.488],[-2.66,9.272],[-2.776,9.056],[-2.66,9.016],[-2.604,8.784],[-2.508,8.208],[-2.84,7.82],[-2.94,7.576],[-2.98,7.196],[-3.096,7.056],[-3.224,6.848],[-3.264,6.616],[-3.172,6.248],[-3.12,6.164],[-2.968,5.62],[-2.78,5.58],[-2.732,5.356],[-2.844,5.148],[-3.116,5.108],[-3.12,5.092],[-2.356,4.92],[-2.092,4.736],[-1.748,4.876],[-1.568,5.02],[-1.232,5.1],[-1.048,5.2],[-0.8,5.216],[-0.36,5.5],[0.036,5.628],[0.32,5.78],[0.672,5.76],[0.916,5.776],[1.184,6.1],[0.768,6.42],[0.712,6.532],[0.52,6.832],[0.644,7.324],[0.5,7.456],[0.612,7.7],[0.604,7.892],[0.572,8.204],[0.704,8.284],[0.616,8.488],[0.444,8.608],[0.368,8.76],[0.484,8.836],[0.432,9.028],[0.536,9.376],[0.356,9.572],[0.324,9.76],[0.396,10.036],[0.368,10.304],[0.176,10.396],[-0.092,10.7],[0.016,11.064],[-0.168,11.136]]]},"properties":{"id":"GH"}},
{"type":"Feature","geometry":{"type":"Polygon","coordinates":[[[-13.728,12.672],[-14.344,12.676],[-14.872,12.68],[-15.148,12.68],[-15.42,12.556],[-15.676,12.44],[-15.884,12.444],[-16.232,12.452],[-16.384,12.372],[-16.728,12.332],[-16.472,12.188],[-16.332,12.004],[-16.136,11.888],[-15.932,11.996],[-15.708,12.008],[-15.864,11.972],[-15.968,11.768],[-15.676,11.804],[-15.544,11.9],[-15.36,11.964],[-15.216,11.908],[-14.992,11.956],[-14.924,11.768],[-15.188,11.872],[-15.44,11.884],[-15.428,11.68],[-15.34,11.684],[-15.272,11.42],[-15.412,11.336],[-15.408,11.188],[-15.208,11.124],[-15.02,10.968],[-14.828,11.336],[-14.688,11.512],[-14.432,11.56],[-14.28,11.664],[-14.016,11.636],[-13.728,11.708],[-13.724,12.004],[-13.964,12.148],[-13.696,12.292],[-13.664,12.476],[-13.728,12.672]]]},"properties":{"id":"GW"}},
{"type":"Feature","geometry":{"type":"Polygon","coordinates":[[[105.52,23.164],[105.536,23.1],[105.852,22.904],[106,22.976],[106.316,22.852],[106.488,22.924],[106.668,22.868],[106.736,22.696],[106.568,22.576],[106.532,22.404],[106.664,22.224],[106.724,22.008],[107.02,21.892],[107.332,21.612],[107.744,21.656],[107.992,21.484],[108.136,21.58],[108.448,21.66],[108.572,21.812],[108.752,21.652],[109.136,21.604],[109.216,21.416],[109.748,21.576],[109.916,21.688],[109.968,21.868],[110.356,21.888],[110.356,22.1],[110.644,22.184],[110.756,22.58],[111.024,22.64],[111.352,22.908],[111.412,23.052],[111.364,23.272],[111.472,23.612],[111.6,23.66],[111.656,23.84],[111.9,23.992],[111.868,24.232],[112.048,24.38],[111.932,24.6],[111.996,24.736],[111.668,24.78],[111.516,24.644],[111.428,25.108],[111.276,25.148],[111.124,25.044],[110.992,25.152],[111.316,25.504],[111.324,25.728],[111.204,25.932],[111.252,26.28],[110.936,26.384],[110.88,26.276],[110.576,26.352],[110.484,26.172],[110.248,25.98],[110.064,26.148],[109.912,26.18],[109.772,25.908],[109.604,26.052],[109.456,26.04],[109.3,25.744],[109.148,25.752],[109.024,25.596],[108.568,25.416],[108.292,25.54],[108.128,25.268],[107.86,25.144],[107.64,25.268],[107.5,25.216],[107.244,25.56],[107.02,25.496],[106.996,25.256],[106.668,25.172],[106.308,24.98],[106.176,24.784],[106,24.648],[105.508,24.816],[105.444,24.924],[105.1,24.956],[105.012,24.796],[104.728,24.632],[104.54,24.74],[104.5,24.58],[104.6,24.404],[104.752,24.468],[105.06,24.432],[105.168,24.168],[105.448,24.036],[105.532,24.128],[105.788,24.02],[105.972,24.088],[106.192,23.868],[106.128,23.54],[105.848,23.52],[105.52,23.164]]]},"properties":{"id":"CN-GX"}},
{"type":"Feature","geometry":{"type":"Polygon","coordinates":[[[92.148,24.544],[92.108,24.404],[91.596,24.104],[91.364,24.1],[91.308,23.992],[91.216,23.908],[91.14,23.612],[91.228,23.468],[91.3,23.144],[91.464,23.184],[91.536,22.98],[91.796,23.088],[91.744,23.272],[92.004,23.648],[92.26,23.704],[92.32,23.852],[92.3,24.236],[92.148,24.544]]]},"properties":{"id":"IN-TR"}},
{"type":"Feature","geometry":{"type":"Polygon","coordinates":[[[89.808,25.44],[89.8,25.404],[89.908,25.296],[90.364,25.148],[90.936,25.156],[91.236,25.2],[91.472,25.132],[92,25.184],[92.384,25.004],[92.564,25.152],[92.804,25.228],[92.788,25.348],[92.384,25.764],[92.168,25.688],[92.216,25.92],[92.164,26.088],[91.72,25.968],[91.584,26.028],[91.252,25.736],[90.976,25.944],[90.484,26.012],[90.136,25.96],[89.976,25.8],[90.004,25.588],[89.808,25.44]]]},"properties":{"id":"IN-ML"}},
{"type":"Feature","geometry":{"type":"Polygon","coordinates":[[[-5.36,36.14],[-5.352,36.12],[-5.34,36.124],[-5.34,36.14],[-5.36,36.14]]]},"properties":{"id":"GI"}},
{"type":"Feature","geometry":{"type":"Polygon","coordinates":[[[-6.952,38.2],[-7.024,38.024],[-7.268,37.948],[-7.516,37.528],[-7.416,37.192],[-7.028,37.204],[-6.34,36.904],[-6.232,36.904],[-6.432,36.752],[-6.236,36.576],[-6.22,36.404],[-6.036,36.188],[-5.612,36.008],[-5.36,36.14],[-5.34,36.14],[-5.252,36.296],[-5.188,36.412],[-4.904,36.508],[-4.724,36.492],[-4.432,36.712],[-3.776,36.736],[-3.416,36.696],[-3.128,36.748],[-2.756,36.68],[-2.576,36.812],[-2.36,36.836],[-2.072,36.776],[-1.9,36.952],[-1.812,37.208],[-1.64,37.38],[-1.84,37.456],[-2,37.652],[-1.984,37.872],[-2.208,37.916],[-2.34,38.028],[-2.548,38.08],[-2.444,38.188],[-2.572,38.5],[-2.756,38.532],[-3.008,38.436],[-3.36,38.472],[-3.444,38.408],[-3.796,38.428],[-4.276,38.352],[-4.448,38.396],[-4.884,38.684],[-5.036,38.728],[-5.364,38.584],[-5.568,38.424],[-5.58,38.136],[-5.728,38.188],[-5.976,38],[-6.184,37.94],[-6.448,38.052],[-6.812,38.112],[-6.952,38.2]]]},"properties":{"id":"ES-AN"}},
{"type":"Feature","geometry":{"type":"Polygon","coordinates":[[[-122.752,48.992],[-122.44,48.58],[-122.532,48.376],[-122.392,48.308],[-122.32,47.944],[-122.412,47.64],[-122.324,47.372],[-122.724,47.088],[-122.8,47.204],[-122.584,47.336],[-122.468,47.756],[-122.792,48.084],[-124.052,48.176],[-124.576,48.372],[-124.736,48.172],[-124.64,47.908],[-124.424,47.74],[-124.316,47.356],[-124.172,47.04],[-124.012,46.984],[-124.092,46.744],[-123.912,46.728],[-123.924,46.252],[-123.692,46.304],[-123.18,46.18],[-122.912,46.108],[-122.808,45.98],[-122.74,45.664],[-122.26,45.568],[-121.792,45.72],[-121.272,45.708],[-121.132,45.624],[-120.62,45.732],[-120.228,45.736],[-119.592,45.92],[-119.004,46],[-116.88,46],[-117.036,46.364],[-117.04,47.42],[-117.04,48.992],[-118.256,48.992],[-119.576,48.992],[-121.556,48.992],[-122.752,48.992]]]},"properties":{"id":"US-WA"}},
{"type":"Feature","geometry":{"type":"MultiPolygon","coordinates":[[[[-117.04,48.992],[-116.048,48.992],[-114.064,48.992],[-114.376,49.204],[-114.74,49.58],[-114.624,49.78],[-114.776,50.356],[-115,50.564],[-115.188,50.548],[-115.528,50.792],[-115.62,50.972],[-116.02,51.144],[-116.296,51.452],[-116.576,51.644],[-116.684,51.808],[-116.936,51.72],[-117.048,51.916],[-117.376,52.136],[-117.592,52.132],[-117.992,52.484],[-118.212,52.368],[-118.416,52.828],[-118.604,52.876],[-118.852,53.184],[-119.276,53.208],[-119.38,53.356],[-119.756,53.416],[-120,53.824],[-120,55.712],[-120,56.876],[-120,58.524],[-120,60],[-121.432,60],[-123.82,60],[-126.2,60],[-128.58,60],[-130.484,60],[-132.388,60],[-135.244,60],[-137.624,60],[-139.06,60],[-138.692,59.888],[-138.6,59.752],[-137.612,59.24],[-137.424,58.908],[-136.468,59.288],[-136.468,59.46],[-136.26,59.62],[-135.484,59.792],[-135.016,59.544],[-135.096,59.42],[-134.4,59.052],[-134.224,58.844],[-133.872,58.736],[-133.464,58.464],[-132.552,57.5],[-132.032,57.028],[-132.108,56.86],[-131.872,56.792],[-131.8,56.588],[-131.584,56.596],[-131.1,56.408],[-130.496,56.232],[-130.404,56.12],[-130.072,56.084],[-130.02,55.908],[-130.132,55.736],[-129.956,55.272],[-130.168,55.084],[-130.064,55.004],[-130.2,54.728],[-130.372,54.664],[-130.46,54.348],[-130.112,54.16],[-130.104,53.948],[-129.336,53.396],[-129.228,53.632],[-128.86,53.832],[-128.776,53.556],[-128.876,53.308],[-128.548,53.136],[-128.476,52.868],[-128.124,52.752],[-128.244,52.56],[-127.8,52.256],[-127.224,52.456],[-127.284,52.236],[-127.848,51.92],[-127.872,51.672],[-127.664,51.4],[-127.776,51.168],[-127.428,50.944],[-127.02,50.82],[-126.86,50.944],[-126.488,50.816],[-126.18,50.852],[-126.244,50.5],[-125.704,50.436],[-125.392,50.496],[-125.06,50.328],[-124.704,50.324],[-124.604,50.232],[-124.732,49.956],[-124.404,49.768],[-124.172,49.78],[-123.964,49.52],[-123.556,49.388],[-123.248,49.596],[-123.212,49.128],[-123.092,48.992],[-123.036,48.992],[-122.752,48.992],[-121.556,48.992],[-119.576,48.992],[-118.256,48.992],[-117.04,48.992]]],[[[-127.24,52.428],[-127.82,52.196],[-127.644,52.14],[-127.276,52.288],[-127.24,52.428]]],[[[-131.112,52.172],[-131.416,52.452],[-131.66,52.544],[-131.852,52.868],[-131.612,53.056],[-131.904,53.24],[-132.372,53.132],[-132.504,53.04],[-131.884,52.576],[-131.684,52.488],[-131.38,52.204],[-131.112,52.172]]],[[[-128.804,52.7],[-128.604,52.612],[-128.54,53.02],[-128.636,53.164],[-129.08,53.304],[-129.188,53.024],[-129.056,52.74],[-128.804,52.7]]],[[[-129.744,53.236],[-129.972,53.456],[-130.316,53.392],[-129.94,53.168],[-129.744,53.236]]],[[[-130.252,53.892],[-130.204,53.732],[-129.932,53.6],[-129.796,53.38],[-129.568,53.216],[-129.336,53.36],[-129.832,53.736],[-130.252,53.892]]],[[[-132.58,53.208],[-132.4,53.148],[-132.008,53.252],[-131.872,53.784],[-131.692,53.992],[-132.132,54.032],[-132.296,54.112],[-133.04,54.164],[-133.144,53.896],[-132.892,53.62],[-132.928,53.524],[-132.516,53.412],[-132.58,53.208]]],[[[-123.32,48.496],[-123.54,48.636],[-123.592,48.836],[-123.812,49.12],[-124.16,49.312],[-124.796,49.472],[-124.884,49.724],[-125.18,49.924],[-125.436,50.312],[-126.116,50.456],[-126.46,50.476],[-127.2,50.62],[-127.504,50.772],[-128.076,50.872],[-128.408,50.78],[-128.32,50.608],[-127.916,50.468],[-127.776,50.232],[-127.488,50.132],[-127.14,49.868],[-126.648,49.9],[-126.572,49.416],[-126.076,49.384],[-125.736,49.052],[-125.368,48.988],[-124.968,48.988],[-125.184,48.8],[-124.664,48.572],[-123.892,48.368],[-123.556,48.328],[-123.32,48.496]]]]},"properties":{"id":"CA-BC"}},
{"type":"Feature","geometry":{"type":"Polygon","coordinates":[[[-116.88,46],[-116.76,45.836],[-116.532,45.752],[-116.464,45.58],[-116.648,45.348],[-116.832,44.92],[-117.204,44.484],[-117.196,44.296],[-116.896,44.184],[-117.02,43.784],[-117.016,42],[-115.716,42],[-114.044,42],[-112.36,42],[-111.052,42],[-111.052,43.404],[-111.052,44.496],[-111.308,44.732],[-111.504,44.548],[-112.08,44.54],[-112.36,44.472],[-112.68,44.504],[-112.996,44.464],[-113.184,44.804],[-113.712,45.304],[-113.788,45.584],[-113.956,45.692],[-114.328,45.484],[-114.544,45.576],[-114.548,45.784],[-114.388,45.896],[-114.484,46.056],[-114.34,46.532],[-114.36,46.676],[-114.624,46.72],[-115.34,47.268],[-115.512,47.312],[-115.72,47.7],[-116.048,48.004],[-116.048,48.992],[-117.04,48.992],[-117.04,47.42],[-117.036,46.364],[-116.88,46]]]},"properties":{"id":"US-ID"}},
{"type":"Feature","geometry":{"type":"Polygon","coordinates":[[[-116.048,48.992],[-116.048,48.004],[-115.72,47.7],[-115.512,47.312],[-115.34,47.268],[-114.624,46.72],[-114.36,46.676],[-114.34,46.532],[-114.484,46.056],[-114.388,45.896],[-114.548,45.784],[-114.544,45.576],[-114.328,45.484],[-113.956,45.692],[-113.788,45.584],[-113.712,45.304],[-113.184,44.804],[-112.996,44.464],[-112.68,44.504],[-112.36,44.472],[-112.08,44.54],[-111.504,44.548],[-111.308,44.732],[-111.052,44.496],[-111.052,45],[-108.716,45],[-107.192,45],[-105.776,45],[-104.056,45],[-104.044,45.944],[-104.048,47.132],[-104.048,48.992],[-105.508,48.992],[-106.608,48.992],[-108.144,48.992],[-110,48.992],[-111.444,48.992],[-112.98,48.992],[-114.064,48.992],[-116.048,48.992]]]},"properties":{"id":"US-MT"}},
{"type":"Feature","geometry":{"type":"Polygon","coordinates":[[[-114.064,48.992],[-112.98,48.992],[-111.444,48.992],[-110,48.992],[-110,50.376],[-110,51.408],[-110,53.124],[-110,54.5],[-110,55.188],[-110,56.908],[-110,57.936],[-110,59.312],[-110,60],[-111.876,60],[-113.124,60],[-115,60],[-116.248,60],[-118.124,60],[-120,60],[-120,58.524],[-120,56.876],[-120,55.712],[-120,53.824],[-119.756,53.416],[-119.38,53.356],[-119.276,53.208],[-118.852,53.184],[-118.604,52.876],[-118.416,52.828],[-118.212,52.368],[-117.992,52.484],[-117.592,52.132],[-117.376,52.136],[-117.048,51.916],[-116.936,51.72],[-116.684,51.808],[-116.576,51.644],[-116.296,51.452],[-116.02,51.144],[-115.62,50.972],[-115.528,50.792],[-115.188,50.548],[-115,50.564],[-114.776,50.356],[-114.624,49.78],[-114.74,49.58],[-114.376,49.204],[-114.064,48.992]]]},"properties":{"id":"CA-AB"}},
{"type":"Feature","geometry":{"type":"Polygon","coordinates":[[[-104.048,48.992],[-102.872,48.992],[-101.364,48.992],[-101.5,50.46],[-101.58,51.316],[-101.68,52.388],[-101.76,53.244],[-101.88,54.532],[-102,55.816],[-102,57.276],[-102,58.412],[-102,60],[-104.5,60],[-106.5,60],[-109,60],[-110,60],[-110,59.312],[-110,57.936],[-110,56.908],[-110,55.188],[-110,54.5],[-110,53.124],[-110,51.408],[-110,50.376],[-110,48.992],[-108.144,48.992],[-106.608,48.992],[-105.508,48.992],[-104.048,48.992]]]},"properties":{"id":"CA-SK"}},
{"type":"Feature","geometry":{"type":"Polygon","coordinates":[[[-104.044,45.944],[-102.612,45.94],[-101.216,45.94],[-99.12,45.94],[-97.488,45.94],[-96.556,45.94],[-96.6,46.324],[-96.796,46.644],[-96.852,47.488],[-97.128,48.172],[-97.1,48.652],[-97.228,48.992],[-98.696,48.992],[-99.792,48.992],[-101.364,48.992],[-102.872,48.992],[-104.048,48.992],[-104.048,47.132],[-104.044,45.944]]]},"properties":{"id":"US-ND"}},
{"type":"Feature","geometry":{"type":"Polygon","coordinates":[[[-101.364,48.992],[-99.792,48.992],[-98.696,48.992],[-97.228,48.992],[-95.176,48.992],[-95.16,49.368],[-95.156,50.292],[-95.152,51.588],[-95.152,52.82],[-93.62,53.748],[-91.688,55.112],[-90.332,55.992],[-88.948,56.852],[-89.828,56.976],[-90.584,57.228],[-91.032,57.264],[-92.224,57.02],[-92.664,57],[-92.456,57.224],[-92.456,57.448],[-92.756,57.864],[-92.808,58.076],[-93.128,58.528],[-93.188,58.76],[-93.716,58.792],[-94.4,58.712],[-94.808,59.02],[-94.72,59.368],[-94.82,59.652],[-94.804,60],[-96.6,60],[-98.4,60],[-100.652,60],[-102,60],[-102,58.412],[-102,57.276],[-102,55.816],[-101.88,54.532],[-101.76,53.244],[-101.68,52.388],[-101.58,51.316],[-101.5,50.46],[-101.364,48.992]]]},"properties":{"id":"CA-MB"}},
{"type":"Feature","geometry":{"type":"Polygon","coordinates":[[[-96.556,45.94],[-96.636,45.764],[-96.864,45.6],[-96.688,45.408],[-96.452,45.296],[-96.452,43.5],[-94.828,43.5],[-92.876,43.5],[-91.252,43.5],[-91.296,43.92],[-91.664,44.072],[-92.104,44.436],[-92.584,44.608],[-92.82,44.756],[-92.804,45.076],[-92.668,45.444],[-92.884,45.576],[-92.88,45.716],[-92.704,45.912],[-92.292,46.084],[-92.292,46.66],[-91.964,46.728],[-91.468,46.924],[-90.652,47.308],[-89.956,47.288],[-89.5,47.996],[-89.98,48.012],[-90.18,48.116],[-90.788,48.1],[-90.924,48.228],[-91.428,48.036],[-91.692,48.096],[-92.044,48.336],[-92.304,48.312],[-92.648,48.536],[-93.256,48.632],[-93.756,48.516],[-93.876,48.636],[-94.592,48.728],[-94.828,49.292],[-95.16,49.368],[-95.176,48.992],[-97.228,48.992],[-97.1,48.652],[-97.128,48.172],[-96.852,47.488],[-96.796,46.644],[-96.6,46.324],[-96.556,45.94]]]},"properties":{"id":"US-MN"}},
{"type":"Feature","geometry":{"type":"MultiPolygon","coordinates":[[[[-95.16,49.368],[-94.828,49.292],[-94.592,48.728],[-93.876,48.636],[-93.756,48.516],[-93.256,48.632],[-92.648,48.536],[-92.304,48.312],[-92.044,48.336],[-91.692,48.096],[-91.428,48.036],[-90.924,48.228],[-90.788,48.1],[-90.18,48.116],[-89.98,48.012],[-89.5,47.996],[-89.34,47.984],[-88.644,48.256],[-88.348,48.3],[-86.636,47.624],[-84.88,46.896],[-84.772,46.632],[-84.588,46.476],[-84.16,46.432],[-83.948,46.06],[-83.612,46.116],[-83.464,45.992],[-83.484,45.772],[-82.588,45.372],[-82.532,45.292],[-82.292,44.244],[-82.152,43.548],[-82.412,43.052],[-82.512,42.648],[-82.8,42.416],[-83.128,42.24],[-83.132,41.94],[-83.068,41.848],[-82.712,41.68],[-82.424,41.676],[-81.276,42.208],[-80.52,42.324],[-80.248,42.364],[-79.764,42.536],[-79.02,42.804],[-79.052,43.26],[-79.176,43.464],[-78.688,43.632],[-76.84,43.624],[-76.456,44.084],[-76.068,44.348],[-75.872,44.408],[-75.7,44.58],[-75.272,44.864],[-74.868,45.012],[-74.712,45],[-74.348,45.22],[-74.48,45.316],[-74.392,45.572],[-74.644,45.656],[-75.284,45.576],[-75.88,45.4],[-76.048,45.516],[-76.344,45.472],[-76.648,45.58],[-76.796,45.876],[-77.14,45.84],[-77.288,46],[-77.66,46.184],[-78.696,46.336],[-78.964,46.532],[-79.164,46.824],[-79.432,47.088],[-79.58,47.452],[-79.516,47.564],[-79.52,49.336],[-79.52,50.944],[-79.744,51.124],[-80.108,51.296],[-80.428,51.356],[-80.596,51.712],[-80.98,52],[-81.392,52.128],[-81.58,52.316],[-81.564,52.456],[-82.3,52.968],[-82.12,53.276],[-82.22,53.604],[-82.128,53.812],[-82.244,54.064],[-82.432,54.228],[-82.42,54.384],[-82.2,54.832],[-82.28,55.044],[-82.46,55.14],[-82.816,55.148],[-83.928,55.328],[-84.612,55.244],[-85.128,55.304],[-85.684,55.588],[-86.288,55.724],[-86.876,55.912],[-87.316,55.964],[-87.624,56.096],[-87.98,56.444],[-88.312,56.54],[-88.948,56.852],[-90.332,55.992],[-91.688,55.112],[-93.62,53.748],[-95.152,52.82],[-95.152,51.588],[-95.156,50.292],[-95.16,49.368]]],[[[-79.52,50.964],[-79.52,51.468],[-79.7,51.384],[-79.748,51.196],[-79.52,50.964]]]]},"properties":{"id":"CA-ON"}},
{"type":"Feature","geometry":{"type":"Polygon","coordinates":[[[-89.956,47.288],[-90.412,46.584],[-90.12,46.34],[-89.12,46.148],[-88.836,46.036],[-88.536,46.028],[-88.116,45.924],[-88.072,45.788],[-87.804,45.688],[-87.812,45.484],[-87.656,45.36],[-87.652,45.12],[-87.404,45.204],[-87.092,45.444],[-86.764,45.444],[-86.252,45.236],[-86.716,44.844],[-87,44.168],[-87.116,43.764],[-87.148,43.38],[-87.02,42.496],[-87.208,41.76],[-85.884,41.76],[-84.808,41.76],[-84.808,41.696],[-83.412,41.736],[-83.132,41.94],[-83.128,42.24],[-82.8,42.416],[-82.512,42.648],[-82.412,43.052],[-82.152,43.548],[-82.292,44.244],[-82.532,45.292],[-82.588,45.372],[-83.484,45.772],[-83.464,45.992],[-83.612,46.116],[-83.948,46.06],[-84.16,46.432],[-84.588,46.476],[-84.772,46.632],[-84.88,46.896],[-86.636,47.624],[-88.348,48.3],[-88.644,48.256],[-89.34,47.984],[-89.5,47.996],[-89.956,47.288]]]},"properties":{"id":"US-MI"}},
{"type":"Feature","geometry":{"type":"Polygon","coordinates":[[[-83.132,41.94],[-83.412,41.736],[-84.808,41.696],[-84.816,39.992],[-84.824,39.096],[-84.444,39.1],[-84.196,38.812],[-83.864,38.764],[-83.716,38.64],[-83.536,38.708],[-83.304,38.6],[-82.888,38.744],[-82.828,38.588],[-82.588,38.42],[-82.332,38.444],[-82.208,38.784],[-82.06,39.004],[-81.784,38.932],[-81.748,39.192],[-81.228,39.4],[-80.876,39.628],[-80.74,40.06],[-80.6,40.324],[-80.676,40.588],[-80.52,40.648],[-80.52,42.324],[-81.276,42.208],[-82.424,41.676],[-82.712,41.68],[-83.068,41.848],[-83.132,41.94]]]},"properties":{"id":"US-OH"}},
{"type":"Feature","geometry":{"type":"Polygon","coordinates":[[[-80.52,42.324],[-80.52,40.648],[-80.52,39.72],[-79.476,39.72],[-78.44,39.72],[-77.168,39.72],[-75.788,39.72],[-75.6,39.836],[-75.424,39.808],[-75.024,40.016],[-74.74,40.184],[-75.184,40.572],[-75.14,40.984],[-74.7,41.356],[-75.064,41.616],[-75.08,41.828],[-75.34,41.996],[-76.596,42],[-78.096,42],[-79.764,42],[-79.764,42.536],[-80.248,42.364],[-80.52,42.324]]]},"properties":{"id":"US-PA"}},
{"type":"Feature","geometry":{"type":"MultiPolygon","coordinates":[[[[-79.764,42.536],[-79.764,42],[-78.096,42],[-76.596,42],[-75.34,41.996],[-75.08,41.828],[-75.064,41.616],[-74.7,41.356],[-73.908,40.992],[-73.644,41],[-73.724,41.104],[-73.544,41.296],[-73.48,42.056],[-73.264,42.744],[-73.248,43.552],[-73.368,43.748],[-73.44,44.052],[-73.296,44.468],[-73.368,44.572],[-73.352,45.004],[-74.712,45],[-74.868,45.012],[-75.272,44.864],[-75.7,44.58],[-75.872,44.408],[-76.068,44.348],[-76.456,44.084],[-76.84,43.624],[-78.688,43.632],[-79.176,43.464],[-79.052,43.26],[-79.02,42.804],[-79.764,42.536]]],[[[-71.92,41.064],[-72.156,41.056],[-72.456,40.912],[-72.608,40.988],[-73.484,40.944],[-73.908,40.788],[-73.708,40.584],[-73.232,40.716],[-72.604,40.8],[-71.92,41.064]]]]},"properties":{"id":"US-NY"}},
{"type":"Feature","geometry":{"type":"MultiPolygon","coordinates":[[[[-73.352,45.004],[-71.504,45.012],[-71.396,45.24],[-71.084,45.304],[-70.724,45.472],[-70.408,45.732],[-70.264,45.924],[-70.312,46.072],[-70.188,46.36],[-70.076,46.42],[-70.008,46.704],[-69.268,47.44],[-69.064,47.292],[-68.552,47.436],[-68.388,47.56],[-68.376,47.928],[-68.112,47.996],[-67.612,47.996],[-67.352,47.848],[-66.844,47.996],[-66.516,48.108],[-65.784,48.116],[-65.284,48.012],[-64.78,48.204],[-64.704,48.324],[-64.328,48.42],[-64.164,48.628],[-64.22,48.896],[-64.612,49.124],[-64.964,49.22],[-65.564,49.268],[-66.22,49.208],[-66.624,49.124],[-67.964,48.7],[-68.204,48.64],[-69.056,48.232],[-69.804,47.624],[-70.032,47.468],[-70.536,47.012],[-71.156,46.84],[-71.304,46.744],[-71.716,46.632],[-71.844,46.668],[-72.496,46.36],[-72.732,46.176],[-73.14,46.06],[-73.26,45.856],[-73.412,45.752],[-73.556,45.416],[-73.688,45.432],[-74.048,45.232],[-74.4,45.144],[-74.712,45],[-73.352,45.004]]],[[[-74.348,45.22],[-73.756,45.676],[-73.496,45.728],[-73.288,45.876],[-73.16,46.076],[-72.996,46.212],[-72.604,46.3],[-72.228,46.552],[-71.88,46.692],[-71.352,46.74],[-70.956,47.02],[-70.716,47.116],[-70.496,47.428],[-70.236,47.496],[-69.932,47.772],[-69.736,48.124],[-69.448,48.296],[-69.144,48.6],[-69.068,48.756],[-68.124,49.272],[-67.376,49.34],[-67.244,49.46],[-67.132,49.832],[-66.544,50.216],[-66.16,50.196],[-65.26,50.324],[-64.888,50.276],[-64.472,50.324],[-64.248,50.272],[-63.724,50.304],[-63.444,50.224],[-62.852,50.296],[-61.844,50.22],[-61.716,50.1],[-60.836,50.256],[-60.064,50.252],[-59.804,50.444],[-59.58,50.484],[-59.408,50.668],[-58.992,50.792],[-58.948,51.04],[-58.716,51.108],[-58.452,51.316],[-58.236,51.276],[-57.248,51.508],[-57.1,51.42],[-57.1,52],[-59.3,52],[-60.46,52],[-62.796,52],[-63.672,52.036],[-63.772,52.336],[-64.08,52.472],[-63.604,52.784],[-64.108,52.72],[-64.188,52.572],[-64.156,52.132],[-64.36,51.968],[-64.28,51.74],[-64.532,51.592],[-64.688,51.724],[-65.184,51.776],[-65.46,52.024],[-65.684,52.024],[-66.08,52.168],[-66.372,52.144],[-66.408,52.588],[-66.288,52.848],[-66.624,52.936],[-66.864,52.66],[-67.304,52.868],[-67.384,53.104],[-66.984,53.104],[-66.888,53.416],[-67.324,53.568],[-67.524,53.836],[-67.808,54.036],[-67.64,54.188],[-67.748,54.428],[-67.26,54.572],[-67.016,54.884],[-66.608,54.804],[-66.764,55.104],[-66.588,55.256],[-66.256,55],[-65.848,54.896],[-65.696,54.724],[-64.94,54.928],[-64.576,54.728],[-64.456,54.796],[-63.9,54.6],[-63.816,54.94],[-63.604,54.904],[-63.552,55.228],[-63.392,55.404],[-63.74,55.44],[-63.692,55.752],[-64.02,56.088],[-63.94,56.252],[-64.108,56.376],[-63.944,56.544],[-64.124,56.688],[-63.744,57.228],[-63.764,57.564],[-63.64,57.64],[-64.096,57.804],[-64.388,58.188],[-63.82,58.488],[-64.028,58.684],[-63.532,58.724],[-63.728,58.88],[-64.128,58.752],[-64.412,58.98],[-64.54,59.284],[-64.492,59.436],[-64.892,59.564],[-64.672,59.884],[-64.532,60.304],[-64.848,60.364],[-65.136,59.9],[-65.548,59.732],[-65.408,59.416],[-65.744,59.268],[-65.644,59.072],[-66.108,58.78],[-66.392,58.852],[-66.628,58.592],[-67.064,58.392],[-67.648,58.252],[-68.352,58.62],[-68.36,58.784],[-68.788,58.924],[-69.256,58.9],[-69.832,58.604],[-70.036,58.812],[-69.452,58.896],[-69.528,59.184],[-69.256,59.324],[-69.672,59.456],[-69.568,59.604],[-69.588,59.876],[-69.768,59.972],[-69.604,60.224],[-69.752,60.332],[-69.72,60.684],[-69.38,60.8],[-69.536,61.08],[-69.916,60.812],[-70.112,61.06],[-70.604,61.032],[-71.396,61.148],[-71.856,61.424],[-71.652,61.648],[-71.956,61.712],[-72.232,61.88],[-72.604,61.944],[-72.62,62.1],[-73.064,62.188],[-73.672,62.484],[-74.416,62.252],[-75.328,62.316],[-75.828,62.312],[-76.756,62.512],[-77.492,62.588],[-78.156,62.296],[-78.084,61.888],[-77.708,61.616],[-77.812,61.088],[-78.164,60.868],[-77.608,60.76],[-77.828,60.644],[-77.744,60.424],[-77.284,60.028],[-77.464,59.676],[-77.88,59.484],[-77.82,59.292],[-78.108,59.208],[-78.304,58.96],[-78.56,58.944],[-78.472,58.72],[-78.032,58.388],[-77.6,58.272],[-77.08,57.96],[-76.808,57.676],[-76.588,57.272],[-76.504,56.784],[-76.544,56.296],[-76.66,56.072],[-77.112,55.676],[-77.78,55.272],[-78.392,55.028],[-78.968,54.852],[-79.676,54.692],[-79.528,54.576],[-79.464,54.312],[-79.128,54.108],[-79.012,53.844],[-79.056,53.62],[-78.9,53.2],[-78.976,53.072],[-78.784,52.872],[-78.784,52.66],[-78.52,52.48],[-78.592,52.108],[-78.84,51.844],[-78.792,51.612],[-78.884,51.404],[-79.348,51.66],[-79.52,51.468],[-79.52,50.964],[-79.52,50.944],[-79.52,49.336],[-79.516,47.564],[-79.58,47.452],[-79.432,47.088],[-79.164,46.824],[-78.964,46.532],[-78.696,46.336],[-77.66,46.184],[-77.288,46],[-77.14,45.84],[-76.796,45.876],[-76.648,45.58],[-76.344,45.472],[-76.048,45.516],[-75.88,45.4],[-75.284,45.576],[-74.644,45.656],[-74.392,45.572],[-74.48,45.316],[-74.348,45.22]]],[[[-64.32,49.792],[-63.924,49.676],[-63.64,49.512],[-63.588,49.388],[-63.092,49.232],[-62.248,49.068],[-61.812,49.068],[-61.66,49.152],[-61.884,49.356],[-62.204,49.416],[-62.536,49.604],[-63.376,49.828],[-64.132,49.952],[-64.32,49.792]]]]},"properties":{"id":"CA-QC"}},
{"type":"Feature","geometry":{"type":"Polygon","coordinates":[[[-73.264,42.744],[-72.468,42.728],[-72.556,42.876],[-72.404,43.3],[-72.396,43.532],[-72.212,43.784],[-72.044,44.28],[-71.68,44.448],[-71.548,44.596],[-71.636,44.74],[-71.504,45.012],[-73.352,45.004],[-73.368,44.572],[-73.296,44.468],[-73.44,44.052],[-73.368,43.748],[-73.248,43.552],[-73.264,42.744]]]},"properties":{"id":"US-VT"}},
{"type":"Feature","geometry":{"type":"Polygon","coordinates":[[[-71.504,45.012],[-71.636,44.74],[-71.548,44.596],[-71.68,44.448],[-72.044,44.28],[-72.212,43.784],[-72.396,43.532],[-72.404,43.3],[-72.556,42.876],[-72.468,42.728],[-71.308,42.7],[-70.924,42.888],[-70.816,42.876],[-70.744,43.084],[-70.972,43.384],[-70.956,43.564],[-71.084,45.304],[-71.396,45.24],[-71.504,45.012]]]},"properties":{"id":"US-NH"}},
{"type":"Feature","geometry":{"type":"Polygon","coordinates":[[[-71.084,45.304],[-70.956,43.564],[-70.972,43.384],[-70.744,43.084],[-70.66,43.096],[-70.24,43.7],[-69.984,43.864],[-69.788,43.736],[-69.648,43.896],[-69.264,43.928],[-69.12,44.04],[-68.988,44.42],[-68.756,44.336],[-68.268,44.488],[-68.096,44.384],[-67.9,44.424],[-67.808,44.576],[-67.576,44.552],[-67.224,44.644],[-66.976,44.816],[-67.176,45.18],[-67.476,45.284],[-67.448,45.612],[-67.8,45.7],[-67.772,45.828],[-67.804,47.036],[-68.196,47.34],[-68.908,47.192],[-69.064,47.292],[-69.268,47.44],[-70.008,46.704],[-70.076,46.42],[-70.188,46.36],[-70.312,46.072],[-70.264,45.924],[-70.408,45.732],[-70.724,45.472],[-71.084,45.304]]]},"properties":{"id":"US-ME"}},
{"type":"Feature","geometry":{"type":"Polygon","coordinates":[[[-69.064,47.292],[-68.908,47.192],[-68.196,47.34],[-67.804,47.036],[-67.772,45.828],[-67.8,45.7],[-67.448,45.612],[-67.476,45.284],[-67.176,45.18],[-67.088,45.096],[-66.744,45.064],[-66.492,45.156],[-65.908,45.212],[-65.316,45.46],[-64.756,45.628],[-64.584,45.824],[-64.272,45.836],[-64.044,45.992],[-63.812,46.14],[-64.516,46.24],[-64.904,46.888],[-64.824,47.088],[-65.332,47.1],[-64.96,47.296],[-64.892,47.56],[-64.684,47.724],[-64.828,47.816],[-65.208,47.82],[-65.628,47.672],[-65.816,47.908],[-66.384,48.076],[-66.844,47.996],[-67.352,47.848],[-67.612,47.996],[-68.112,47.996],[-68.376,47.928],[-68.388,47.56],[-68.552,47.436],[-69.064,47.292]]]},"properties":{"id":"CA-NB"}},
{"type":"Feature","geometry":{"type":"Polygon","coordinates":[[[-114.82,32.5],[-113.96,32.236],[-112.324,31.728],[-111.068,31.332],[-109.968,31.328],[-109.048,31.328],[-109.048,32.396],[-109.048,33.456],[-109.048,35.228],[-109.048,37],[-110.764,37],[-112.012,37],[-114.04,37.004],[-114.044,36.22],[-114.124,36.044],[-114.556,36.16],[-114.72,36.092],[-114.668,35.872],[-114.668,35.516],[-114.572,35.192],[-114.628,35.004],[-114.364,34.468],[-114.128,34.28],[-114.384,34.124],[-114.524,33.94],[-114.536,33.56],[-114.716,33.416],[-114.696,33.088],[-114.472,32.984],[-114.536,32.74],[-114.724,32.712],[-114.82,32.5]]]},"properties":{"id":"US-AZ"}},
{"type":"Feature","geometry":{"type":"MultiPolygon","coordinates":[[[[-114.82,32.5],[-115.04,32.276],[-114.932,31.908],[-114.16,31.496],[-113.876,31.596],[-113.66,31.496],[-113.548,31.296],[-113.116,31.216],[-113.048,31.156],[-113.128,30.812],[-112.872,30.428],[-112.688,29.908],[-112.504,29.616],[-112.264,29.328],[-112.152,28.964],[-111.896,28.78],[-111.708,28.46],[-111.472,28.38],[-111.252,28.052],[-111.06,27.936],[-110.808,27.928],[-110.588,27.836],[-110.628,27.608],[-110.556,27.384],[-110.288,27.148],[-109.916,27.06],[-109.856,26.8],[-109.696,26.68],[-109.548,26.728],[-109.256,26.496],[-109.14,26.332],[-108.508,26.8],[-108.468,26.98],[-108.676,27.184],[-108.668,27.536],[-109.02,27.908],[-109.144,28.176],[-109.068,28.276],[-108.656,28.24],[-108.54,28.32],[-108.644,28.608],[-108.624,28.772],[-108.708,29.4],[-108.612,29.408],[-108.536,30.04],[-108.584,30.508],[-109.044,30.828],[-108.968,31.328],[-109.048,31.328],[-109.968,31.328],[-111.068,31.332],[-112.324,31.728],[-113.96,32.236],[-114.82,32.5]]],[[[-112.276,28.768],[-112.196,29.02],[-112.28,29.224],[-112.44,29.204],[-112.584,28.876],[-112.276,28.768]]]]},"properties":{"id":"MX-SON"}},
{"type":"Feature","geometry":{"type":"MultiPolygon","coordinates":[[[[-114.724,32.712],[-115.796,32.632],[-117.124,32.532],[-116.844,31.988],[-116.62,31.856],[-116.676,31.552],[-116.308,31.148],[-116.248,30.956],[-116.068,30.812],[-116.048,30.48],[-115.836,30.348],[-115.696,29.756],[-115.188,29.428],[-114.972,29.376],[-114.272,28.66],[-114.044,28.46],[-114.124,28.256],[-114.064,28],[-112.764,28],[-112.904,28.476],[-113.104,28.504],[-113.26,28.84],[-113.48,28.948],[-113.772,29.408],[-114.272,29.772],[-114.392,29.784],[-114.66,30.184],[-114.628,30.424],[-114.72,30.94],[-114.888,31.164],[-114.852,31.528],[-114.78,31.656],[-114.932,31.908],[-115.04,32.276],[-114.82,32.5],[-114.724,32.712]]],[[[-113.14,29.064],[-113.184,29.288],[-113.476,29.532],[-113.588,29.408],[-113.228,29.06],[-113.14,29.064]]]]},"properties":{"id":"MX-BCN"}},
{"type":"Feature","geometry":{"type":"Polygon","coordinates":[[[-114.628,35.004],[-115.192,35.436],[-116.176,36.212],[-117.392,37.14],[-118.128,37.692],[-118.828,38.18],[-120,39],[-120,40.352],[-120,42],[-121.832,42],[-124.216,42],[-124.22,41.852],[-124.064,41.436],[-124.112,41.016],[-124.212,40.7],[-124.408,40.444],[-124.364,40.26],[-124.116,40.108],[-123.856,39.832],[-123.768,39.544],[-123.824,39.348],[-123.648,38.848],[-122.976,38.268],[-122.92,38.036],[-122.528,37.816],[-122.488,38.104],[-122.148,37.58],[-122.52,37.532],[-122.4,37.36],[-122.404,37.196],[-122.152,36.976],[-121.936,36.98],[-121.788,36.808],[-121.948,36.492],[-121.896,36.312],[-121.488,35.984],[-121.268,35.664],[-120.872,35.404],[-120.896,35.248],[-120.644,35.14],[-120.648,34.584],[-120.472,34.452],[-120.132,34.472],[-119.88,34.408],[-119.616,34.42],[-119.268,34.256],[-119.216,34.144],[-118.936,34.044],[-118.544,34.04],[-118.392,33.836],[-118.092,33.732],[-117.508,33.336],[-117.324,33.108],[-117.256,32.7],[-117.124,32.532],[-115.796,32.632],[-114.724,32.712],[-114.536,32.74],[-114.472,32.984],[-114.696,33.088],[-114.716,33.416],[-114.536,33.56],[-114.524,33.94],[-114.384,34.124],[-114.128,34.28],[-114.364,34.468],[-114.628,35.004]]]},"properties":{"id":"US-CA"}},
{"type":"Feature","geometry":{"type":"Polygon","coordinates":[[[-109.048,31.328],[-108.968,31.328],[-108.216,31.328],[-108.216,31.776],[-106.508,31.772],[-106.664,32],[-104.844,32],[-103.064,32],[-103.06,32.976],[-103.056,33.948],[-103.048,35.34],[-103.044,36.5],[-103,36.5],[-103,37],[-104.512,37],[-105.836,37],[-107.156,37],[-109.048,37],[-109.048,35.228],[-109.048,33.456],[-109.048,32.396],[-109.048,31.328]]]},"properties":{"id":"US-NM"}},
{"type":"Feature","geometry":{"type":"Polygon","coordinates":[[[-108.468,26.98],[-108.376,27.076],[-108.044,26.932],[-107.836,26.6],[-107.784,26.216],[-107.416,26.128],[-107.26,25.868],[-106.936,25.64],[-106.72,25.632],[-106.544,25.78],[-106.524,25.992],[-106.38,26.132],[-106.4,26.38],[-106.028,26.84],[-105.808,26.692],[-105.328,26.46],[-105.116,26.552],[-104.52,26.372],[-104.236,26.724],[-103.94,26.76],[-103.628,26.644],[-103.964,27.92],[-103.312,29.028],[-103.796,29.276],[-104.056,29.34],[-104.268,29.528],[-104.532,29.668],[-104.68,29.944],[-104.68,30.192],[-105.008,30.676],[-105.364,30.852],[-106.004,31.396],[-106.164,31.448],[-106.36,31.716],[-106.508,31.772],[-108.216,31.776],[-108.216,31.328],[-108.968,31.328],[-109.044,30.828],[-108.584,30.508],[-108.536,30.04],[-108.612,29.408],[-108.708,29.4],[-108.624,28.772],[-108.644,28.608],[-108.54,28.32],[-108.656,28.24],[-109.068,28.276],[-109.144,28.176],[-109.02,27.908],[-108.668,27.536],[-108.676,27.184],[-108.468,26.98]]]},"properties":{"id":"MX-CHH"}},
{"type":"Feature","geometry":{"type":"Polygon","coordinates":[[[-106.508,31.772],[-106.36,31.716],[-106.164,31.448],[-106.004,31.396],[-105.364,30.852],[-105.008,30.676],[-104.68,30.192],[-104.68,29.944],[-104.532,29.668],[-104.268,29.528],[-104.056,29.34],[-103.796,29.276],[-103.312,29.028],[-103.148,28.984],[-102.884,29.344],[-102.684,29.744],[-102.408,29.776],[-102.304,29.888],[-101.972,29.82],[-101.408,29.764],[-101.164,29.5],[-100.816,29.272],[-100.668,29.116],[-100.624,28.924],[-100.396,28.592],[-100.284,28.296],[-100.076,28.156],[-99.808,27.772],[-99.712,27.672],[-99.508,27.572],[-99.46,27.056],[-99.248,26.828],[-99.084,26.408],[-98.796,26.368],[-98.64,26.24],[-98.368,26.196],[-98.224,26.076],[-97.68,26.036],[-97.424,25.856],[-97.14,25.964],[-97.312,26.124],[-97.352,26.352],[-97.552,27.008],[-97.184,27.836],[-97.024,28.04],[-96.652,28.32],[-96.404,28.436],[-96.56,28.656],[-96.204,28.588],[-95.816,28.732],[-95.6,28.764],[-95.16,29.044],[-95.16,29.152],[-94.888,29.376],[-95.024,29.544],[-94.876,29.664],[-94.656,29.452],[-94.06,29.68],[-93.8,29.984],[-93.716,30.08],[-93.752,30.392],[-93.516,31.044],[-93.828,31.588],[-93.904,31.884],[-94.044,32],[-94.04,33.012],[-94.048,33.556],[-94.484,33.648],[-94.872,33.756],[-95.22,33.964],[-95.356,33.868],[-95.6,33.952],[-95.936,33.896],[-96.204,33.764],[-96.856,33.876],[-97.08,33.808],[-97.212,33.912],[-97.372,33.832],[-97.68,33.984],[-97.8,33.888],[-98.344,34.144],[-98.492,34.076],[-98.952,34.212],[-99.192,34.232],[-99.264,34.412],[-99.68,34.396],[-100,34.576],[-100,35.54],[-100.004,36.5],[-101.808,36.5],[-103,36.5],[-103.044,36.5],[-103.048,35.34],[-103.056,33.948],[-103.06,32.976],[-103.064,32],[-104.844,32],[-106.664,32],[-106.508,31.772]]]},"properties":{"id":"US-TX"}},
{"type":"Feature","geometry":{"type":"Polygon","coordinates":[[[-103.628,26.644],[-103.324,26.408],[-103.32,25.7],[-103.488,25.54],[-103.508,25.296],[-103.276,25.072],[-103.252,24.924],[-102.844,24.728],[-102.816,24.904],[-102.668,25.08],[-102.172,25.164],[-101.86,25.076],[-101.768,24.94],[-101.46,24.748],[-101.196,24.796],[-101.096,24.64],[-100.828,24.564],[-100.772,24.752],[-100.836,25.04],[-100.772,25.148],[-100.304,25.344],[-100.572,25.412],[-100.848,25.784],[-100.848,25.956],[-101.216,26.372],[-100.752,26.732],[-100.588,26.764],[-100.552,27.032],[-100.8,27.212],[-100.436,27.38],[-100.332,27.7],[-100.18,27.792],[-99.968,27.64],[-99.808,27.772],[-100.076,28.156],[-100.284,28.296],[-100.396,28.592],[-100.624,28.924],[-100.668,29.116],[-100.816,29.272],[-101.164,29.5],[-101.408,29.764],[-101.972,29.82],[-102.304,29.888],[-102.408,29.776],[-102.684,29.744],[-102.884,29.344],[-103.148,28.984],[-103.312,29.028],[-103.964,27.92],[-103.628,26.644]]]},"properties":{"id":"MX-COA"}},
{"type":"Feature","geometry":{"type":"Polygon","coordinates":[[[-99.712,27.672],[-99.776,27.48],[-99.68,27.136],[-99.7,26.896],[-99.608,26.732],[-99.412,26.624],[-99.42,26.4],[-99.172,26.28],[-99.152,26.084],[-98.812,26.06],[-98.556,25.972],[-98.56,25.504],[-98.444,25.424],[-98.868,25.1],[-99.032,25.12],[-99.192,24.88],[-99.652,24.64],[-99.576,24.344],[-99.616,24.136],[-99.464,23.956],[-99.6,23.768],[-99.84,23.74],[-100.044,23.416],[-100.056,23.24],[-99.916,22.956],[-99.988,22.776],[-99.556,22.62],[-99.38,22.684],[-99.248,22.46],[-98.94,22.372],[-98.616,22.42],[-98.092,22.372],[-97.78,22.272],[-97.888,22.624],[-97.744,22.972],[-97.768,23.26],[-97.716,24.008],[-97.652,24.516],[-97.46,25.18],[-97.164,25.724],[-97.14,25.964],[-97.424,25.856],[-97.68,26.036],[-98.224,26.076],[-98.368,26.196],[-98.64,26.24],[-98.796,26.368],[-99.084,26.408],[-99.248,26.828],[-99.46,27.056],[-99.508,27.572],[-99.712,27.672]]]},"properties":{"id":"MX-TAM"}},
{"type":"Feature","geometry":{"type":"Polygon","coordinates":[[[-99.808,27.772],[-99.968,27.64],[-100.18,27.792],[-100.332,27.7],[-100.436,27.38],[-100.8,27.212],[-100.552,27.032],[-100.588,26.764],[-100.752,26.732],[-101.216,26.372],[-100.848,25.956],[-100.848,25.784],[-100.572,25.412],[-100.304,25.344],[-100.772,25.148],[-100.836,25.04],[-100.772,24.752],[-100.828,24.564],[-100.612,24.284],[-100.58,23.932],[-100.488,23.82],[-100.44,23.228],[-100.056,23.24],[-100.044,23.416],[-99.84,23.74],[-99.6,23.768],[-99.464,23.956],[-99.616,24.136],[-99.576,24.344],[-99.652,24.64],[-99.192,24.88],[-99.032,25.12],[-98.868,25.1],[-98.444,25.424],[-98.56,25.504],[-98.556,25.972],[-98.812,26.06],[-99.152,26.084],[-99.172,26.28],[-99.42,26.4],[-99.412,26.624],[-99.608,26.732],[-99.7,26.896],[-99.68,27.136],[-99.776,27.48],[-99.712,27.672],[-99.808,27.772]]]},"properties":{"id":"MX-NLE"}},
{"type":"Feature","geometry":{"type":"Polygon","coordinates":[[[-88.912,15.892],[-88.928,15.984],[-88.536,16.276],[-88.392,16.496],[-88.308,16.652],[-88.288,17.136],[-88.232,17.496],[-88.284,17.58],[-88.168,17.96],[-88.092,18.12],[-88.304,18.48],[-88.488,18.484],[-88.616,18.248],[-88.88,17.888],[-89.148,17.952],[-89.16,17.816],[-89.152,17.32],[-89.192,16.392],[-89.236,15.908],[-88.912,15.892]]]},"properties":{"id":"BZ"}},
{"type":"Feature","geometry":{"type":"Polygon","coordinates":[[[-88.304,18.48],[-88.104,18.804],[-88.004,18.692],[-88.076,18.5],[-87.772,18.408],[-87.724,18.68],[-87.424,19.56],[-87.668,19.552],[-87.628,19.708],[-87.472,19.884],[-87.444,20.192],[-87.236,20.492],[-86.876,20.856],[-86.74,21.164],[-86.828,21.432],[-86.996,21.564],[-87.24,21.444],[-87.54,21.5],[-87.584,21.112],[-87.532,20.956],[-87.676,20.648],[-88.012,20.436],[-88.22,20.432],[-88.444,20.184],[-88.912,19.948],[-89.368,19.82],[-89.416,19.652],[-89.136,19.404],[-89.012,19.216],[-89.108,18.692],[-89.044,18.492],[-89.036,18.204],[-89.148,17.952],[-88.88,17.888],[-88.616,18.248],[-88.488,18.484],[-88.304,18.48]]]},"properties":{"id":"MX-ROO"}},
{"type":"Feature","geometry":{"type":"Polygon","coordinates":[[[-89.16,17.816],[-89.148,17.952],[-89.036,18.204],[-89.044,18.492],[-89.108,18.692],[-89.012,19.216],[-89.136,19.404],[-89.416,19.652],[-89.628,20.02],[-89.868,20.268],[-90.236,20.508],[-90.392,20.548],[-90.38,20.824],[-90.488,20.536],[-90.476,19.924],[-90.708,19.688],[-90.732,19.376],[-90.936,19.164],[-91.432,18.88],[-91.264,18.736],[-91.332,18.572],[-91.544,18.448],[-91.992,18.54],[-92.06,18.7],[-92.488,18.648],[-92.356,18.456],[-92.148,18.46],[-92.156,18.168],[-91.892,17.968],[-91.632,17.952],[-91.568,18.104],[-90.992,17.968],[-90.992,17.8],[-90.26,17.816],[-89.16,17.816]]]},"properties":{"id":"MX-CAM"}},
{"type":"Feature","geometry":{"type":"Polygon","coordinates":[[[-90.992,17.8],[-90.992,17.968],[-91.568,18.104],[-91.632,17.952],[-91.892,17.968],[-92.156,18.168],[-92.148,18.46],[-92.356,18.456],[-92.488,18.648],[-92.68,18.624],[-92.94,18.444],[-93.444,18.44],[-94.136,18.208],[-94.076,17.884],[-93.732,17.672],[-93.588,17.376],[-93.416,17.636],[-93.312,17.964],[-92.996,17.908],[-92.988,17.56],[-92.696,17.384],[-92.368,17.696],[-91.996,17.904],[-91.784,17.848],[-91.628,17.512],[-91.432,17.388],[-91.432,17.256],[-90.992,17.252],[-90.992,17.8]]]},"properties":{"id":"MX-TAB"}},
{"type":"Feature","geometry":{"type":"Polygon","coordinates":[[[-91.432,17.256],[-91.432,17.388],[-91.628,17.512],[-91.784,17.848],[-91.996,17.904],[-92.368,17.696],[-92.696,17.384],[-92.988,17.56],[-92.996,17.908],[-93.312,17.964],[-93.416,17.636],[-93.588,17.376],[-93.872,17.152],[-93.912,16.88],[-94.028,16.812],[-94.124,16.508],[-94.036,16.272],[-94.084,16.148],[-93.656,15.84],[-92.824,15.172],[-92.7,15],[-92.248,14.548],[-92.16,14.704],[-92.156,14.996],[-92.204,15.236],[-92.104,15.456],[-91.724,16.068],[-90.996,16.068],[-90.448,16.08],[-90.4,16.348],[-90.648,16.528],[-90.736,16.748],[-91.068,16.92],[-91.292,17.188],[-91.432,17.256]]]},"properties":{"id":"MX-CHP"}},
{"type":"Feature","geometry":{"type":"Polygon","coordinates":[[[-82.572,9.576],[-82.828,9.604],[-82.944,9.436],[-82.94,9.072],[-82.72,8.92],[-82.924,8.74],[-82.848,8.628],[-82.944,8.248],[-82.896,8.036],[-82.876,8.22],[-82.66,8.324],[-82.512,8.276],[-82.28,8.344],[-82.108,8.232],[-81.712,8.132],[-81.664,7.996],[-81.524,7.712],[-81.196,7.64],[-81.084,7.796],[-80.948,7.556],[-80.872,7.212],[-80.604,7.236],[-80.444,7.244],[-80.356,7.384],[-79.996,7.504],[-80.144,7.752],[-80.376,7.996],[-80.48,8.092],[-80.38,8.312],[-80.224,8.3],[-80.04,8.396],[-79.776,8.58],[-79.756,8.796],[-79.484,9],[-79.176,9.012],[-78.756,8.828],[-78.504,8.636],[-78.408,8.352],[-78.288,8.08],[-78.432,8.076],[-78.144,7.496],[-77.896,7.236],[-77.82,7.476],[-77.58,7.528],[-77.34,7.708],[-77.32,7.88],[-77.2,7.98],[-77.268,8.168],[-77.468,8.536],[-77.372,8.664],[-77.576,8.792],[-78.024,9.228],[-78.436,9.404],[-79.06,9.456],[-79.076,9.564],[-79.192,9.54],[-79.552,9.628],[-79.908,9.308],[-80.636,9.052],[-80.864,8.884],[-81.212,8.792],[-81.54,8.812],[-81.792,8.932],[-82.008,8.948],[-82.244,9.016],[-82.348,9.404],[-82.572,9.576]]]},"properties":{"id":"PA"}},
{"type":"Feature","geometry":{"type":"MultiPolygon","coordinates":[[[[-60.02,8.56],[-60.372,8.636],[-60.46,8.536],[-60.692,8.604],[-60.984,8.572],[-61.284,8.396],[-61.524,8.596],[-61.208,8.608],[-61.1,8.96],[-60.984,9.168],[-60.784,9.34],[-60.864,9.456],[-61.132,9.572],[-61.44,9.82],[-61.592,9.78],[-61.876,9.824],[-62.196,10.02],[-62.324,9.72],[-62.516,10.184],[-62.62,10.092],[-62.776,10.02],[-63.012,10.096],[-62.656,10.084],[-62.628,10.132],[-62.736,10.38],[-62.664,10.568],[-62.336,10.532],[-62.156,10.688],[-62.72,10.76],[-62.904,10.704],[-63.172,10.732],[-63.532,10.632],[-63.756,10.664],[-63.82,10.448],[-64.144,10.48],[-64.536,10.252],[-64.748,10.108],[-65.168,10.096],[-65.424,10.144],[-65.868,10.308],[-66.312,10.628],[-67.012,10.612],[-67.392,10.544],[-67.868,10.46],[-68.128,10.488],[-68.252,10.596],[-68.272,10.636],[-68.264,10.904],[-68.416,11.18],[-68.864,11.452],[-69.06,11.452],[-69.272,11.536],[-69.624,11.468],[-69.808,11.804],[-69.836,12.016],[-70.016,12.2],[-70.204,12.112],[-70.296,11.872],[-70.188,11.604],[-69.848,11.692],[-69.816,11.424],[-70.052,11.52],[-70.18,11.376],[-70.512,11.252],[-70.868,11.196],[-71.284,10.992],[-71.46,10.976],[-71.532,10.752],[-71.528,10.544],[-71.208,9.98],[-71.072,9.856],[-71.064,9.616],[-71.06,9.336],[-71.22,9.188],[-71.516,9.048],[-71.76,9.12],[-71.732,9.356],[-71.968,9.5],[-72.124,9.828],[-71.984,10.088],[-71.628,10.456],[-71.576,10.72],[-71.692,10.836],[-71.768,11.108],[-71.94,11.38],[-71.96,11.592],[-71.38,11.76],[-71.328,11.848],[-71.972,11.66],[-72.256,11.168],[-72.48,11.132],[-72.708,10.812],[-72.916,10.428],[-72.988,10],[-72.976,9.84],[-73.364,9.164],[-73.008,9.296],[-72.936,9.1],[-72.784,9.06],[-72.676,8.652],[-72.416,8.384],[-72.336,8.104],[-72.488,7.948],[-72.484,7.508],[-72.396,7.408],[-72.208,7.38],[-72.152,7.192],[-71.992,7.012],[-71.964,7.004],[-71.656,7.052],[-71.284,7.02],[-71.184,6.964],[-70.704,7.1],[-70.32,6.94],[-70.096,6.944],[-69.432,6.124],[-69.248,6.08],[-69.06,6.216],[-68.636,6.136],[-67.924,6.236],[-67.84,6.308],[-67.452,6.2],[-67.456,6.192],[-67.428,6.04],[-67.6,5.82],[-67.648,5.484],[-67.844,5.296],[-67.792,5.064],[-67.864,4.512],[-67.716,4.04],[-67.632,3.76],[-67.472,3.68],[-67.304,3.424],[-67.452,3.244],[-67.84,2.888],[-67.628,2.812],[-67.324,2.476],[-67.068,1.896],[-66.876,1.224],[-66.348,0.76],[-66.156,0.732],[-65.744,0.976],[-65.584,0.976],[-65.452,0.692],[-65.328,0.912],[-65.204,0.924],[-65.136,1.128],[-64.84,1.272],[-64.732,1.248],[-64.408,1.508],[-64.3,1.448],[-64.08,1.648],[-63.996,1.96],[-63.764,1.984],[-63.388,2.236],[-63.384,2.42],[-63.832,2.428],[-64.048,2.472],[-63.996,2.704],[-64.224,3.124],[-64.244,3.42],[-64.204,3.596],[-64.664,3.996],[-64.648,4.208],[-64.588,4.12],[-64.364,4.152],[-64.124,4.088],[-64.064,3.912],[-63.424,3.968],[-63.284,3.92],[-62.996,3.6],[-62.748,3.66],[-62.768,4.02],[-62.56,4.036],[-62.384,4.172],[-62.192,4.096],[-61.932,4.148],[-61.72,4.256],[-61.544,4.264],[-61.46,4.42],[-61.296,4.524],[-61.012,4.52],[-60.904,4.7],[-60.612,4.9],[-60.664,5.172],[-60.74,5.204],[-61.38,5.904],[-61.268,6.108],[-61.12,6.188],[-61.204,6.596],[-61.128,6.716],[-60.932,6.732],[-60.42,6.944],[-60.348,7.152],[-60.644,7.22],[-60.6,7.332],[-60.732,7.524],[-60.504,7.82],[-60.268,7.92],[-60.02,8.06],[-59.816,8.288],[-60.02,8.56]]],[[[-60.952,8.828],[-61.092,8.632],[-60.848,8.636],[-60.736,8.868],[-60.952,8.828]]],[[[-63.848,11.136],[-63.984,11.108],[-64.044,10.868],[-63.792,11],[-63.848,11.136]]]]},"properties":{"id":"VE"}},
{"type":"Feature","geometry":{"type":"Polygon","coordinates":[[[-63.388,2.236],[-63.764,1.984],[-63.996,1.96],[-64.08,1.648],[-64.3,1.448],[-64.408,1.508],[-64.732,1.248],[-64.84,1.272],[-65.136,1.128],[-65.204,0.924],[-65.328,0.912],[-65.452,0.692],[-65.584,0.976],[-65.744,0.976],[-66.156,0.732],[-66.348,0.76],[-66.876,1.224],[-67.1,1.252],[-67.072,1.54],[-67.116,1.708],[-67.34,2.092],[-67.592,2.056],[-67.792,1.812],[-68,1.748],[-68.2,2.008],[-68.26,1.86],[-68.164,1.72],[-69.352,1.72],[-69.58,1.772],[-69.84,1.708],[-69.852,1.06],[-69.372,1.064],[-69.204,0.944],[-69.136,0.652],[-69.364,0.64],[-69.504,0.728],[-69.62,0.652],[-70.056,0.588],[-70.072,-0.124],[-69.944,-0.304],[-69.632,-0.508],[-69.628,-0.732],[-69.448,-0.996],[-69.42,-1.24],[-69.564,-2.104],[-69.772,-3.236],[-69.964,-4.236],[-70.232,-4.304],[-70.428,-4.136],[-70.584,-4.196],[-70.832,-4.18],[-70.968,-4.384],[-71.776,-4.48],[-72.072,-4.604],[-72.628,-5.024],[-72.916,-5.132],[-72.896,-5.272],[-73,-5.708],[-73.236,-6.076],[-73.132,-6.436],[-73.372,-6.584],[-73.764,-6.904],[-73.808,-7.116],[-72.664,-7.592],[-70.372,-8.156],[-69.808,-8.456],[-66.832,-9.836],[-66.504,-9.636],[-66.396,-9.404],[-65.932,-9.416],[-65.768,-9.568],[-65.632,-9.448],[-65.42,-9.392],[-65.224,-9.256],[-65.036,-9.4],[-64.924,-9.12],[-64.752,-8.984],[-64.116,-8.94],[-64.14,-8.712],[-64,-8.68],[-63.916,-8.336],[-63.592,-8.164],[-63.54,-8],[-62.904,-8.008],[-62.724,-8.064],[-62.54,-8.364],[-62.372,-8.384],[-62.308,-8.572],[-62.172,-8.612],[-62.132,-8.768],[-61.876,-8.856],[-61.732,-8.692],[-61.612,-8.768],[-58.544,-8.748],[-58.42,-8.54],[-58.436,-8.412],[-58.308,-8.116],[-58.38,-7.82],[-58.208,-7.592],[-58.136,-7.34],[-58.216,-7.112],[-58.392,-6.956],[-58.468,-6.7],[-58.296,-6.496],[-56.756,-3.188],[-56.388,-2.392],[-56.52,-2.164],[-57.004,-1.936],[-57.088,-1.812],[-57.656,-1.588],[-58.08,-1.3],[-58.388,-1.048],[-58.44,-0.86],[-58.748,-0.62],[-58.74,-0.432],[-58.852,-0.352],[-58.872,0.224],[-60.024,0.224],[-60.128,0.128],[-60.312,-0.236],[-60.392,-0.52],[-60.34,-0.704],[-60.516,-0.828],[-60.736,-0.848],[-60.932,-0.556],[-61.108,-0.492],[-61.46,-0.64],[-61.532,-0.728],[-61.62,-1.276],[-61.6,-1.4],[-61.88,-1.368],[-62.028,-1.144],[-62.204,-1.044],[-62.42,-0.828],[-62.312,-0.64],[-62.372,-0.34],[-62.58,0.016],[-62.488,0.54],[-62.536,0.732],[-62.448,0.804],[-62.624,1.416],[-62.788,1.604],[-62.708,1.948],[-63.004,2.02],[-63.388,2.236]]]},"properties":{"id":"BR-AM"}},
{"type":"Feature","geometry":{"type":"Polygon","coordinates":[[[-66.648,-9.916],[-66.192,-9.8],[-65.788,-9.732],[-65.584,-9.836],[-65.452,-9.68],[-65.304,-9.824],[-65.288,-10.216],[-65.396,-10.392],[-65.448,-10.468],[-65.404,-10.8],[-65.304,-10.992],[-65.352,-11.392],[-65.064,-11.752],[-64.996,-11.996],[-64.792,-12.032],[-64.716,-12.148],[-64.468,-12.26],[-64.396,-12.456],[-63.92,-12.544],[-63.8,-12.456],[-63.496,-12.552],[-63.248,-12.7],[-63.076,-12.652],[-62.976,-12.852],[-62.808,-12.988],[-62.22,-13.12],[-61.868,-13.464],[-61.592,-13.508],[-61.348,-13.492],[-60.896,-13.552],[-60.724,-13.664],[-60.384,-13.42],[-60.272,-13.068],[-60.084,-12.928],[-59.824,-12.388],[-59.984,-11.916],[-60.06,-11.904],[-60.1,-11.6],[-59.912,-11.384],[-60,-11.144],[-60.44,-11.004],[-61.472,-10.996],[-61.52,-10.792],[-61.472,-10.436],[-61.564,-10.26],[-61.572,-10.06],[-61.48,-9.64],[-61.56,-9.376],[-61.556,-9.128],[-61.488,-8.916],[-61.612,-8.768],[-61.732,-8.692],[-61.876,-8.856],[-62.132,-8.768],[-62.172,-8.612],[-62.308,-8.572],[-62.372,-8.384],[-62.54,-8.364],[-62.724,-8.064],[-62.904,-8.008],[-63.54,-8],[-63.592,-8.164],[-63.916,-8.336],[-64,-8.68],[-64.14,-8.712],[-64.116,-8.94],[-64.752,-8.984],[-64.924,-9.12],[-65.036,-9.4],[-65.224,-9.256],[-65.42,-9.392],[-65.632,-9.448],[-65.768,-9.568],[-65.932,-9.416],[-66.396,-9.404],[-66.504,-9.636],[-66.832,-9.836],[-66.648,-9.916]]]},"properties":{"id":"BR-RO"}},
{"type":"Feature","geometry":{"type":"Polygon","coordinates":[[[-58.136,-7.34],[-58.208,-7.592],[-58.38,-7.82],[-58.308,-8.116],[-58.436,-8.412],[-58.42,-8.54],[-58.544,-8.748],[-61.612,-8.768],[-61.488,-8.916],[-61.556,-9.128],[-61.56,-9.376],[-61.48,-9.64],[-61.572,-10.06],[-61.564,-10.26],[-61.472,-10.436],[-61.52,-10.792],[-61.472,-10.996],[-60.44,-11.004],[-60,-11.144],[-59.912,-11.384],[-60.1,-11.6],[-60.06,-11.904],[-59.984,-11.916],[-59.824,-12.388],[-60.084,-12.928],[-60.272,-13.068],[-60.384,-13.42],[-60.724,-13.664],[-60.464,-13.816],[-60.388,-13.976],[-60.472,-14.116],[-60.292,-14.632],[-60.276,-15.096],[-60.528,-15.144],[-60.236,-15.504],[-60.18,-16.224],[-60.128,-16.272],[-58.464,-16.332],[-58.356,-16.508],[-58.48,-16.684],[-58.38,-17.268],[-58.012,-17.496],[-57.792,-17.556],[-57.724,-17.736],[-57.42,-17.864],[-57.132,-17.788],[-56.98,-17.656],[-56.756,-17.32],[-56.328,-17.288],[-56.104,-17.188],[-55.18,-17.684],[-54.9,-17.648],[-54.696,-17.516],[-54.528,-17.512],[-54.392,-17.672],[-54.144,-17.628],[-53.82,-17.308],[-53.68,-17.256],[-53.752,-17.644],[-53.988,-17.904],[-53.728,-18.008],[-53.052,-18.016],[-53.244,-17.564],[-53.204,-17.284],[-53.048,-17.056],[-53.02,-16.868],[-52.808,-16.744],[-52.632,-16.528],[-52.668,-16.292],[-52.328,-16.04],[-52.252,-15.912],[-51.884,-15.804],[-51.68,-15.38],[-51.656,-15.208],[-51.512,-15.064],[-51.256,-15.016],[-51.1,-14.888],[-50.968,-14.52],[-50.96,-14.236],[-50.856,-14.104],[-50.864,-13.712],[-50.568,-13.228],[-50.588,-13.08],[-50.484,-12.844],[-50.664,-12.632],[-50.612,-12.432],[-50.672,-12.192],[-50.744,-11.5],[-50.612,-11.032],[-50.636,-10.936],[-50.376,-10.104],[-50.236,-9.844],[-51.296,-9.788],[-55.092,-9.564],[-56.46,-9.468],[-56.836,-9.272],[-57.044,-9.232],[-57.104,-9.052],[-57.58,-8.756],[-57.68,-8.436],[-57.64,-8.228],[-57.78,-8.048],[-57.892,-7.692],[-58.136,-7.34]]]},"properties":{"id":"BR-MT"}},
{"type":"Feature","geometry":{"type":"Polygon","coordinates":[[[-69.136,-27.772],[-68.848,-27.792],[-68.436,-27.748],[-68.448,-27.98],[-68.084,-28.156],[-67.932,-28.124],[-67.824,-28.384],[-67.704,-28.34],[-67.26,-28.36],[-66.976,-28.268],[-66.584,-28.404],[-66.336,-28.736],[-66.336,-28.876],[-66.12,-28.972],[-65.792,-29.252],[-65.728,-29.504],[-65.4,-30.14],[-65.14,-30.064],[-64.944,-29.88],[-64.96,-29.612],[-64.884,-29.556],[-65.036,-29.292],[-65.104,-28.696],[-65.08,-28.276],[-65.168,-27.908],[-65.332,-27.864],[-65.572,-28.052],[-65.712,-27.808],[-65.928,-27.656],[-65.988,-27.428],[-66.192,-27.308],[-65.872,-26.916],[-65.852,-26.724],[-66.156,-26.496],[-66.052,-26.252],[-66.224,-26.172],[-66.42,-26.376],[-66.78,-25.896],[-66.808,-25.724],[-66.512,-25.632],[-66.468,-25.48],[-66.6,-25.268],[-67.808,-25.284],[-68.496,-25.16],[-68.556,-25.292],[-68.604,-25.436],[-68.5,-25.756],[-68.42,-26.18],[-68.576,-26.304],[-68.572,-26.552],[-68.32,-26.872],[-68.332,-27.044],[-68.584,-27.164],[-68.8,-27.112],[-69.136,-27.772]]]},"properties":{"id":"AR-K"}},
{"type":"Feature","geometry":{"type":"Polygon","coordinates":[[[-69.136,-27.772],[-69.42,-28.212],[-69.656,-28.4],[-69.472,-28.428],[-69.192,-28.596],[-68.92,-28.988],[-69,-29.116],[-68.944,-29.304],[-69.024,-29.612],[-68.7,-29.604],[-68.328,-29.692],[-67.636,-30.248],[-67.568,-30.38],[-67.184,-30.728],[-67.08,-30.904],[-67.104,-31.356],[-67.048,-31.524],[-66.868,-31.628],[-66.732,-31.876],[-66.216,-31.924],[-65.76,-31.884],[-65.768,-31.096],[-65.52,-30.404],[-65.4,-30.14],[-65.728,-29.504],[-65.792,-29.252],[-66.12,-28.972],[-66.336,-28.876],[-66.336,-28.736],[-66.584,-28.404],[-66.976,-28.268],[-67.26,-28.36],[-67.704,-28.34],[-67.824,-28.384],[-67.932,-28.124],[-68.084,-28.156],[-68.448,-27.98],[-68.436,-27.748],[-68.848,-27.792],[-69.136,-27.772]]]},"properties":{"id":"AR-F"}},
{"type":"Feature","geometry":{"type":"Polygon","coordinates":[[[-70.256,-32.316],[-69.632,-32.232],[-69.612,-32.124],[-69.284,-32.052],[-69.144,-31.96],[-68.924,-32.076],[-68.904,-32.324],[-68.688,-32.336],[-68.392,-32.152],[-68.02,-32.068],[-67.832,-32.24],[-67.392,-32.264],[-67.344,-31.848],[-66.732,-31.876],[-66.868,-31.628],[-67.048,-31.524],[-67.104,-31.356],[-67.08,-30.904],[-67.184,-30.728],[-67.568,-30.38],[-67.636,-30.248],[-68.328,-29.692],[-68.7,-29.604],[-69.024,-29.612],[-68.944,-29.304],[-69,-29.116],[-68.92,-28.988],[-69.192,-28.596],[-69.472,-28.428],[-69.656,-28.4],[-69.74,-28.64],[-69.804,-29.1],[-70.044,-29.364],[-69.928,-29.716],[-69.976,-30.06],[-69.848,-30.128],[-69.904,-30.312],[-70.216,-30.516],[-70.32,-30.8],[-70.34,-31.04],[-70.48,-31.096],[-70.592,-31.548],[-70.428,-31.872],[-70.332,-32.208],[-70.256,-32.316]]]},"properties":{"id":"AR-J"}},
{"type":"Feature","geometry":{"type":"Polygon","coordinates":[[[-70.256,-32.316],[-70.172,-32.464],[-70.14,-32.768],[-70,-32.876],[-70.108,-33.052],[-70.1,-33.188],[-69.904,-33.24],[-69.788,-33.38],[-69.896,-33.664],[-69.908,-33.956],[-69.832,-34.244],[-70.048,-34.284],[-70.228,-34.584],[-70.372,-35.028],[-70.544,-35.208],[-70.408,-35.508],[-70.432,-36.128],[-70.176,-36.568],[-69.792,-36.864],[-69.808,-37.012],[-69.624,-37.152],[-69.26,-37.152],[-69.088,-37.208],[-68.984,-37.364],[-68.756,-37.372],[-68.248,-37.556],[-68.248,-36],[-66.616,-36],[-66.524,-35.516],[-66.508,-35.14],[-66.572,-34.852],[-66.736,-34.616],[-66.82,-34.228],[-66.748,-34.064],[-66.928,-33.836],[-67.144,-33.452],[-67.228,-32.916],[-67.192,-32.76],[-67.392,-32.264],[-67.832,-32.24],[-68.02,-32.068],[-68.392,-32.152],[-68.688,-32.336],[-68.904,-32.324],[-68.924,-32.076],[-69.144,-31.96],[-69.284,-32.052],[-69.612,-32.124],[-69.632,-32.232],[-70.256,-32.316]]]},"properties":{"id":"AR-M"}},
{"type":"Feature","geometry":{"type":"Polygon","coordinates":[[[-70.432,-36.128],[-70.704,-36.26],[-70.72,-36.416],[-71.028,-36.48],[-71.056,-36.672],[-71.196,-36.84],[-71.088,-37.104],[-71.204,-37.292],[-71.124,-37.444],[-71.184,-37.708],[-71.016,-38.144],[-70.972,-38.424],[-70.848,-38.528],[-70.872,-38.692],[-71.228,-38.808],[-71.416,-38.936],[-71.4,-39.236],[-71.46,-39.432],[-71.64,-39.6],[-71.716,-39.728],[-71.624,-39.932],[-71.824,-40.212],[-71.68,-40.34],[-71.86,-40.56],[-71.956,-40.72],[-71.868,-41.012],[-71.36,-41.088],[-71.032,-40.928],[-71.132,-40.78],[-70.972,-40.64],[-70.576,-40.524],[-70.216,-40.54],[-70.084,-40.42],[-69.968,-39.972],[-69.68,-39.824],[-69.54,-39.824],[-69.264,-39.6],[-68.964,-39.488],[-68.576,-39.108],[-68.32,-38.96],[-68.032,-38.968],[-68.252,-38.66],[-68.248,-37.556],[-68.756,-37.372],[-68.984,-37.364],[-69.088,-37.208],[-69.26,-37.152],[-69.624,-37.152],[-69.808,-37.012],[-69.792,-36.864],[-70.176,-36.568],[-70.432,-36.128]]]},"properties":{"id":"AR-Q"}},
{"type":"Feature","geometry":{"type":"Polygon","coordinates":[[[-71.768,-42],[-71.736,-42.084],[-72.124,-42.264],[-72.04,-42.492],[-72.148,-42.592],[-72.148,-43],[-72.008,-43.12],[-71.744,-43.192],[-71.936,-43.456],[-71.724,-43.596],[-71.82,-43.76],[-71.66,-43.928],[-71.744,-44.044],[-71.86,-44.108],[-71.824,-44.404],[-71.208,-44.428],[-71.124,-44.532],[-71.336,-44.8],[-71.496,-44.744],[-71.856,-44.792],[-71.588,-44.98],[-71.312,-45.3],[-71.524,-45.52],[-71.764,-45.572],[-71.8,-45.74],[-71.648,-46],[-69.632,-46],[-67.58,-46],[-67.36,-45.776],[-67.332,-45.612],[-66.868,-45.236],[-66.524,-45.216],[-66.468,-45.076],[-66.2,-44.992],[-65.604,-45.028],[-65.684,-44.712],[-65.324,-44.508],[-65.216,-44.368],[-65.308,-44.2],[-65.224,-44.036],[-65.336,-43.672],[-64.764,-43.148],[-64.448,-43.068],[-64.512,-42.936],[-64.996,-42.784],[-64.948,-42.656],[-64.616,-42.516],[-64.324,-42.544],[-64.108,-42.884],[-63.62,-42.752],[-63.592,-42.34],[-63.808,-42.072],[-64.164,-42.208],[-64.128,-42.432],[-64.568,-42.436],[-64.532,-42.244],[-64.856,-42.192],[-65.056,-42.012],[-66.884,-42],[-68.08,-42],[-69.4,-42],[-71.768,-42]]]},"properties":{"id":"AR-U"}},
{"type":"Feature","geometry":{"type":"Polygon","coordinates":[[[-71.868,-41.012],[-71.924,-41.624],[-71.768,-42],[-69.4,-42],[-68.08,-42],[-66.884,-42],[-65.056,-42.012],[-64.992,-41.552],[-65.176,-41.012],[-65.12,-40.832],[-64.948,-40.712],[-64.772,-40.808],[-63.78,-41.16],[-63.1,-41.156],[-62.8,-41.04],[-63.116,-40.748],[-63.388,-40.708],[-63.388,-39.324],[-63.48,-39.32],[-63.996,-39.008],[-64.472,-38.852],[-65.116,-38.804],[-65.368,-38.84],[-65.96,-38.744],[-66.56,-38.7],[-66.648,-38.556],[-67.068,-38.408],[-67.176,-38.224],[-67.556,-38.26],[-67.844,-38.056],[-67.712,-37.78],[-67.852,-37.6],[-68.248,-37.556],[-68.252,-38.66],[-68.032,-38.968],[-68.32,-38.96],[-68.576,-39.108],[-68.964,-39.488],[-69.264,-39.6],[-69.54,-39.824],[-69.68,-39.824],[-69.968,-39.972],[-70.084,-40.42],[-70.216,-40.54],[-70.576,-40.524],[-70.972,-40.64],[-71.132,-40.78],[-71.032,-40.928],[-71.36,-41.088],[-71.868,-41.012]]]},"properties":{"id":"AR-R"}},
{"type":"Feature","geometry":{"type":"Polygon","coordinates":[[[-71.648,-46],[-71.772,-46.112],[-71.688,-46.692],[-71.936,-46.8],[-72.008,-47.2],[-72.344,-47.604],[-72.544,-47.916],[-72.344,-48.072],[-72.324,-48.284],[-72.576,-48.452],[-72.592,-48.792],[-73.008,-48.992],[-73.172,-49.252],[-73.1,-49.272],[-73.06,-49.556],[-73.464,-49.76],[-73.572,-49.932],[-73.532,-50.14],[-73.324,-50.268],[-73.26,-50.556],[-73.096,-50.772],[-72.78,-50.62],[-72.304,-50.648],[-72.264,-50.836],[-72.384,-51.16],[-72.28,-51.7],[-71.96,-51.868],[-71.916,-51.992],[-69.952,-52.008],[-69.484,-52.132],[-69.212,-52.136],[-68.448,-52.348],[-68.936,-51.644],[-69.168,-50.98],[-69.076,-50.56],[-68.876,-50.332],[-68.076,-50.088],[-67.832,-49.956],[-67.732,-49.78],[-67.556,-49.016],[-67.2,-48.82],[-67.116,-48.672],[-66.652,-48.432],[-66.468,-48.4],[-65.848,-47.944],[-65.736,-47.508],[-65.744,-47.204],[-65.98,-47.068],[-66.2,-47.088],[-66.788,-47.008],[-67.128,-46.708],[-67.424,-46.568],[-67.624,-46.164],[-67.58,-46],[-69.632,-46],[-71.648,-46]]]},"properties":{"id":"AR-Z"}},
{"type":"Feature","geometry":{"type":"Polygon","coordinates":[[[-68.64,-54.784],[-68.52,-54.852],[-68.076,-54.848],[-67.032,-54.904],[-66.54,-55.052],[-65.992,-54.972],[-65.968,-54.904],[-65.332,-54.912],[-65.156,-54.64],[-65.844,-54.648],[-66.484,-54.464],[-66.768,-54.248],[-67.296,-54.052],[-67.56,-53.836],[-67.984,-53.6],[-68.112,-53.344],[-68.452,-53.296],[-68.52,-53.12],[-68.264,-52.98],[-68.628,-52.64],[-68.636,-53.712],[-68.64,-54.784]]]},"properties":{"id":"AR-V"}},
{"type":"Feature","geometry":{"type":"Polygon","coordinates":[[[19.76,54.436],[19.608,54.456],[19.004,54.344],[18.588,54.432],[18.428,54.78],[17.884,54.824],[17.336,54.748],[16.784,54.576],[16.972,54.388],[16.812,54.188],[17,53.752],[16.948,53.588],[17.396,53.432],[17.924,53.696],[18.256,53.696],[18.584,53.604],[19.128,53.556],[19.492,53.768],[19.208,54.072],[19.272,54.28],[19.76,54.436]]]},"properties":{"id":"PL-PM"}},
{"type":"Feature","geometry":{"type":"MultiPolygon","coordinates":[[[[140.976,-2.6],[140.736,-2.636],[140.732,-2.492],[140.104,-2.32],[139.864,-2.372],[139.284,-2.12],[139.108,-2.012],[138.804,-1.92],[138.664,-1.788],[138.076,-1.612],[137.796,-1.484],[137.144,-1.788],[137.228,-2.076],[136.952,-2.144],[136.76,-2.248],[136.404,-2.22],[136.268,-2.56],[135.964,-2.776],[135.908,-2.984],[135.64,-3.18],[135.472,-3.364],[135.324,-3.388],[134.984,-3.328],[134.672,-2.836],[134.444,-3.024],[134.256,-3.308],[134.26,-3.4],[135.264,-3.76],[134.872,-4.256],[135.184,-4.448],[135.428,-4.432],[135.972,-4.52],[136.356,-4.676],[136.824,-4.928],[137.268,-5],[137.708,-5.22],[138.06,-5.576],[138.072,-5.728],[138.272,-5.888],[138.468,-6.404],[138.824,-6.808],[138.572,-6.944],[138.76,-7.112],[138.688,-7.192],[139.092,-7.56],[138.992,-7.864],[138.912,-7.924],[138.904,-8.044],[138.92,-8.08],[138.86,-8.1],[138.84,-8.14],[138.916,-8.292],[139.2,-8.096],[139.356,-8.2],[139.632,-8.124],[139.932,-8.108],[140.032,-8.248],[140.508,-8.64],[140.856,-9.048],[140.976,-9.108],[140.976,-7.964],[140.976,-6.896],[140.848,-6.704],[140.976,-6.336],[140.976,-4.988],[140.972,-3.8],[140.976,-2.6]]],[[[138.896,-8.336],[138.832,-8.184],[138.688,-8.18],[138.56,-8.368],[138.896,-8.336]]],[[[138.94,-7.544],[138.804,-7.376],[138.62,-7.364],[138.244,-7.456],[138.028,-7.612],[137.76,-8.072],[137.636,-8.388],[138.444,-8.38],[138.66,-8.168],[138.82,-8.092],[138.904,-8.076],[138.884,-7.932],[138.984,-7.828],[139.048,-7.56],[138.94,-7.544]]],[[[136.848,-1.764],[136.392,-1.724],[136.192,-1.652],[135.896,-1.648],[135.72,-1.704],[136.272,-1.908],[136.644,-1.876],[136.848,-1.764]]],[[[136.376,-1.092],[136.196,-1.068],[136.064,-0.872],[135.848,-0.696],[135.368,-0.652],[135.64,-0.88],[135.78,-0.872],[135.828,-1.108],[136.144,-1.224],[136.376,-1.092]]]]},"properties":{"id":"ID-PA"}},
{"type":"Feature","geometry":{"type":"MultiPolygon","coordinates":[[[[140.976,-9.108],[141.116,-9.22],[141.42,-9.152],[141.512,-9.216],[141.868,-9.22],[142.224,-9.16],[142.652,-9.332],[143.172,-9.044],[143.404,-8.964],[143.4,-8.784],[143.26,-8.592],[142.98,-8.336],[143.336,-8.248],[143.592,-8.24],[143.548,-8.032],[143.944,-7.992],[143.924,-7.696],[144.216,-7.796],[144.432,-7.612],[144.7,-7.616],[144.88,-7.78],[145.612,-7.932],[146.104,-8.1],[146.388,-8.584],[146.576,-8.82],[146.628,-9.024],[146.916,-9.124],[147.1,-9.48],[147.288,-9.52],[147.492,-9.768],[147.516,-9.88],[147.76,-10.06],[148.02,-10.124],[148.232,-10.104],[148.404,-10.2],[148.536,-10.172],[148.98,-10.276],[149.068,-10.236],[149.46,-10.352],[149.68,-10.336],[149.94,-10.44],[150.068,-10.64],[150.416,-10.68],[150.692,-10.556],[150.196,-10.096],[149.94,-10.064],[149.732,-9.808],[150.012,-9.644],[149.46,-9.596],[149.228,-9.488],[149.184,-9.368],[149.308,-9.116],[149.244,-8.996],[148.76,-9.104],[148.56,-9.032],[148.436,-8.668],[148.236,-8.568],[148.212,-8.308],[148.116,-8.056],[147.976,-8.004],[147.728,-7.932],[147.684,-7.812],[147.356,-7.516],[147.16,-7.392],[147.14,-7.212],[146.956,-6.956],[146.976,-6.74],[147.776,-6.716],[147.856,-6.692],[147.828,-6.336],[147.448,-5.96],[147.044,-5.94],[146.792,-5.816],[146.46,-5.6],[146.284,-5.584],[145.728,-5.424],[145.812,-5.068],[145.812,-4.86],[145.344,-4.392],[145.052,-4.34],[144.868,-4.1],[144.58,-3.996],[144.512,-3.816],[144.204,-3.836],[143.996,-3.792],[143.82,-3.62],[143.476,-3.42],[143.084,-3.352],[142.5,-3.196],[141.904,-2.968],[141.276,-2.644],[140.976,-2.6],[140.972,-3.8],[140.976,-4.988],[140.976,-6.336],[140.848,-6.704],[140.976,-6.896],[140.976,-7.964],[140.976,-9.108]]],[[[148.048,-5.608],[147.78,-5.496],[147.768,-5.612],[148.024,-5.84],[148.048,-5.608]]],[[[153.76,-11.584],[153.256,-11.352],[153.436,-11.58],[153.76,-11.584]]],[[[150.8,-9.652],[150.888,-9.52],[150.504,-9.336],[150.428,-9.42],[150.548,-9.624],[150.8,-9.652]]],[[[150.368,-9.372],[150.216,-9.204],[150.108,-9.36],[150.368,-9.372]]],[[[152.996,-9.14],[152.796,-9.004],[152.6,-9.068],[152.812,-9.256],[152.996,-9.14]]],[[[155.932,-6.64],[155.916,-6.516],[155.712,-6.28],[155.452,-6.136],[155.404,-6.008],[155.192,-5.764],[155.068,-5.552],[154.772,-5.56],[154.7,-5.768],[154.756,-5.948],[154.98,-6.192],[155.236,-6.364],[155.188,-6.556],[155.36,-6.744],[155.716,-6.872],[155.88,-6.8],[155.932,-6.64]]],[[[150.772,-6.128],[151.208,-5.944],[151.464,-5.684],[151.48,-5.528],[151.784,-5.584],[152.1,-5.456],[152.124,-5.292],[151.988,-5.164],[151.992,-4.972],[152.292,-4.936],[152.412,-4.684],[152.416,-4.36],[152.176,-4.296],[151.964,-4.332],[151.816,-4.212],[151.54,-4.176],[151.696,-4.82],[151.648,-4.948],[151.388,-4.916],[151.084,-5.164],[151.024,-5.392],[150.72,-5.536],[150.424,-5.456],[150.308,-5.56],[150.144,-5.536],[150.06,-5.344],[149.872,-5.528],[149.616,-5.512],[149.392,-5.588],[148.98,-5.464],[148.832,-5.532],[148.428,-5.444],[148.324,-5.648],[148.388,-5.776],[148.772,-5.872],[148.852,-5.98],[149.14,-6.144],[149.304,-6.06],[149.464,-6.104],[149.628,-6.3],[150.056,-6.256],[150.464,-6.276],[150.772,-6.128]]],[[[153.136,-4.268],[152.956,-4],[152.576,-3.82],[152.492,-3.644],[152.216,-3.456],[152.052,-3.248],[151.828,-3.192],[151.436,-2.908],[151.092,-2.832],[151.612,-3.168],[151.808,-3.36],[152.288,-3.568],[152.52,-3.856],[152.688,-4.164],[152.672,-4.452],[152.732,-4.648],[152.872,-4.788],[153.076,-4.6],[153.136,-4.268]]],[[[150.464,-2.532],[150.208,-2.376],[149.996,-2.468],[150.188,-2.68],[150.452,-2.66],[150.464,-2.532]]],[[[147.432,-1.984],[146.652,-1.964],[146.648,-2.168],[147.216,-2.184],[147.432,-1.984]]]]},"properties":{"id":"PG"}},
{"type":"Feature","geometry":{"type":"Polygon","coordinates":[[[55.98,41.32],[55.976,42.7],[55.976,43.616],[55.98,44.996],[56.708,45.16],[56.54,45.952],[56.472,46.084],[55.832,46.236],[55.476,46.48],[55.248,46.348],[54.904,46.332],[53.948,46.188],[53.536,45.824],[53.04,45.74],[52.86,45.768],[52.74,45.524],[52.568,45.4],[51.956,45.372],[51.792,45.404],[51.396,45.332],[51.244,45.1],[50.984,44.988],[50.972,44.848],[51.32,44.596],[51.144,44.484],[50.848,44.632],[50.3,44.656],[50.232,44.392],[50.344,44.312],[50.848,44.188],[51.14,43.632],[51.32,43.444],[51.268,43.188],[51.652,43.192],[51.932,42.836],[52.168,42.888],[52.576,42.8],[52.744,42.656],[52.6,42.344],[52.404,42.092],[52.484,41.94],[52.436,41.748],[52.98,42.128],[53.412,42.26],[54.048,42.344],[54.196,42.32],[54.74,42.048],[55.428,41.292],[55.636,41.264],[55.98,41.32]]]},"properties":{"id":"KZ-MAN"}},
{"type":"Feature","geometry":{"type":"Polygon","coordinates":[[[67.276,45.956],[66.98,46.056],[65.552,46.292],[65.012,46.516],[63.82,46.852],[63.208,46.96],[62.844,47.184],[62.448,47.248],[62.32,47.444],[62.048,47.572],[61.86,47.776],[61.328,47.732],[60.764,47.1],[60.536,47.112],[60.412,46.924],[60.168,46.884],[59.668,46.58],[59.112,46.068],[59.028,45.82],[59.056,45.324],[61.036,44.384],[61.16,44.168],[62.028,43.48],[63.208,43.628],[64.428,43.548],[64.856,43.712],[64.956,43.696],[65.272,43.416],[65.516,43.296],[65.796,42.876],[66.1,42.992],[66.012,42.372],[66.184,42.352],[66.496,42.58],[66.736,42.608],[67.436,42.984],[67.924,43.16],[67.836,43.424],[68.204,43.972],[67.864,44.212],[67.608,44.312],[67.592,45.072],[67.292,45.252],[67.436,45.7],[67.276,45.956]],[[63.384,45.564],[62.9,45.748],[62.812,45.896],[62.9,46.208],[63.212,46.372],[63.444,46.388],[63.756,46.296],[63.956,46.06],[63.868,45.748],[63.384,45.564]]]},"properties":{"id":"KZ-KZY"}},
{"type":"Feature","geometry":{"type":"Polygon","coordinates":[[[56.708,45.16],[58.532,45.56],[59.056,45.324],[59.028,45.82],[59.112,46.068],[59.668,46.58],[60.168,46.884],[60.412,46.924],[60.536,47.112],[60.764,47.1],[61.328,47.732],[61.86,47.776],[62.048,47.572],[62.32,47.444],[62.448,47.248],[62.844,47.184],[64.108,47.804],[64.204,47.88],[63.972,48.152],[63.66,48.468],[63.028,48.692],[63.032,48.864],[62.664,48.88],[62.448,49.052],[62.484,49.228],[62.292,49.444],[62.612,49.856],[62.912,49.896],[62.888,50.024],[62.536,50.44],[62.376,50.852],[62.032,51.064],[61.924,51.24],[61.648,51.264],[61.512,51.16],[61.372,50.784],[60.72,50.652],[60.3,50.684],[60.02,50.856],[59.776,50.532],[59.524,50.476],[59.436,50.632],[58.924,50.68],[58.664,50.788],[58.596,51.024],[57.768,51.12],[57.736,50.94],[57.352,50.884],[57.168,51.092],[56.508,51.068],[56.08,50.724],[55.66,50.532],[55.304,50.664],[54.64,51.028],[54.676,50.604],[54.544,50.532],[54.392,50.36],[54.552,50.032],[54.452,49.816],[54.18,49.612],[53.764,49.472],[53.672,49.184],[54.052,49.004],[54.072,48.716],[54.444,48.656],[54.576,48.812],[54.8,48.74],[54.792,48.428],[54.872,48.092],[54.972,48.012],[55.072,47.644],[54.996,47.152],[55.292,46.792],[55.492,46.66],[56.272,46.456],[56.472,46.084],[56.54,45.952],[56.708,45.16]]]},"properties":{"id":"KZ-AKT"}},
{"type":"Feature","geometry":{"type":"Polygon","coordinates":[[[70.468,55.284],[70.196,55.132],[69.672,55.336],[68.736,55.352],[68.604,55.196],[68.264,55.196],[68.168,54.956],[67.816,54.952],[67.624,54.852],[66.448,54.712],[66.096,54.636],[66.372,54.104],[66.02,53.992],[66.232,53.744],[66.12,53.58],[66.288,53.48],[66.324,53.256],[66.164,53.08],[66.052,52.404],[66.312,52.296],[67.148,52.208],[67.452,52.236],[67.7,52.372],[68.028,52.264],[68.844,52.808],[68.924,53.112],[68.584,53.4],[69,53.644],[69.404,53.576],[69.836,53.688],[70.112,53.364],[70.464,53.26],[70.672,53.396],[71.06,53.412],[71.312,53.288],[71.608,53.38],[71.824,53.196],[71.732,53.012],[71.924,52.912],[72.24,52.908],[72.444,52.992],[72.896,52.996],[72.964,52.76],[73.968,52.568],[74.032,52.856],[73.572,52.972],[73.768,53.192],[73.452,53.448],[73.228,53.664],[73.484,53.876],[73.064,53.98],[72.956,54.116],[72.656,54.044],[72.152,54.368],[72.068,54.224],[71.708,54.132],[71.184,54.1],[71.18,54.728],[71.004,54.776],[70.976,55.076],[70.664,55.308],[70.468,55.284]]]},"properties":{"id":"KZ-SEV"}},
{"type":"Feature","geometry":{"type":"Polygon","coordinates":[[[70.468,55.284],[70.472,55.42],[70.748,55.592],[70.548,55.676],[70.584,55.836],[70.848,55.964],[70.908,56.112],[70.772,56.296],[70.856,56.456],[71.168,56.676],[71.556,56.732],[71.652,56.924],[71.372,57.064],[71.08,57.344],[70.632,57.264],[70.436,57.408],[70.676,57.512],[70.428,57.784],[70.436,57.932],[70.864,58.536],[71.084,58.52],[71.244,58.34],[71.268,58.076],[71.988,58.124],[72.148,58.028],[72.86,58.012],[73.088,58.148],[74.208,58.132],[75.104,58.58],[75.16,58.652],[74.744,58.748],[74.1,58.74],[73.62,58.852],[73.032,58.864],[72.976,59.1],[72.656,59.108],[72,59.564],[71.296,59.8],[70.796,59.864],[70.4,59.816],[70.156,59.9],[69.616,59.904],[68.544,59.552],[68.36,59.284],[67.744,59.212],[67.072,58.924],[66.772,58.928],[66.74,58.668],[66.38,58.588],[65.936,58.616],[66,58.296],[66.196,58.032],[64.84,57.64],[64.992,57.22],[64.996,56.768],[64.968,56.5],[65.116,56.324],[65.668,56.272],[66.028,55.992],[66.3,56.06],[66.464,55.952],[66.76,56.044],[67.3,55.896],[67.448,55.736],[68.188,55.7],[68.488,55.4],[68.736,55.352],[69.672,55.336],[70.196,55.132],[70.468,55.284]]]},"properties":{"id":"RU-TYU"}},
{"type":"Feature","geometry":{"type":"Polygon","coordinates":[[[68.736,55.352],[68.488,55.4],[68.188,55.7],[67.448,55.736],[67.3,55.896],[66.76,56.044],[66.464,55.952],[66.3,56.06],[66.028,55.992],[65.668,56.272],[65.116,56.324],[64.968,56.5],[64.996,56.768],[64.824,56.84],[64.336,56.752],[64.172,56.468],[63.768,56.508],[63.448,56.608],[63,56.596],[62.332,56.468],[62.084,56.292],[62.072,56.132],[62.516,55.736],[62.58,55.516],[62.304,55.404],[62.164,55.244],[62.244,55.08],[61.988,55.036],[62.148,54.644],[62.424,54.724],[62.712,54.624],[63.192,54.688],[63.296,54.564],[63.128,54.304],[63.328,54.164],[63.98,54.304],[64.912,54.404],[65.476,54.632],[66.096,54.636],[66.448,54.712],[67.624,54.852],[67.816,54.952],[68.168,54.956],[68.264,55.196],[68.604,55.196],[68.736,55.352]]]},"properties":{"id":"RU-KGN"}},
{"type":"Feature","geometry":{"type":"Polygon","coordinates":[[[73.452,53.448],[73.872,53.632],[74.212,53.596],[74.616,53.68],[74.772,53.832],[75.028,53.808],[75.692,54.112],[75.696,54.544],[75.832,54.6],[75.096,55.38],[75.344,55.764],[75.316,55.896],[75.776,56.144],[76.304,56.184],[76.108,56.328],[76.008,56.548],[76.284,56.728],[76.108,57.252],[75.58,57.676],[75.544,57.94],[75.092,58.112],[75.104,58.58],[74.208,58.132],[73.088,58.148],[72.86,58.012],[72.148,58.028],[71.988,58.124],[71.268,58.076],[71.244,58.34],[71.084,58.52],[70.864,58.536],[70.436,57.932],[70.428,57.784],[70.676,57.512],[70.436,57.408],[70.632,57.264],[71.08,57.344],[71.372,57.064],[71.652,56.924],[71.556,56.732],[71.168,56.676],[70.856,56.456],[70.772,56.296],[70.908,56.112],[70.848,55.964],[70.584,55.836],[70.548,55.676],[70.748,55.592],[70.472,55.42],[70.468,55.284],[70.664,55.308],[70.976,55.076],[71.004,54.776],[71.18,54.728],[71.184,54.1],[71.708,54.132],[72.068,54.224],[72.152,54.368],[72.656,54.044],[72.956,54.116],[73.064,53.98],[73.484,53.876],[73.228,53.664],[73.452,53.448]]]},"properties":{"id":"RU-OMS"}},
{"type":"Feature","geometry":{"type":"Polygon","coordinates":[[[63.972,48.152],[64.216,48.404],[64.548,48.504],[64.74,48.84],[65.072,48.876],[65.524,48.832],[66.16,49.004],[67.524,49.836],[67.764,50.028],[67.756,50.188],[68.108,50.264],[68.272,50.412],[68.096,50.504],[67.336,50.332],[67.124,50.616],[66.836,50.588],[66.476,50.664],[66.06,50.896],[65.72,50.792],[65.708,50.972],[65.504,51.264],[65.644,51.556],[65.432,51.696],[65.86,51.896],[66.036,52.18],[66.052,52.404],[66.164,53.08],[66.324,53.256],[66.288,53.48],[66.12,53.58],[66.232,53.744],[66.02,53.992],[66.372,54.104],[66.096,54.636],[65.476,54.632],[64.912,54.404],[63.98,54.304],[63.328,54.164],[63.084,54.084],[62.552,54.028],[61.192,54.02],[61.2,53.82],[61.008,53.636],[61.28,53.544],[61.204,53.276],[62.052,53.124],[62.096,52.992],[61.576,52.956],[61.192,53.012],[60.696,52.736],[61.04,52.336],[60.672,52.144],[60.508,52.152],[60.204,51.992],[60.028,51.992],[60.452,51.804],[60.516,51.616],[60.936,51.612],[61.024,51.484],[61.472,51.424],[61.648,51.264],[61.924,51.24],[62.032,51.064],[62.376,50.852],[62.536,50.44],[62.888,50.024],[62.912,49.896],[62.612,49.856],[62.292,49.444],[62.484,49.228],[62.448,49.052],[62.664,48.88],[63.032,48.864],[63.028,48.692],[63.66,48.468],[63.972,48.152]]]},"properties":{"id":"KZ-KUS"}},
{"type":"Feature","geometry":{"type":"Polygon","coordinates":[[[79.304,51.688],[78.476,52.636],[77.784,53.328],[77.612,53.444],[76.524,53.96],[76.768,54.364],[76.432,54.316],[75.692,54.112],[75.028,53.808],[74.772,53.832],[74.616,53.68],[74.212,53.596],[73.872,53.632],[73.452,53.448],[73.768,53.192],[73.572,52.972],[74.032,52.856],[73.968,52.568],[74.028,52.468],[74.052,51.908],[73.836,51.624],[74.272,51.536],[73.852,51.408],[73.712,51.256],[74.036,51.18],[74.096,51.036],[73.972,50.644],[74.084,50.576],[74.48,50.616],[74.948,50.432],[75.16,50.228],[75.656,50.148],[76.584,50.296],[76.98,50.636],[77.624,50.46],[77.732,50.204],[78.472,50.028],[78.82,50.352],[78.688,50.7],[78.296,50.88],[78.188,51.14],[78.76,51.296],[79.304,51.688]]]},"properties":{"id":"KZ-PAV"}},
{"type":"Feature","geometry":{"type":"Polygon","coordinates":[[[75.692,54.112],[76.432,54.316],[76.768,54.364],[76.524,53.96],[77.612,53.444],[77.784,53.328],[77.924,53.564],[78.26,53.496],[78.604,53.616],[79.572,53.732],[80.128,54.076],[80.656,54.204],[80.924,54.396],[81.112,54.152],[81.856,53.968],[81.732,53.852],[82.484,53.468],[82.732,53.788],[83.184,54.064],[84.004,54.144],[84.264,54.216],[84.532,54.168],[84.692,54.336],[85.08,54.468],[84.948,54.604],[85.076,54.868],[84.884,54.984],[84.916,55.164],[84.732,55.392],[84.772,55.54],[84.564,55.708],[84.568,55.96],[84.412,56.044],[83.952,56.004],[83.568,55.692],[83.224,55.736],[83.352,55.968],[83.096,56.548],[82.828,56.44],[81.556,56.26],[81.124,56.532],[80.248,56.456],[79.588,56.928],[78.448,57.12],[78.444,57.16],[76.92,57.188],[76.108,57.252],[76.284,56.728],[76.008,56.548],[76.108,56.328],[76.304,56.184],[75.776,56.144],[75.316,55.896],[75.344,55.764],[75.096,55.38],[75.832,54.6],[75.696,54.544],[75.692,54.112]]]},"properties":{"id":"RU-NVS"}},
{"type":"Feature","geometry":{"type":"Polygon","coordinates":[[[62.072,56.132],[61.384,56.368],[60.752,56.236],[60.24,56.208],[59.7,56.308],[59.124,56.316],[59.028,56.168],[59.268,56.048],[59.164,55.788],[59.256,55.616],[59.16,55.332],[58.872,55.324],[58.816,55.024],[58.62,54.948],[58.032,55.276],[57.516,55.336],[57.264,55.26],[57.136,55.092],[57.164,54.82],[57.74,54.584],[57.972,54.392],[58.364,54.548],[58.612,54.472],[59.06,54.632],[59.228,54.612],[59.612,54.868],[59.976,54.8],[59.68,54.5],[59.8,54.244],[59.344,54.184],[58.908,53.86],[58.868,53.5],[58.9,53.064],[58.724,52.644],[58.828,52.432],[59.176,52.276],[59.248,52.488],[59.508,52.436],[59.78,52.492],[60.148,52.42],[60.14,52.268],[59.912,52.1],[60.028,51.992],[60.204,51.992],[60.508,52.152],[60.672,52.144],[61.04,52.336],[60.696,52.736],[61.192,53.012],[61.576,52.956],[62.096,52.992],[62.052,53.124],[61.204,53.276],[61.28,53.544],[61.008,53.636],[61.2,53.82],[61.192,54.02],[62.552,54.028],[63.084,54.084],[63.328,54.164],[63.128,54.304],[63.296,54.564],[63.192,54.688],[62.712,54.624],[62.424,54.724],[62.148,54.644],[61.988,55.036],[62.244,55.08],[62.164,55.244],[62.304,55.404],[62.58,55.516],[62.516,55.736],[62.072,56.132]]]},"properties":{"id":"RU-CHE"}},
{"type":"Feature","geometry":{"type":"Polygon","coordinates":[[[84.088,50.636],[84.54,50.692],[84.6,50.86],[84.472,50.972],[84.016,51.064],[84.396,51.268],[85.008,51.488],[85.24,51.472],[85.668,51.752],[85.94,52.076],[86.44,52.024],[86.756,52.108],[86.804,52.292],[86.616,52.372],[86.84,52.648],[87.172,52.612],[86.944,52.864],[87.076,53.076],[86.704,53.196],[86.984,53.408],[86.456,53.616],[86.404,53.752],[86.116,54],[85.576,54.232],[85.436,54.212],[85.08,54.468],[84.692,54.336],[84.532,54.168],[84.264,54.216],[84.004,54.144],[83.184,54.064],[82.732,53.788],[82.484,53.468],[81.732,53.852],[81.856,53.968],[81.112,54.152],[80.924,54.396],[80.656,54.204],[80.128,54.076],[79.572,53.732],[78.604,53.616],[78.26,53.496],[77.924,53.564],[77.784,53.328],[78.476,52.636],[79.304,51.688],[79.992,50.788],[80.44,50.96],[80.476,51.208],[80.684,51.304],[81.148,51.136],[81.06,50.948],[81.4,50.96],[81.46,50.732],[81.764,50.784],[82.072,50.716],[82.976,50.88],[83.108,50.992],[83.432,50.992],[83.82,50.868],[84.088,50.636]]]},"properties":{"id":"RU-ALT"}},
{"type":"Feature","geometry":{"type":"Polygon","coordinates":[[[61.648,51.264],[61.472,51.424],[61.024,51.484],[60.936,51.612],[60.516,51.616],[60.452,51.804],[60.028,51.992],[59.912,52.1],[60.14,52.268],[60.148,52.42],[59.78,52.492],[59.508,52.436],[59.248,52.488],[59.176,52.276],[58.828,52.432],[58.856,52.264],[58.608,52.18],[58.576,51.792],[58.236,51.74],[57.652,51.864],[57.208,51.576],[57.036,51.66],[56.78,51.592],[56.608,51.828],[56.684,52.044],[56.496,52.16],[56.364,52.524],[56.076,52.604],[55.776,52.344],[55.544,52.384],[55.408,52.836],[55.16,52.824],[54.928,53.22],[54.664,53.236],[54.52,53.36],[54.108,53.416],[53.876,53.66],[53.656,53.752],[53.472,54.044],[53.14,54.076],[53,54.272],[52.54,54.376],[52.272,54.328],[52.476,54.076],[52.252,53.656],[52.08,53.5],[52.192,53.376],[52.06,53],[51.716,52.84],[51.732,52.668],[51.472,52.568],[51.416,52.104],[50.768,51.76],[50.924,51.68],[51.372,51.628],[51.62,51.52],[51.868,51.672],[52.336,51.764],[52.504,51.48],[53.152,51.512],[53.612,51.388],[53.672,51.22],[53.936,51.184],[54.176,50.968],[54.48,50.852],[54.38,50.62],[54.544,50.532],[54.676,50.604],[54.64,51.028],[55.304,50.664],[55.66,50.532],[56.08,50.724],[56.508,51.068],[57.168,51.092],[57.352,50.884],[57.736,50.94],[57.768,51.12],[58.596,51.024],[58.664,50.788],[58.924,50.68],[59.436,50.632],[59.524,50.476],[59.776,50.532],[60.02,50.856],[60.3,50.684],[60.72,50.652],[61.372,50.784],[61.512,51.16],[61.648,51.264]]]},"properties":{"id":"RU-ORE"}},
{"type":"Feature","geometry":{"type":"Polygon","coordinates":[[[54.544,50.532],[54.38,50.62],[54.48,50.852],[54.176,50.968],[53.936,51.184],[53.672,51.22],[53.612,51.388],[53.152,51.512],[52.504,51.48],[52.336,51.764],[51.868,51.672],[51.62,51.52],[51.372,51.628],[50.924,51.68],[50.768,51.76],[50.324,51.304],[49.988,51.228],[49.78,51.104],[49.424,51.1],[49.368,50.828],[48.672,50.58],[48.7,50.336],[48.884,50.02],[48.416,49.812],[48.24,49.864],[47.992,50.18],[47.624,50.44],[47.436,50.376],[47.296,50.276],[47.308,50.044],[46.9,49.82],[46.776,49.332],[47.02,49.096],[46.752,48.916],[46.62,48.668],[46.48,48.412],[47.112,48.244],[48.908,48.06],[49.432,47.94],[49.456,48.012],[49.912,48.04],[51.156,48.632],[51.756,48.632],[51.812,48.504],[52.524,48.404],[52.912,48.984],[53.324,48.976],[53.672,49.184],[53.764,49.472],[54.18,49.612],[54.452,49.816],[54.552,50.032],[54.392,50.36],[54.544,50.532]]]},"properties":{"id":"KZ-ZAP"}},
{"type":"Feature","geometry":{"type":"Polygon","coordinates":[[[42.872,51.232],[43.328,51.016],[43.684,51.112],[44.004,51.088],[44.212,51.192],[45.044,51.128],[45.308,50.876],[45.24,50.588],[45.668,50.592],[45.888,50.76],[46.064,50.544],[46.46,50.548],[46.584,50.7],[47.184,50.512],[47.436,50.376],[47.624,50.44],[47.992,50.18],[48.24,49.864],[48.416,49.812],[48.884,50.02],[48.7,50.336],[48.672,50.58],[49.368,50.828],[49.424,51.1],[49.78,51.104],[49.988,51.228],[50.324,51.304],[50.768,51.76],[50.732,51.916],[50.236,52.036],[50.22,52.128],[49.812,52.192],[49.628,52.368],[49.344,52.468],[48.936,52.476],[48.436,52.78],[48.252,52.812],[47.776,52.68],[47.732,52.588],[47.06,52.572],[46.832,52.616],[46.288,52.672],[45.972,52.484],[45.644,52.52],[45.432,52.4],[44.908,52.376],[44.5,52.52],[44.348,52.316],[43.748,52.432],[43.08,52.404],[42.752,52.172],[42.804,52.012],[42.488,51.608],[42.86,51.38],[42.872,51.232]]]},"properties":{"id":"RU-SAR"}},
{"type":"Feature","geometry":{"type":"Polygon","coordinates":[[[46.62,48.668],[46.296,48.84],[45.948,48.836],[45.376,48.464],[45.04,48.396],[45.3,48.096],[45.708,47.908],[46.116,47.504],[46.512,47.408],[46.8,47.004],[47.212,46.744],[46.664,46.428],[46.504,46.272],[46.856,46.244],[47.088,46.12],[46.908,45.636],[47.296,45.648],[47.496,45.564],[47.628,45.708],[47.896,45.692],[48.268,45.78],[48.464,45.94],[48.74,45.924],[48.888,46.124],[49.228,46.328],[48.456,46.66],[49.008,46.768],[48.696,47.1],[48.524,47.412],[48.044,47.768],[47.648,47.764],[47.436,47.836],[47.176,47.772],[47.052,47.976],[47.112,48.244],[46.48,48.412],[46.62,48.668]]]},"properties":{"id":"RU-AST"}},
{"type":"Feature","geometry":{"type":"Polygon","coordinates":[[[41.364,50.228],[41.616,49.964],[41.876,49.9],[42.18,49.668],[42.072,49.5],[42.096,49.14],[42.344,49.152],[42.644,48.976],[42.74,48.788],[42.632,48.552],[42.164,48.464],[42.076,48.392],[42.028,48.028],[42.492,48.012],[42.728,47.856],[42.956,47.512],[43.264,47.452],[43.732,47.476],[43.704,47.684],[43.952,47.756],[44.084,47.908],[44.388,47.868],[44.548,48.064],[44.932,48.136],[45.3,48.096],[45.04,48.396],[45.376,48.464],[45.948,48.836],[46.296,48.84],[46.62,48.668],[46.752,48.916],[47.02,49.096],[46.776,49.332],[46.9,49.82],[47.308,50.044],[47.296,50.276],[47.436,50.376],[47.184,50.512],[46.584,50.7],[46.46,50.548],[46.064,50.544],[45.888,50.76],[45.668,50.592],[45.24,50.588],[45.308,50.876],[45.044,51.128],[44.212,51.192],[44.004,51.088],[43.684,51.112],[43.328,51.016],[42.872,51.232],[42.256,51.132],[41.856,51.188],[41.736,51.024],[41.444,50.916],[41.316,50.724],[41.508,50.392],[41.364,50.228]]]},"properties":{"id":"RU-VGG"}},
{"type":"Feature","geometry":{"type":"Polygon","coordinates":[[[56.472,46.084],[56.272,46.456],[55.492,46.66],[55.292,46.792],[54.996,47.152],[55.072,47.644],[54.972,48.012],[54.872,48.092],[54.792,48.428],[54.8,48.74],[54.576,48.812],[54.444,48.656],[54.072,48.716],[54.052,49.004],[53.672,49.184],[53.324,48.976],[52.912,48.984],[52.524,48.404],[51.812,48.504],[51.756,48.632],[51.156,48.632],[49.912,48.04],[49.456,48.012],[49.432,47.94],[48.908,48.06],[47.112,48.244],[47.052,47.976],[47.176,47.772],[47.436,47.836],[47.648,47.764],[48.044,47.768],[48.524,47.412],[48.696,47.1],[49.008,46.768],[48.456,46.66],[49.228,46.328],[49.468,46.564],[49.816,46.54],[50.168,46.748],[50.608,46.868],[50.856,47.04],[51.188,47.116],[51.504,47.06],[51.764,46.916],[52.24,46.808],[52.456,47],[52.92,46.956],[53.188,46.72],[53.084,46.436],[53.156,46.34],[53.088,46.02],[52.86,45.768],[53.04,45.74],[53.536,45.824],[53.948,46.188],[54.904,46.332],[55.248,46.348],[55.476,46.48],[55.832,46.236],[56.472,46.084]]]},"properties":{"id":"KZ-ATY"}},
{"type":"Feature","geometry":{"type":"Polygon","coordinates":[[[34.248,31.212],[34.2,31.316],[33.648,31.116],[33.188,31.06],[32.6,31.06],[32.256,31.288],[32.256,31.276],[32.288,31.172],[32.14,31.088],[32.144,31.08],[32.052,31.128],[31.796,31.276],[31.844,31.496],[32.084,31.36],[32.092,31.364],[31.944,31.52],[31.572,31.444],[31.348,31.528],[31.096,31.608],[30.908,31.424],[30.676,31.496],[30.4,31.444],[30.1,31.284],[30.044,31.32],[29.6,31.008],[29.22,30.84],[29.028,30.828],[28.82,30.952],[28.404,31.088],[27.896,31.116],[27.384,31.268],[27.32,31.38],[25.824,31.616],[25.4,31.504],[25.192,31.532],[25.152,31.656],[24.86,31.38],[24.86,31.144],[24.996,30.784],[24.908,30.5],[24.688,30.144],[24.812,29.892],[24.872,29.468],[24.98,29.18],[24.98,28.096],[24.98,27.668],[24.98,27.048],[24.98,26.08],[24.98,24.62],[24.98,22.872],[24.98,21.996],[26.344,21.996],[28.292,21.996],[29.46,21.996],[31.248,21.996],[31.316,22.104],[31.496,21.996],[32.524,21.996],[33.16,21.996],[34.324,21.996],[35.488,21.996],[36.884,21.996],[36.896,22.068],[36.44,22.356],[36.196,22.652],[35.884,22.736],[35.696,22.932],[35.488,23.496],[35.512,23.976],[35.392,24.284],[35.236,24.4],[34.988,24.904],[34.68,25.428],[34.548,25.724],[34.34,26],[34.016,26.612],[34.004,26.848],[33.836,27.12],[33.824,27.26],[33.556,27.536],[33.512,27.96],[33.128,28.288],[32.868,28.58],[32.82,28.748],[32.624,28.972],[32.656,29.12],[32.592,29.348],[32.336,29.6],[32.564,29.972],[32.652,29.792],[32.74,29.456],[32.884,29.244],[33.144,29.032],[33.228,28.568],[33.564,28.296],[33.764,28.024],[34.08,27.8],[34.24,27.796],[34.428,27.984],[34.408,28.308],[34.632,28.772],[34.736,29.304],[34.884,29.488],[34.888,29.492],[34.824,29.74],[34.248,31.212]]]},"properties":{"id":"EG"}},
{"type":"Feature","geometry":{"type":"MultiPolygon","coordinates":[[[[42.788,16.372],[42.836,15.916],[42.7,15.716],[42.804,15.244],[42.936,14.948],[43.028,14.536],[42.992,14.448],[43.096,14.084],[43.232,13.876],[43.284,13.664],[43.248,13.212],[43.532,12.696],[43.6,12.756],[43.948,12.6],[44.416,12.672],[44.544,12.796],[44.692,12.804],[44.868,12.732],[45.092,12.924],[45.1,12.936],[45.404,13.072],[45.664,13.34],[46.236,13.436],[46.7,13.432],[46.912,13.532],[47.324,13.632],[47.668,13.888],[48.016,14.056],[48.188,13.968],[48.68,14.044],[49.004,14.324],[49.076,14.508],[49.58,14.736],[49.944,14.84],[50.18,14.844],[50.556,15.048],[50.804,15.096],[51.368,15.228],[52.048,15.572],[52.228,15.616],[52.156,15.984],[52.292,16.264],[52.596,16.476],[53.092,16.644],[52.8,17.268],[52.732,17.3],[51.984,18.98],[51.98,18.996],[51.02,18.868],[49.128,18.612],[48.16,18.148],[47.588,17.464],[47.428,17.092],[47.192,16.96],[46.996,16.948],[46.712,17.276],[46.324,17.224],[45.432,17.312],[45.224,17.416],[44.972,17.428],[44.404,17.42],[44.104,17.352],[43.752,17.344],[43.64,17.44],[43.34,17.484],[43.216,17.388],[43.108,16.928],[43.184,16.684],[42.788,16.372]]],[[[54.472,12.544],[54.12,12.7],[53.764,12.62],[53.656,12.704],[53.396,12.656],[53.336,12.516],[53.572,12.336],[53.776,12.304],[54.14,12.352],[54.472,12.544]]]]},"properties":{"id":"YE"}},
{"type":"Feature","geometry":{"type":"Polygon","coordinates":[[[-17.056,20.768],[-17.016,21.032],[-16.932,21.152],[-16.664,20.672],[-16.392,20.568],[-16.2,20.216],[-16.296,19.924],[-16.232,19.792],[-16.384,19.572],[-16.324,19.456],[-16.368,19.22],[-16.212,18.996],[-16.06,18.392],[-16.032,17.888],[-16.048,17.668],[-16.172,17.264],[-16.46,16.644],[-16.54,16.268],[-16.544,15.808],[-16.464,16.176],[-16.328,16.476],[-15.672,16.48],[-15.492,16.564],[-15.124,16.584],[-14.948,16.672],[-14.344,16.636],[-14.016,16.356],[-13.964,16.232],[-13.72,16.16],[-13.72,16.136],[-13.484,16.156],[-13.312,15.924],[-13.236,15.624],[-12.964,15.508],[-12.856,15.22],[-12.748,15.132],[-12.688,15.092],[-12.472,15],[-12.264,14.776],[-11.972,14.78],[-11.836,14.892],[-11.816,15.296],[-11.7,15.536],[-11.408,15.604],[-11.3,15.452],[-11.044,15.272],[-10.916,15.104],[-10.736,15.424],[-10.584,15.428],[-10.308,15.436],[-10.132,15.372],[-9.836,15.372],[-9.672,15.432],[-9.14,15.496],[-9.004,15.496],[-8.016,15.496],[-6.32,15.496],[-5.508,15.508],[-5.352,16.312],[-5.624,16.528],[-5.756,17.74],[-5.964,19.62],[-6.112,20.92],[-6.22,21.824],[-6.372,23.124],[-6.508,24.276],[-6.592,24.996],[-4.82,24.996],[-5.66,25.508],[-7.296,26.472],[-8.684,27.284],[-8.68,26.012],[-8.708,25.996],[-10.204,25.996],[-12.016,25.996],[-12.016,24.936],[-12.016,23.496],[-12.352,23.324],[-12.62,23.272],[-13.016,23.02],[-13.164,22.752],[-13.092,22.496],[-13.032,21.58],[-13.016,21.332],[-14.296,21.332],[-15.004,21.332],[-16.96,21.332],[-17.08,20.876],[-17.056,20.768]]]},"properties":{"id":"MR"}},
{"type":"Feature","geometry":{"type":"MultiPolygon","coordinates":[[[[9.8,2.34],[9.8,1.9],[9.616,1.672],[9.408,1.284],[9.584,1.044],[9.804,1],[10,1],[10.416,1.004],[10.964,1],[11.336,1],[11.332,1.732],[11.324,2.164],[10.408,2.164],[10.188,2.164],[9.992,2.164],[9.8,2.34]]],[[[8.628,3.632],[8.452,3.272],[8.696,3.208],[8.864,3.516],[8.924,3.752],[8.704,3.76],[8.628,3.632]]]]},"properties":{"id":"GQ"}},
{"type":"Feature","geometry":{"type":"Polygon","coordinates":[[[-16.56,13.588],[-16.52,13.36],[-16.32,13.344],[-16.14,13.456],[-15.768,13.464],[-15.556,13.528],[-15.3,13.496],[-15.34,13.44],[-15.556,13.508],[-15.784,13.436],[-16.16,13.428],[-16.152,13.284],[-16.42,13.256],[-16.596,13.384],[-16.764,13.404],[-16.828,13.34],[-16.752,13.064],[-16.672,13.164],[-15.896,13.156],[-15.824,13.248],[-15.808,13.34],[-15.344,13.364],[-15.18,13.56],[-14.552,13.324],[-14.2,13.228],[-13.852,13.336],[-13.884,13.504],[-13.968,13.576],[-14.328,13.456],[-14.464,13.516],[-14.584,13.66],[-14.728,13.62],[-14.86,13.764],[-15.096,13.82],[-15.396,13.772],[-15.5,13.64],[-15.52,13.584],[-16.084,13.584],[-16.56,13.588]]]},"properties":{"id":"GM"}},
{"type":"Feature","geometry":{"type":"Polygon","coordinates":[[[31.856,-23.964],[31.712,-24.048],[31.444,-24.024],[31.052,-24.192],[31.22,-24.556],[30.976,-24.58],[30.764,-24.464],[30.66,-24.82],[30.184,-24.856],[30.184,-25.024],[30.008,-25.148],[30.004,-25.332],[29.768,-25.396],[29.352,-25.404],[29.04,-25.268],[29.044,-25.144],[28.896,-24.956],[28.732,-24.944],[28.604,-25.156],[28.784,-25.228],[28.628,-25.332],[28.668,-25.664],[28.976,-25.672],[28.872,-26.004],[28.636,-25.972],[28.5,-26.08],[28.532,-26.22],[28.72,-26.34],[28.644,-26.508],[28.4,-26.66],[28.256,-26.892],[28.428,-26.984],[28.824,-27.04],[28.96,-26.996],[29.444,-27.252],[29.616,-27.5],[29.772,-27.452],[29.928,-27.364],[30.132,-27.38],[30.424,-27.276],[30.66,-27.276],[30.98,-27.356],[31.244,-27.232],[30.976,-27.036],[30.884,-26.784],[30.784,-26.472],[30.896,-26.292],[31.12,-25.912],[31.428,-25.744],[31.748,-25.932],[31.948,-25.96],[31.912,-25.784],[31.992,-25.652],[31.988,-24.424],[31.928,-24.276],[31.856,-23.964]]]},"properties":{"id":"ZA-MP"}},
{"type":"Feature","geometry":{"type":"Polygon","coordinates":[[[73.948,30.204],[73.916,29.98],[74.516,29.948],[74.824,29.984],[75.24,29.748],[75.788,29.832],[75.956,29.74],[76.224,29.868],[76.268,30.112],[76.624,30.144],[76.604,30.276],[76.752,30.432],[76.828,30.68],[76.776,30.676],[76.704,30.78],[76.816,30.788],[76.768,30.908],[76.644,31],[76.56,31.276],[76.16,31.34],[75.924,31.808],[75.88,31.972],[75.64,32.148],[75.912,32.432],[75.848,32.516],[75.504,32.3],[75.3,32.332],[75.296,32.148],[74.828,32.024],[74.564,31.84],[74.488,31.712],[74.612,31.44],[74.508,31.176],[74.6,31.056],[74.328,30.9],[74.164,30.664],[73.852,30.372],[73.948,30.204]]]},"properties":{"id":"IN-PB"}},
{"type":"Feature","geometry":{"type":"Polygon","coordinates":[[[71.056,24.692],[71.252,24.636],[71.544,24.688],[71.948,24.664],[72.052,24.708],[72.276,24.568],[72.896,24.36],[73.096,24.504],[73.08,24.204],[73.244,24.016],[73.424,23.94],[73.36,23.784],[73.812,23.436],[74.232,23.156],[74.324,23.036],[74.716,23.18],[74.568,23.368],[74.824,23.5],[74.94,23.688],[74.968,24.032],[74.848,24.436],[74.712,24.524],[74.808,24.736],[75.132,25.04],[75.316,24.956],[75.172,24.764],[75.448,24.704],[75.76,24.776],[75.876,24.516],[75.736,24.424],[75.804,24.12],[75.596,23.816],[75.996,23.984],[76.232,24.276],[76.572,24.272],[76.768,24.16],[76.808,24.556],[77.036,24.54],[77.036,24.672],[76.848,24.76],[76.86,25.032],[77.4,25.212],[77.36,25.408],[76.912,25.308],[76.552,25.46],[76.48,25.72],[76.908,26.1],[77.832,26.576],[78.08,26.684],[78.2,26.824],[77.704,26.928],[77.512,27.108],[77.656,27.204],[77.344,27.54],[77.28,27.808],[76.94,27.852],[76.94,28.124],[76.856,28.228],[76.552,27.972],[76.452,28.164],[76.164,28.056],[76.216,27.84],[75.932,27.92],[76.028,28.264],[75.592,28.644],[75.328,29.296],[75.108,29.24],[74.82,29.404],[74.612,29.332],[74.604,29.728],[74.516,29.948],[73.916,29.98],[73.948,30.204],[73.74,30.048],[73.372,29.928],[73.232,29.536],[72.9,29.024],[72.384,28.784],[72.256,28.644],[72.148,28.352],[71.892,28.096],[71.86,27.952],[71.56,27.868],[71.312,27.86],[70.832,27.7],[70.632,27.932],[70.456,28.04],[70.188,27.892],[70.016,27.6],[69.576,27.188],[69.464,26.808],[69.816,26.58],[70.16,26.532],[70.132,26.18],[70.064,25.98],[70.264,25.696],[70.656,25.632],[70.648,25.432],[70.86,25.14],[71.056,24.692]]]},"properties":{"id":"IN-RJ"}},
{"type":"Feature","geometry":{"type":"Polygon","coordinates":[[[71.056,24.692],[70.956,24.584],[70.916,24.36],[70.756,24.232],[70.56,24.288],[70.564,24.424],[70.108,24.304],[69.972,24.164],[69.672,24.188],[69.564,24.276],[68.98,24.256],[68.724,24.288],[68.724,23.964],[68.432,23.968],[68.184,23.844],[68.164,23.756],[68.552,23.26],[68.868,23.02],[69.24,22.84],[69.716,22.748],[69.832,22.86],[70.268,22.96],[70.4,22.944],[70.18,22.56],[69.964,22.536],[69.616,22.356],[69.36,22.328],[68.976,22.404],[68.996,22.204],[69.2,21.98],[69.816,21.432],[70.056,21.152],[70.54,20.808],[70.972,20.708],[71.004,20.736],[71.464,20.884],[72.104,21.204],[72.296,21.652],[72.168,21.792],[72.316,22.184],[72.552,22.284],[72.508,21.964],[72.532,21.712],[72.8,21.672],[72.62,21.488],[72.608,21.268],[72.944,20.772],[72.848,20.468],[72.82,20.38],[72.708,20.072],[72.948,20.128],[73.048,20.332],[73.168,20.116],[73.364,20.18],[73.36,20.368],[73.476,20.68],[73.7,20.564],[73.908,20.776],[73.868,20.976],[73.696,21.124],[73.8,21.28],[74.108,21.452],[73.996,21.556],[73.82,21.508],[73.808,21.836],[74.128,21.952],[74.056,22.296],[74.224,22.348],[74.16,22.516],[74.376,22.652],[74.46,22.804],[74.324,23.036],[74.232,23.156],[73.812,23.436],[73.36,23.784],[73.424,23.94],[73.244,24.016],[73.08,24.204],[73.096,24.504],[72.896,24.36],[72.276,24.568],[72.052,24.708],[71.948,24.664],[71.544,24.688],[71.252,24.636],[71.056,24.692]]]},"properties":{"id":"IN-GJ"}},
{"type":"Feature","geometry":{"type":"MultiPolygon","coordinates":[[[[-139.06,60],[-139.184,60.1],[-139.1,60.348],[-139.628,60.336],[-140.016,60.188],[-140.532,60.22],[-141,60.32],[-141,61.632],[-141.004,63.384],[-141.004,64.548],[-141.004,65.568],[-141.004,66.588],[-141.004,67.756],[-141.004,69.652],[-142.272,69.856],[-142.6,70.012],[-143.236,70.12],[-144.94,69.976],[-145.88,70.176],[-147.124,70.168],[-148.38,70.312],[-149.344,70.512],[-150.512,70.504],[-151.176,70.448],[-151.98,70.448],[-152.456,70.556],[-152.544,70.888],[-153.304,70.928],[-154.54,70.828],[-154.596,71],[-155.108,71.152],[-155.592,71.068],[-156,71.196],[-156.816,71.308],[-157.232,71.072],[-158.044,70.836],[-159.356,70.76],[-159.948,70.636],[-160.86,70.348],[-161.344,70.26],[-162.016,70.276],[-162.536,69.956],[-162.948,69.792],[-163.156,69.36],[-163.624,69.12],[-164.348,68.928],[-165.664,68.86],[-166.236,68.876],[-166.24,68.564],[-166.548,68.36],[-165.928,68.136],[-165.436,68.06],[-164.152,67.62],[-163.812,67.336],[-163.688,67.104],[-162.436,66.992],[-161.836,67.056],[-161.868,66.708],[-161.312,66.536],[-160.88,66.672],[-160.22,66.532],[-160.248,66.404],[-160.784,66.376],[-161.06,66.488],[-161.608,66.452],[-162.08,66.668],[-162.016,66.772],[-162.328,66.96],[-162.64,66.9],[-161.744,66.404],[-161.572,66.26],[-161.916,66.044],[-162.656,66.04],[-163.68,66.08],[-163.892,66.168],[-163.988,66.612],[-164.72,66.556],[-165.304,66.436],[-165.888,66.24],[-166.724,66.06],[-167.06,65.876],[-167.344,65.9],[-168.08,65.592],[-167.4,65.4],[-166.312,65.312],[-166.748,65.064],[-166.392,64.9],[-166.484,64.728],[-166.188,64.584],[-165.036,64.448],[-164.34,64.592],[-162.608,64.508],[-162.08,64.72],[-161.424,64.776],[-161.184,64.94],[-160.884,64.812],[-160.804,64.644],[-161.036,64.508],[-160.792,63.748],[-161.188,63.504],[-162.088,63.452],[-163.092,63.056],[-163.352,63.032],[-163.768,63.224],[-164.144,63.264],[-164.58,63.14],[-164.884,62.84],[-164.812,62.62],[-165.132,62.516],[-165.704,62.116],[-165.608,61.852],[-166.2,61.596],[-165.624,61.28],[-165.62,61.144],[-165.06,61.064],[-165.128,60.924],[-164.564,60.856],[-163.764,60.888],[-163.424,60.764],[-163.796,60.584],[-163.956,60.78],[-164.668,60.824],[-165.316,60.58],[-164.988,60.34],[-164.2,60.036],[-164.1,59.832],[-163.616,59.8],[-163.088,59.86],[-162.524,59.996],[-162.376,60.176],[-161.712,59.5],[-161.948,59.388],[-161.976,59.132],[-161.716,58.756],[-161.356,58.728],[-160.352,59.072],[-160.256,58.912],[-159.912,58.776],[-159.724,58.912],[-159.384,58.756],[-159.052,58.424],[-158.772,58.52],[-158.792,58.816],[-158.408,58.772],[-158.152,58.616],[-157.084,58.888],[-157.06,58.728],[-157.504,58.464],[-157.708,57.728],[-157.708,57.568],[-158.312,57.316],[-158.944,56.844],[-159.456,56.628],[-159.744,56.58],[-160.368,56.276],[-160.52,55.936],[-160.82,55.74],[-161.124,55.96],[-161.828,55.88],[-162.228,55.696],[-163.04,55.1],[-162.876,54.94],[-162.416,55.096],[-162.276,55.02],[-161.956,55.124],[-161.716,55.392],[-161.62,55.612],[-161.388,55.572],[-161.28,55.356],[-160.476,55.496],[-159.832,55.852],[-159.624,55.812],[-158.86,56.012],[-158.484,56.032],[-158.32,56.176],[-158.356,56.472],[-158.068,56.512],[-157.912,56.652],[-157.188,56.776],[-156.768,57.012],[-156.576,56.984],[-156.348,57.176],[-156.34,57.416],[-155.396,57.724],[-155.068,57.896],[-155.024,58.024],[-154.584,58.024],[-154.164,58.216],[-153.9,58.616],[-153.44,58.732],[-153.332,58.932],[-153.712,59.072],[-154.2,59.076],[-154.076,59.38],[-153.724,59.468],[-153.572,59.644],[-153.056,59.712],[-153.02,59.888],[-152.736,59.908],[-152.34,60.476],[-151.84,60.752],[-151.748,60.916],[-151.156,61.064],[-150.632,61.3],[-149.616,60.996],[-150.044,60.916],[-150.452,61.036],[-151.072,60.784],[-151.416,60.72],[-151.284,60.536],[-151.464,60.188],[-151.708,60.04],[-151.884,59.788],[-151.748,59.684],[-151.272,59.56],[-151.896,59.412],[-151.976,59.28],[-151.74,59.168],[-151.092,59.284],[-150.328,59.476],[-149.74,59.892],[-149.34,60.024],[-148.56,59.956],[-148.4,59.992],[-147.94,60.444],[-148.308,60.896],[-147.364,60.892],[-146.816,61.032],[-146.512,60.82],[-145.692,60.656],[-145.94,60.456],[-145.236,60.368],[-144.916,60.38],[-144.572,60.192],[-144.348,60.2],[-143.92,59.996],[-142.8,60.112],[-141.968,60.028],[-141.732,59.964],[-141.384,60.036],[-141.276,59.848],[-140.864,59.744],[-140.324,59.7],[-139.62,59.892],[-139.472,59.716],[-139.856,59.548],[-139.204,59.32],[-138.184,59.024],[-137.932,58.804],[-137.52,58.564],[-136.98,58.408],[-136.6,58.224],[-136.028,58.388],[-136.268,58.764],[-136.06,58.824],[-135.84,58.528],[-135.052,58.308],[-135.228,58.612],[-135.144,58.832],[-134.768,58.4],[-134.496,58.352],[-134.24,58.216],[-134.068,58.28],[-134.06,58.072],[-133.86,57.956],[-133.572,57.716],[-133.392,57.336],[-133.552,57.18],[-133.092,57.088],[-132.48,56.744],[-132.476,56.604],[-131.972,56.356],[-131.944,56.008],[-132.26,55.74],[-131.96,55.5],[-131.736,55.888],[-131.416,56.012],[-131.164,55.94],[-130.888,55.716],[-130.872,55.344],[-131.056,55.2],[-130.936,54.824],[-130.58,54.808],[-130.364,54.908],[-129.988,55.284],[-130.172,55.748],[-130.02,55.908],[-130.072,56.084],[-130.404,56.12],[-130.496,56.232],[-131.1,56.408],[-131.584,56.596],[-131.8,56.588],[-131.872,56.792],[-132.108,56.86],[-132.032,57.028],[-132.552,57.5],[-133.464,58.464],[-133.872,58.736],[-134.224,58.844],[-134.4,59.052],[-135.096,59.42],[-135.016,59.544],[-135.484,59.792],[-136.26,59.62],[-136.468,59.46],[-136.468,59.288],[-137.424,58.908],[-137.612,59.24],[-138.6,59.752],[-138.692,59.888],[-139.06,60]]],[[[-130.96,55.584],[-131.28,55.964],[-131.672,55.84],[-131.812,55.476],[-131.66,55.344],[-131.192,55.184],[-131.064,55.26],[-130.96,55.584]]],[[[-132.548,56.304],[-132.68,56.228],[-132.304,55.916],[-132.092,56.108],[-132.548,56.304]]],[[[-131.976,54.832],[-131.996,55.268],[-132.4,55.516],[-132.348,55.644],[-132.736,55.996],[-133.064,56.052],[-133.184,56.332],[-133.588,56.352],[-133.612,56.212],[-133.284,56.168],[-133.236,55.9],[-133.384,55.708],[-133.064,55.624],[-133.212,55.28],[-132.96,55.276],[-132.608,55.12],[-132.58,54.956],[-132.264,54.844],[-131.976,54.832]]],[[[-132.96,56.788],[-132.792,56.496],[-132.532,56.6],[-132.816,56.796],[-132.96,56.788]]],[[[-133.884,56.492],[-133.704,56.604],[-133.8,56.776],[-134.176,56.924],[-134.408,56.844],[-134.356,56.676],[-134.068,56.476],[-133.884,56.492]]],[[[-133.912,57.084],[-133.696,56.832],[-133.66,56.464],[-133.148,56.464],[-132.932,56.64],[-132.992,56.808],[-132.98,56.936],[-133.912,57.084]]],[[[-134.62,56.744],[-134.808,57.18],[-134.996,57.396],[-135.38,57.552],[-135.672,57.348],[-135.312,57.048],[-135.368,56.828],[-135.156,56.744],[-135.052,56.536],[-134.748,56.216],[-134.628,56.26],[-134.62,56.744]]],[[[-152.16,57.628],[-152.468,57.656],[-152.488,57.912],[-153.204,57.948],[-153.192,57.804],[-153.924,57.812],[-153.752,57.56],[-154.24,57.672],[-154.616,57.528],[-154.812,57.348],[-154.536,57.176],[-154.528,56.992],[-153.964,56.748],[-153.56,56.988],[-153.252,57.236],[-152.692,57.284],[-152.592,57.452],[-152.332,57.444],[-152.16,57.628]]],[[[-135.848,57.396],[-135.548,57.468],[-135.628,57.708],[-135.056,57.468],[-134.812,57.496],[-134.944,57.808],[-134.924,58.028],[-135.812,58.276],[-135.984,58.168],[-136.404,58.132],[-136.396,57.884],[-135.848,57.396]]],[[[-134.352,57.092],[-133.864,57.356],[-133.936,57.62],[-134.312,57.98],[-134.188,58.168],[-134.692,58.168],[-134.796,58.112],[-134.652,57.6],[-134.464,57.396],[-134.624,57.112],[-134.352,57.092]]],[[[-151.968,58.332],[-152.476,58.36],[-153.04,58.304],[-153.228,58.168],[-152.804,57.992],[-151.968,58.332]]],[[[-147.108,60.288],[-147.704,59.996],[-147.492,59.94],[-147.108,60.288]]],[[[-167.856,53.392],[-168.2,53.54],[-168.76,53.188],[-168.488,53.044],[-168.288,53.244],[-167.856,53.392]]],[[[-166.296,53.728],[-166.456,53.896],[-166.752,54.016],[-167.164,53.856],[-166.948,53.716],[-167.16,53.476],[-166.656,53.504],[-166.296,53.728]]],[[[173.376,52.832],[173.128,52.996],[172.66,53.008],[172.64,52.868],[172.944,52.748],[173.376,52.832]]],[[[-163.072,54.688],[-163.372,54.792],[-163.572,55.056],[-163.916,55.036],[-164.312,54.892],[-164.548,54.884],[-164.7,54.68],[-164.96,54.584],[-164.844,54.424],[-164.404,54.436],[-164.132,54.624],[-163.624,54.612],[-163.072,54.688]]],[[[-165.584,59.952],[-165.684,60.3],[-166.184,60.404],[-166.46,60.388],[-166.872,60.212],[-167.288,60.24],[-167.188,60.028],[-166.612,59.856],[-166.244,59.808],[-165.584,59.952]]],[[[-168.74,63.28],[-169.548,63.364],[-170.04,63.532],[-170.296,63.696],[-170.936,63.572],[-171.504,63.652],[-171.852,63.52],[-171.44,63.32],[-170.856,63.46],[-170.444,63.36],[-169.716,63.024],[-169.288,63.192],[-168.812,63.172],[-168.74,63.28]]]]},"properties":{"id":"US-AK"}},
{"type":"Feature","geometry":{"type":"Polygon","coordinates":[[[-123.82,60],[-124.416,60.48],[-124.604,60.72],[-124.568,60.94],[-125.32,60.788],[-125.828,60.884],[-126.66,60.748],[-126.884,60.78],[-126.936,61.052],[-127.144,61.464],[-127.536,61.512],[-127.972,61.688],[-128.548,62.12],[-129.132,62.116],[-129.308,62.32],[-129.196,62.508],[-129.496,62.608],[-129.764,62.852],[-129.844,63.092],[-130.128,63.316],[-129.824,63.476],[-130.096,63.784],[-130.74,63.972],[-131.144,64.424],[-131.62,64.368],[-132.052,64.696],[-132.568,64.776],[-132.352,65.068],[-132.712,65.228],[-132.184,65.584],[-132.56,66.028],[-133.612,65.96],[-133.6,66.56],[-134.032,66.988],[-136.164,67.004],[-136.096,67.296],[-136.188,67.564],[-136.444,67.724],[-136.444,68.908],[-137.192,68.948],[-138.636,69.284],[-139.144,69.512],[-139.916,69.62],[-141.004,69.652],[-141.004,67.756],[-141.004,66.588],[-141.004,65.568],[-141.004,64.548],[-141.004,63.384],[-141,61.632],[-141,60.32],[-140.532,60.22],[-140.016,60.188],[-139.628,60.336],[-139.1,60.348],[-139.184,60.1],[-139.06,60],[-137.624,60],[-135.244,60],[-132.388,60],[-130.484,60],[-128.58,60],[-126.2,60],[-123.82,60]]]},"properties":{"id":"CA-YT"}},
{"type":"Feature","geometry":{"type":"MultiPolygon","coordinates":[[[[114.228,22.556],[114.084,22.528],[114.084,22.524],[113.94,22.428],[114.02,22.352],[114.112,22.356],[114.144,22.332],[114.16,22.324],[114.176,22.292],[114.212,22.312],[114.244,22.288],[114.368,22.448],[114.252,22.432],[114.204,22.424],[114.332,22.512],[114.228,22.556]]],[[[114.252,22.248],[114.18,22.28],[114.164,22.28],[114.112,22.272],[114.208,22.212],[114.252,22.248]]]]},"properties":{"id":"HK"}},
{"type":"Feature","geometry":{"type":"Polygon","coordinates":[[[109.748,21.576],[109.772,21.216],[109.672,21.124],[109.66,20.928],[109.772,20.82],[109.744,20.628],[110.016,20.42],[110.128,20.248],[110.4,20.3],[110.536,20.48],[110.336,20.724],[110.156,20.848],[110.156,20.988],[110.48,21.216],[110.636,21.232],[110.868,21.384],[111.208,21.532],[111.632,21.528],[111.992,21.764],[112.244,21.708],[112.444,21.828],[112.608,21.776],[112.828,21.968],[113.028,21.96],[113.232,22.044],[113.304,22.184],[113.588,22.236],[113.6,22.576],[113.368,22.88],[113.612,22.996],[113.892,22.452],[114.084,22.528],[114.228,22.556],[114.716,22.792],[114.864,22.6],[115.064,22.796],[115.244,22.836],[115.372,22.696],[115.584,22.88],[115.808,22.808],[116.172,22.864],[116.3,22.964],[116.496,22.94],[116.532,23.108],[116.732,23.256],[116.916,23.636],[117.176,23.616],[117.036,23.74],[116.924,24.076],[116.968,24.184],[116.748,24.552],[116.528,24.616],[116.372,24.84],[116.116,24.848],[115.888,24.916],[115.748,24.748],[115.704,24.544],[115.42,24.784],[115.048,24.708],[114.864,24.588],[114.74,24.624],[114.424,24.5],[114.192,24.696],[114.412,24.98],[114.728,25.12],[114.708,25.288],[114.428,25.384],[114.116,25.308],[113.928,25.448],[113.828,25.356],[113.584,25.324],[113.216,25.504],[112.916,25.324],[112.988,24.964],[112.808,24.944],[112.664,25.112],[112.212,25.2],[112.12,24.948],[112.144,24.792],[111.996,24.736],[111.932,24.6],[112.048,24.38],[111.868,24.232],[111.9,23.992],[111.656,23.84],[111.6,23.66],[111.472,23.612],[111.364,23.272],[111.412,23.052],[111.352,22.908],[111.024,22.64],[110.756,22.58],[110.644,22.184],[110.356,22.1],[110.356,21.888],[109.968,21.868],[109.916,21.688],[109.748,21.576]]]},"properties":{"id":"CN-GD"}},
{"type":"Feature","geometry":null,"properties":{"id":"VA"}},
{"type":"Feature","geometry":{"type":"Polygon","coordinates":[[[76.74,33.196],[76.56,33.232],[76.296,33.148],[75.972,32.912],[75.848,32.516],[75.912,32.432],[75.64,32.148],[75.88,31.972],[75.924,31.808],[76.16,31.34],[76.56,31.276],[76.644,31],[76.768,30.908],[76.904,30.9],[77.116,30.724],[77.148,30.54],[77.584,30.384],[77.812,30.52],[77.704,30.792],[77.808,31.052],[78.284,31.292],[78.792,31.208],[78.892,31.28],[78.74,31.336],[78.7,31.512],[78.82,31.608],[78.672,31.772],[78.744,31.964],[78.456,32.228],[78.38,32.528],[78.252,32.696],[78.008,32.612],[77.72,33.012],[77.348,32.868],[77.136,32.928],[76.74,33.196]]]},"properties":{"id":"IN-HP"}},
{"type":"Feature","geometry":{"type":"Polygon","coordinates":[[[33.908,35.068],[34.012,35.064],[33.9,35.164],[34.036,35.472],[33.428,35.328],[32.92,35.396],[32.928,35.232],[32.712,35.18],[32.856,35.08],[33.192,35.188],[33.4,35.196],[33.492,35.048],[33.68,35.032],[33.908,35.068]]]},"properties":{"id":"CYN"}},
{"type":"Feature","geometry":{"type":"Polygon","coordinates":[[[77.8,35.496],[77.412,35.468],[76.776,35.648],[77.048,35.112],[77.8,35.496]]]},"properties":{"id":"KAS"}},
{"type":"Feature","geometry":{"type":"Polygon","coordinates":[[[63.384,45.564],[63.868,45.748],[63.956,46.06],[63.756,46.296],[63.444,46.388],[63.212,46.372],[62.9,46.208],[62.812,45.896],[62.9,45.748],[63.384,45.564]]]},"properties":{"id":"KAB"}},
{"type":"Feature","geometry":{"type":"Polygon","coordinates":[[[33.016,34.636],[32.832,34.7],[32.76,34.652],[33.016,34.636]]]},"properties":{"id":"WSB"}},
{"type":"Feature","geometry":{"type":"Polygon","coordinates":[[[75.348,34.556],[75.224,34.64],[75.016,34.628],[74.284,34.768],[73.964,34.668],[73.776,34.372],[74,34.196],[73.944,34.008],[74.036,33.828],[73.976,33.648],[74.14,33.548],[74.004,33.176],[74.324,32.972],[74.316,32.824],[74.648,32.724],[74.724,32.46],[75.024,32.468],[75.3,32.332],[75.504,32.3],[75.848,32.516],[75.972,32.912],[76.296,33.148],[76.56,33.232],[76.74,33.196],[76.488,33.504],[76.248,33.576],[76.168,33.872],[75.88,33.964],[75.376,34.372],[75.348,34.556]]]},"properties":{"id":"IN-JK"}},
{"type":"Feature","geometry":{"type":"Polygon","coordinates":[[[33.628,46.124],[33.708,45.908],[32.936,45.664],[32.524,45.46],[32.512,45.34],[32.9,45.356],[33.26,45.156],[33.564,45.092],[33.572,44.852],[33.676,44.792],[33.728,44.396],[33.956,44.384],[34.34,44.56],[34.468,44.728],[35.004,44.836],[35.548,45.12],[35.848,44.992],[36.44,45.068],[36.416,45.228],[36.612,45.408],[36.3,45.472],[36.024,45.368],[35.792,45.412],[35.48,45.296],[35.332,45.372],[35,45.728],[34.788,45.804],[34.688,45.976],[33.848,46.196],[33.628,46.124]]]},"properties":{"id":"UA-43"}},
{"type":"Feature","geometry":{"type":"Polygon","coordinates":[[[88.088,26.54],[87.648,26.408],[87.328,26.352],[86.936,26.52],[86.712,26.416],[86.284,26.612],[86.148,26.6],[86.012,26.656],[85.82,26.572],[85.6,26.856],[85.356,26.76],[85.196,26.76],[84.8,27.012],[84.64,27.028],[84.576,27.328],[84.288,27.376],[84.08,27.508],[83.924,27.448],[83.852,27.348],[84.072,26.924],[84.248,26.756],[84.056,26.564],[84.188,26.292],[83.992,26.24],[84.26,25.932],[84.532,25.864],[84.24,25.648],[84.144,25.736],[83.904,25.528],[83.384,25.236],[83.36,24.864],[83.508,24.764],[83.524,24.528],[83.92,24.544],[84.312,24.452],[84.472,24.308],[84.8,24.496],[84.96,24.348],[85.28,24.488],[85.664,24.568],[85.748,24.772],[86.096,24.692],[86.156,24.556],[86.44,24.34],[86.584,24.56],[87.052,24.596],[87.116,24.972],[87.524,25.324],[87.784,25.216],[87.768,25.436],[88.044,25.548],[88.048,25.668],[87.804,25.872],[87.832,26.012],[88.296,26.336],[88.088,26.54]]]},"properties":{"id":"IN-BR"}},
{"type":"Feature","geometry":{"type":"Polygon","coordinates":[[[77.584,30.384],[77.572,30.28],[77.228,29.976],[77.064,29.568],[77.148,29.404],[77.14,29.132],[77.2,28.876],[77.328,28.52],[77.496,28.392],[77.528,27.976],[77.28,27.808],[77.344,27.54],[77.656,27.204],[77.512,27.108],[77.704,26.928],[78.2,26.824],[78.372,26.852],[78.692,26.796],[78.936,26.696],[79.06,26.356],[78.716,25.624],[78.372,25.552],[78.26,25.412],[78.368,25.188],[78.336,25.024],[78.168,24.864],[78.26,24.692],[78.228,24.532],[78.824,24.232],[78.956,24.392],[78.516,25.268],[78.596,25.416],[78.956,25.384],[78.884,25.264],[79.468,25.104],[80.284,25.416],[80.42,25.18],[80.58,25.148],[80.78,24.972],[81.184,24.972],[81.244,25.168],[81.536,25.2],[81.584,25.08],[81.816,25.036],[81.88,24.92],[82.424,24.648],[82.772,24.668],[82.768,24.388],[82.68,24.168],[82.8,24],[82.964,23.912],[83.208,23.944],[83.336,24.14],[83.524,24.528],[83.508,24.764],[83.36,24.864],[83.384,25.236],[83.904,25.528],[84.144,25.736],[84.24,25.648],[84.532,25.864],[84.26,25.932],[83.992,26.24],[84.188,26.292],[84.056,26.564],[84.248,26.756],[84.072,26.924],[83.852,27.348],[83.592,27.456],[83.132,27.444],[82.752,27.496],[82.672,27.696],[82.4,27.676],[82.052,27.904],[81.856,27.852],[81.308,28.124],[81.192,28.34],[81.048,28.388],[80.536,28.68],[80.348,28.62],[80.072,28.82],[80,28.736],[79.7,28.852],[79.444,28.848],[79.056,29.152],[78.952,29.128],[78.72,29.284],[78.908,29.388],[78.644,29.536],[78.38,29.76],[77.832,29.66],[77.748,29.976],[77.928,30.244],[77.584,30.384]]]},"properties":{"id":"IN-UP"}},
{"type":"Feature","geometry":{"type":"Polygon","coordinates":[[[-7.072,42.504],[-7.032,42.708],[-6.828,42.916],[-7.168,43.388],[-7.048,43.484],[-7.368,43.68],[-7.696,43.732],[-7.952,43.732],[-8.308,43.548],[-8.504,43.332],[-8.84,43.34],[-9.216,43.156],[-9.072,42.596],[-8.732,42.688],[-8.868,42.416],[-8.796,42.26],[-8.9,42.1],[-8.752,41.968],[-8.224,42.152],[-8.108,42.012],[-8.18,41.812],[-8.052,41.816],[-7.724,41.9],[-7.588,41.824],[-7.208,41.888],[-6.984,41.964],[-7.024,42.076],[-6.784,42.252],[-6.82,42.484],[-7.072,42.504]]]},"properties":{"id":"ES-GA"}},
{"type":"Feature","geometry":{"type":"Polygon","coordinates":[[[-8.752,41.968],[-8.868,41.86],[-8.82,41.616],[-8.18,41.812],[-8.108,42.012],[-8.224,42.152],[-8.752,41.968]]]},"properties":{"id":"PT-16"}},
{"type":"Feature","geometry":{"type":"Polygon","coordinates":[[[-7.556,39.676],[-7.036,39.688],[-6.88,40.008],[-7.016,40.12],[-6.944,40.256],[-7.32,40.284],[-7.784,40.232],[-7.74,40.096],[-8.128,39.92],[-8.28,39.796],[-8.22,39.648],[-7.804,39.556],[-7.556,39.676]]]},"properties":{"id":"PT-05"}},
{"type":"Feature","geometry":{"type":"Polygon","coordinates":[[[-6.876,40.28],[-6.816,40.648],[-6.928,41.048],[-7.3,41.16],[-7.412,40.872],[-7.58,40.856],[-7.576,40.572],[-7.824,40.496],[-7.784,40.232],[-7.32,40.284],[-6.944,40.256],[-6.876,40.28]]]},"properties":{"id":"PT-09"}},
{"type":"Feature","geometry":{"type":"Polygon","coordinates":[[[-6.984,41.964],[-6.524,41.868],[-6.556,41.676],[-6.204,41.572],[-6.484,41.304],[-6.648,41.268],[-6.928,41.048],[-6.816,40.648],[-6.876,40.28],[-6.584,40.272],[-6.208,40.476],[-6.08,40.348],[-5.728,40.292],[-5.328,40.116],[-4.988,40.116],[-4.816,40.228],[-4.572,40.212],[-4.16,40.688],[-3.936,40.928],[-3.544,41.16],[-3.2,41.3],[-2.592,41.22],[-2.468,41.088],[-2.052,41.152],[-2.1,41.444],[-1.808,41.672],[-1.856,41.956],[-2.112,41.964],[-2.136,42.1],[-2.512,42.104],[-2.572,42],[-2.912,42.024],[-3.12,42.196],[-3.016,42.64],[-2.836,42.644],[-3.28,42.888],[-3.14,43.164],[-3.424,43.14],[-3.648,43.176],[-3.952,43],[-3.816,42.812],[-4.084,42.764],[-4.256,42.956],[-4.464,43.052],[-4.728,43.016],[-4.832,43.188],[-5.844,42.972],[-6.08,43.064],[-6.364,43.052],[-6.564,42.916],[-6.828,42.916],[-7.032,42.708],[-7.072,42.504],[-6.82,42.484],[-6.784,42.252],[-7.024,42.076],[-6.984,41.964]]]},"properties":{"id":"ES-CL"}},
{"type":"Feature","geometry":{"type":"Polygon","coordinates":[[[-7.208,41.888],[-7.236,41.532],[-7.364,41.44],[-7.432,41.216],[-7.3,41.16],[-6.928,41.048],[-6.648,41.268],[-6.484,41.304],[-6.204,41.572],[-6.556,41.676],[-6.524,41.868],[-6.984,41.964],[-7.208,41.888]]]},"properties":{"id":"PT-04"}},
{"type":"Feature","geometry":{"type":"Polygon","coordinates":[[[-8.052,41.816],[-7.976,41.372],[-7.896,41.16],[-7.432,41.216],[-7.364,41.44],[-7.236,41.532],[-7.208,41.888],[-7.588,41.824],[-7.724,41.9],[-8.052,41.816]]]},"properties":{"id":"PT-17"}},
{"type":"Feature","geometry":{"type":"Polygon","coordinates":[[[-8.18,41.812],[-8.82,41.616],[-8.776,41.468],[-8.484,41.372],[-7.976,41.372],[-8.052,41.816],[-8.18,41.812]]]},"properties":{"id":"PT-03"}},
{"type":"Feature","geometry":{"type":"Polygon","coordinates":[[[-7.516,37.528],[-8.172,37.336],[-8.808,37.448],[-8.88,37.048],[-8.628,37.12],[-8.18,37.088],[-7.98,37],[-7.788,37.024],[-7.416,37.192],[-7.516,37.528]]]},"properties":{"id":"PT-08"}},
{"type":"Feature","geometry":{"type":"Polygon","coordinates":[[[-7.116,38.184],[-7.28,38.332],[-7.516,38.196],[-8.164,38.316],[-8.348,38.144],[-8.328,37.848],[-8.596,37.76],[-8.8,37.828],[-8.808,37.448],[-8.172,37.336],[-7.516,37.528],[-7.268,37.948],[-7.024,38.024],[-6.952,38.2],[-7.116,38.184]]]},"properties":{"id":"PT-02"}},
{"type":"Feature","geometry":{"type":"MultiPolygon","coordinates":[[[[-3.084,53.26],[-3.36,53.352],[-3.512,53.308],[-4,53.248],[-4.34,53.112],[-4.596,52.928],[-4.128,52.888],[-3.948,52.552],[-4.196,52.28],[-4.692,52.108],[-5.288,51.916],[-5.124,51.856],[-4.94,51.596],[-4.64,51.732],[-4.072,51.676],[-3.888,51.62],[-3.752,51.532],[-3.576,51.42],[-3.172,51.452],[-3.076,51.508],[-2.8,51.564],[-2.664,51.616],[-2.648,51.82],[-3.052,51.984],[-3.108,52.172],[-2.956,52.34],[-3.2,52.412],[-2.96,52.732],[-3.14,52.796],[-3.004,52.948],[-2.728,52.968],[-2.956,53.144],[-3.084,53.26]]],[[[-4.1,53.308],[-4.276,53.4],[-4.572,53.276],[-4.344,53.132],[-4.1,53.308]]]]},"properties":{"id":"GB-WLS"}},
{"type":"Feature","geometry":{"type":"Polygon","coordinates":[[[-2.664,51.616],[-2.536,51.672],[-2.68,51.532],[-2.728,51.496],[-2.992,51.32],[-3.056,51.208],[-3.712,51.24],[-4.152,51.212],[-4.236,51.056],[-4.548,50.924],[-4.552,50.808],[-4.792,50.596],[-5.436,50.196],[-5.212,49.968],[-5.02,50.192],[-4.752,50.332],[-4.252,50.356],[-4.204,50.452],[-4.188,50.424],[-4.116,50.348],[-3.644,50.228],[-3.52,50.376],[-3.504,50.508],[-3.26,50.676],[-2.944,50.724],[-1.984,50.596],[-2.028,50.724],[-1.896,50.716],[-1.796,50.724],[-1.672,50.74],[-1.448,50.912],[-1.32,50.856],[-1.088,50.848],[-0.996,50.848],[-0.928,50.84],[-0.812,50.736],[-0.208,50.832],[0.016,50.784],[0.868,50.924],[1.356,51.132],[1.424,51.392],[0.976,51.348],[0.672,51.392],[0.512,51.488],[0.384,51.452],[0.548,51.516],[0.648,51.536],[0.828,51.54],[1.288,51.86],[1.08,51.952],[1.332,51.94],[1.584,52.08],[1.748,52.532],[1.644,52.776],[1.276,52.928],[0.568,52.968],[0.28,52.804],[0.024,52.912],[0.328,53.088],[0.22,53.42],[0.02,53.524],[-0.2,53.628],[-0.308,53.716],[-0.7,53.692],[-0.448,53.716],[-0.296,53.74],[-0.044,53.624],[-0.2,54.152],[-0.564,54.476],[-0.78,54.556],[-1.192,54.62],[-1.244,54.724],[-1.34,54.872],[-1.36,54.916],[-1.412,55],[-1.456,55.068],[-1.632,55.584],[-2.024,55.804],[-2.28,55.588],[-2.184,55.464],[-2.684,55.192],[-2.852,55.112],[-3.052,54.98],[-3.388,54.884],[-3.636,54.512],[-3.24,54.112],[-2.836,54.168],[-3.016,53.932],[-3.02,53.744],[-2.948,53.708],[-3.048,53.48],[-2.876,53.332],[-2.812,53.32],[-2.776,53.3],[-2.928,53.304],[-3.096,53.288],[-3.084,53.26],[-2.956,53.144],[-2.728,52.968],[-3.004,52.948],[-3.14,52.796],[-2.96,52.732],[-3.2,52.412],[-2.956,52.34],[-3.108,52.172],[-3.052,51.984],[-2.648,51.82],[-2.664,51.616]]]},"properties":{"id":"GB-ENG"}},
{"type":"Feature","geometry":{"type":"MultiPolygon","coordinates":[[[[-2.024,55.804],[-2.36,55.952],[-2.804,56.064],[-3.06,55.948],[-3.08,55.948],[-3.448,55.996],[-3.504,56.004],[-3.74,56.052],[-3.836,56.108],[-3.748,56.072],[-3.18,56.06],[-2.964,56.204],[-2.576,56.284],[-2.884,56.456],[-3.264,56.352],[-3.056,56.452],[-2.82,56.472],[-2.532,56.58],[-2.436,56.74],[-2.22,56.872],[-2.064,57.1],[-2.044,57.228],[-1.76,57.472],[-1.828,57.612],[-2.108,57.704],[-2.82,57.704],[-3.284,57.72],[-3.756,57.628],[-4.032,57.952],[-3.22,58.304],[-3.088,58.416],[-3.204,58.66],[-4.384,58.524],[-4.988,58.628],[-5.052,58.452],[-5.312,58.244],[-5.292,57.98],[-5.488,57.856],[-5.808,57.844],[-5.808,57.356],[-5.6,57.28],[-5.832,56.996],[-5.736,56.896],[-6.004,56.62],[-5.668,56.5],[-5.304,56.64],[-5.6,56.26],[-5.524,56.164],[-5.696,55.916],[-5.58,55.756],[-5.72,55.564],[-5.64,55.304],[-5.316,55.784],[-5.312,56.012],[-4.592,55.94],[-4.488,55.924],[-4.628,55.928],[-4.888,55.864],[-4.92,55.708],[-4.668,55.564],[-5.032,54.992],[-4.86,54.868],[-3.964,54.772],[-3.584,54.968],[-3.052,54.98],[-2.852,55.112],[-2.684,55.192],[-2.184,55.464],[-2.28,55.588],[-2.024,55.804]]],[[[-6.032,55.728],[-6.12,55.928],[-6.408,55.864],[-6.216,55.628],[-6.032,55.728]]],[[[-5.688,56.436],[-5.952,56.524],[-6.328,56.276],[-5.72,56.352],[-5.688,56.436]]],[[[-6.564,57.348],[-6.32,57.16],[-6.024,57.196],[-6.152,57.588],[-6.316,57.7],[-6.708,57.512],[-6.564,57.348]]],[[[-6.956,57.744],[-6.352,58.04],[-6.344,58.464],[-7.128,58.124],[-6.956,57.744]]],[[[-1.096,60.416],[-1.668,60.24],[-1.264,60.116],[-1.096,60.416]]]]},"properties":{"id":"GB-SCT"}},
{"type":"Feature","geometry":{"type":"Polygon","coordinates":[[[4.48,50.796],[4.376,50.9],[4.284,50.84],[4.328,50.78],[4.48,50.796]]]},"properties":{"id":"BE-BRU"}},
{"type":"Feature","geometry":{"type":"Polygon","coordinates":[[[4.1,50.708],[4.748,50.808],[5.02,50.752],[5.1,50.708],[5.172,50.916],[4.98,51.036],[4.24,51.04],[3.896,50.736],[4.1,50.708]],[[4.48,50.796],[4.328,50.78],[4.284,50.84],[4.376,50.9],[4.48,50.796]]]},"properties":{"id":"BE-VBR"}},
{"type":"Feature","geometry":{"type":"Polygon","coordinates":[[[4.576,50.544],[4.984,50.644],[5.02,50.752],[4.748,50.808],[4.1,50.708],[4.304,50.568],[4.576,50.544]]]},"properties":{"id":"BE-WBR"}},
{"type":"Feature","geometry":{"type":"MultiPolygon","coordinates":[[[[-51.732,-82.064],[-53.224,-82.124],[-55.928,-82.484],[-57.7,-82.912],[-59.468,-83.46],[-60.448,-83.468],[-61.624,-83.312],[-60.98,-82.976],[-61.932,-82.972],[-62.796,-82.52],[-61.12,-82.344],[-62.472,-82.256],[-65.072,-82.408],[-66.064,-82.196],[-65.692,-81.712],[-62.208,-81.692],[-62.416,-81.556],[-65.176,-81.512],[-68.372,-81.112],[-69.976,-80.976],[-70.432,-80.656],[-71.28,-80.664],[-72.556,-80.8],[-72.768,-80.968],[-74.048,-80.804],[-74.84,-80.92],[-75.712,-80.64],[-75.58,-80.404],[-76.632,-79.94],[-75.924,-79.52],[-76.532,-79.312],[-80.428,-79.26],[-81.104,-79.204],[-83.252,-78.772],[-83.888,-78.42],[-83.676,-78.012],[-82.488,-78.464],[-80.296,-78.848],[-77.756,-78.736],[-77.36,-78.624],[-77.412,-78.42],[-81.616,-77.864],[-80.764,-77.788],[-77.684,-77.928],[-75.216,-78.144],[-74.268,-78.128],[-73.628,-78.024],[-72.724,-77.576],[-75.08,-77.436],[-75.528,-77.54],[-77.524,-76.728],[-76.5,-76.524],[-75.896,-76.62],[-75.212,-76.564],[-73.936,-76.652],[-72.408,-76.688],[-71.708,-76.764],[-70.332,-76.676],[-70.18,-76.452],[-69.476,-76.34],[-68.02,-76.22],[-68.104,-76.148],[-66.22,-76.012],[-63.16,-75.408],[-64.272,-75.24],[-63.04,-75.148],[-63.572,-74.872],[-63.292,-74.72],[-62.672,-74.704],[-62.592,-74.952],[-62.132,-74.952],[-61.544,-74.544],[-61.068,-74.52],[-60.68,-74.324],[-61.056,-74.104],[-60.8,-73.576],[-61.712,-73.46],[-61.168,-73.32],[-60.704,-73.392],[-60.092,-73.3],[-60.248,-73.032],[-60.624,-72.944],[-60.52,-72.684],[-61.04,-72.7],[-61.364,-72.464],[-60.644,-72.428],[-60.66,-72.256],[-61.428,-72.064],[-61.496,-71.856],[-60.772,-71.76],[-61.12,-71.54],[-60.936,-71.184],[-61.332,-71.04],[-61.26,-70.896],[-62.004,-70.792],[-61.356,-70.56],[-62.38,-70.412],[-62.008,-70.076],[-62.528,-69.864],[-62.396,-69.516],[-62.964,-69.38],[-63.32,-69.052],[-63.212,-68.84],[-63.812,-68.716],[-64.36,-68.784],[-65.34,-68.564],[-64.976,-68.408],[-65.48,-68.308],[-64.988,-68.088],[-65.672,-67.888],[-65.588,-67.556],[-65.328,-67.4],[-64.748,-67.308],[-64.968,-67.032],[-64.772,-66.844],[-63.832,-66.916],[-63.936,-66.704],[-63.756,-66.216],[-63.236,-66.24],[-62.904,-66.476],[-62.552,-66.412],[-62.668,-66.228],[-62.22,-66.176],[-61.684,-66.316],[-61.024,-66.132],[-60.576,-65.94],[-61.244,-65.912],[-61.34,-66.088],[-62.024,-66.112],[-62.372,-65.916],[-61.96,-65.492],[-62.2,-65.304],[-61.74,-65.088],[-61.052,-65.012],[-60.636,-64.696],[-60.236,-64.52],[-59.416,-64.332],[-58.992,-64.444],[-58.768,-64.284],[-58.732,-64.032],[-58.076,-63.664],[-57.752,-63.656],[-57.128,-63.504],[-57.104,-63.24],[-57.88,-63.316],[-58.132,-63.444],[-58.9,-63.54],[-58.92,-63.652],[-59.488,-63.88],[-59.912,-63.848],[-60.876,-64.048],[-61.112,-64.38],[-61.584,-64.444],[-61.916,-64.576],[-62.14,-64.784],[-62.52,-64.732],[-62.896,-64.932],[-63.232,-64.964],[-63.084,-65.168],[-63.828,-65.032],[-64.108,-65.268],[-63.684,-65.524],[-64.144,-65.624],[-64.688,-66.04],[-65.26,-65.956],[-65.64,-66.216],[-65.8,-66.716],[-66.292,-66.584],[-66.44,-66.844],[-67.54,-67.14],[-67.472,-67.548],[-66.992,-67.468],[-66.632,-67.544],[-67.016,-67.74],[-66.872,-67.92],[-67.268,-67.968],[-66.944,-68.224],[-67.016,-68.784],[-66.76,-69.072],[-67.008,-69.264],[-67.528,-69.432],[-67.952,-69.376],[-68.824,-69.432],[-68.36,-69.684],[-68.484,-70.052],[-67.948,-70.312],[-67.412,-70.992],[-67.624,-71.432],[-66.8,-71.956],[-66.748,-72.092],[-67.512,-72.836],[-68.668,-73.088],[-70.292,-73.292],[-70.884,-73.256],[-71.424,-73.352],[-73.072,-73.444],[-74.104,-73.716],[-75.268,-73.62],[-76.276,-73.82],[-77.244,-73.812],[-76.7,-73.548],[-77.532,-73.468],[-78.872,-73.584],[-78.744,-73.364],[-79.648,-73.04],[-80.376,-72.948],[-80.436,-73.188],[-81.312,-73.272],[-81.232,-73.732],[-82.064,-73.888],[-82.932,-73.712],[-83.88,-73.668],[-85.1,-73.488],[-85.544,-73.372],[-85.68,-73.176],[-86.948,-73.384],[-87.504,-73.2],[-88.444,-73.264],[-88.716,-73.12],[-88.108,-72.844],[-88.224,-72.712],[-89.112,-72.764],[-89.284,-73.108],[-90.208,-73.148],[-90.536,-73.28],[-91.116,-73.3],[-91.952,-73.184],[-92.8,-73.144],[-93.572,-73.176],[-94.336,-73.32],[-95.192,-73.208],[-95.844,-73.332],[-96.476,-73.3],[-97.716,-73.024],[-99.684,-73.016],[-100.376,-73.064],[-100.764,-72.976],[-101.96,-73.056],[-102.092,-72.772],[-103.04,-72.708],[-103.428,-72.848],[-103.288,-73.16],[-102.872,-73.308],[-101.856,-73.304],[-99.768,-73.364],[-99.484,-73.548],[-99.868,-73.732],[-101.164,-73.772],[-101.384,-73.668],[-102.888,-73.584],[-102.924,-73.856],[-101.588,-74],[-101.308,-74.308],[-101.396,-74.504],[-100.928,-74.552],[-100.132,-74.472],[-100.084,-74.848],[-99.324,-74.964],[-99.432,-75.304],[-100.136,-75.384],[-101.656,-75.304],[-101.564,-75.148],[-103.296,-75.084],[-103.812,-75.152],[-105.14,-75.18],[-106.448,-75.316],[-107.868,-75.324],[-108.104,-75.256],[-109.692,-75.148],[-111.48,-75.196],[-111.528,-75.108],[-110.676,-74.828],[-110.296,-74.78],[-110.104,-74.548],[-110.448,-74.272],[-111.232,-74.196],[-111.888,-74.228],[-111.696,-74.424],[-111.916,-74.62],[-111.544,-74.8],[-112.916,-74.872],[-113.788,-74.976],[-113.968,-74.884],[-113.648,-74.588],[-113.884,-74.236],[-113.612,-74.024],[-114.212,-73.864],[-114.732,-73.928],[-115.124,-74.096],[-114.84,-74.472],[-116.692,-74.556],[-117.664,-74.504],[-118.124,-74.312],[-118.976,-74.404],[-119.136,-74.6],[-120.828,-74.74],[-122.2,-74.752],[-124.052,-74.812],[-124.364,-74.708],[-125.74,-74.704],[-126.112,-74.76],[-126.94,-74.676],[-128.472,-74.764],[-129.976,-74.912],[-131.012,-74.816],[-132.792,-74.768],[-133.864,-74.928],[-135.344,-74.56],[-136.884,-74.828],[-136.876,-75.04],[-137.476,-75.088],[-139.568,-75.148],[-140.276,-75.432],[-141.24,-75.6],[-142.468,-75.432],[-142.68,-75.56],[-143.392,-75.54],[-144.308,-75.644],[-144.16,-75.804],[-145.18,-75.908],[-146.208,-75.916],[-146.5,-76.088],[-145.54,-76.316],[-146.252,-76.424],[-147.164,-76.232],[-148.196,-76.088],[-148.54,-76.228],[-149.484,-76.292],[-149.64,-76.428],[-148.452,-76.508],[-147.08,-76.432],[-146.62,-76.532],[-145.592,-76.916],[-145.276,-77.22],[-145.964,-77.256],[-145.408,-77.48],[-146.396,-77.496],[-146.888,-77.256],[-147.848,-77.264],[-148.512,-77.108],[-149.02,-77.336],[-147.76,-77.46],[-148.8,-77.584],[-148.672,-77.676],[-149.976,-77.816],[-151.516,-77.416],[-152.484,-77.32],[-153.248,-77.448],[-153.536,-77.256],[-154.896,-77.104],[-155.476,-77.168],[-156.324,-77.068],[-157.084,-77.352],[-157.924,-77.056],[-158.312,-77.132],[-158.14,-77.428],[-158.636,-77.864],[-157.2,-78.252],[-156.348,-78.2],[-154.136,-78.248],[-154.732,-78.456],[-156.052,-78.496],[-156.528,-78.664],[-154.968,-79.036],[-153.08,-79.14],[-150.448,-79.56],[-149.092,-79.632],[-147.944,-79.788],[-148.52,-79.888],[-148.836,-80.132],[-150.368,-80.076],[-150.608,-80.268],[-149.664,-80.528],[-149.02,-80.592],[-147.628,-80.92],[-152.528,-81.048],[-156.452,-81.148],[-157.056,-81.352],[-154.996,-81.488],[-153.792,-81.692],[-154.804,-81.964],[-152.896,-82.376],[-152.544,-82.548],[-155.06,-82.8],[-155.592,-83.048],[-157.556,-83.392],[-162.168,-83.524],[-162.868,-83.32],[-164.168,-83.396],[-165.088,-83.204],[-168.084,-83.256],[-170.72,-83.196],[-171.408,-82.952],[-172.512,-82.868],[-174.028,-82.916],[-169.432,-83.408],[-168.052,-83.752],[-165.42,-83.768],[-163.704,-84.048],[-165.156,-84.136],[-165.408,-84.364],[-163.864,-84.548],[-155.644,-84.828],[-156.94,-85.008],[-156.008,-85.22],[-162.848,-84.884],[-168.02,-84.78],[-168.256,-84.648],[-175.18,-84.416],[-176,-84.488],[-178.296,-84.308],[-179.968,-84.356],[-180,-84.352],[-180,-84.516],[-180,-85.012],[-180,-85.512],[-180,-86.012],[-180,-86.508],[-180,-87.008],[-180,-87.508],[-180,-88.004],[-180,-88.504],[-180,-89.004],[-180,-89.5],[-180,-90],[-179.5,-90],[-179,-90],[-178.504,-90],[-178.004,-90],[-177.504,-90],[-177.004,-90],[-176.504,-90],[-176.004,-90],[-175.508,-90],[-175.008,-90],[-174.508,-90],[-174.008,-90],[-173.508,-90],[-173.008,-90],[-172.512,-90],[-172.012,-90],[-171.512,-90],[-171.012,-90],[-170.512,-90],[-170.012,-90],[-169.516,-90],[-169.016,-90],[-168.516,-90],[-168.016,-90],[-167.516,-90],[-167.02,-90],[-166.52,-90],[-166.02,-90],[-165.52,-90],[-165.02,-90],[-164.52,-90],[-164.024,-90],[-163.524,-90],[-163.024,-90],[-162.524,-90],[-162.024,-90],[-161.524,-90],[-161.028,-90],[-160.528,-90],[-160.028,-90],[-159.528,-90],[-159.028,-90],[-158.528,-90],[-158.032,-90],[-157.532,-90],[-157.032,-90],[-156.532,-90],[-156.032,-90],[-155.532,-90],[-155.036,-90],[-154.536,-90],[-154.036,-90],[-153.536,-90],[-153.036,-90],[-152.54,-90],[-152.04,-90],[-151.54,-90],[-151.04,-90],[-150.54,-90],[-150.04,-90],[-149.544,-90],[-149.044,-90],[-148.544,-90],[-148.044,-90],[-147.544,-90],[-147.044,-90],[-146.548,-90],[-146.048,-90],[-145.548,-90],[-145.048,-90],[-144.548,-90],[-144.048,-90],[-143.552,-90],[-143.052,-90],[-142.552,-90],[-142.052,-90],[-141.552,-90],[-141.056,-90],[-140.556,-90],[-140.056,-90],[-139.556,-90],[-139.056,-90],[-138.556,-90],[-138.06,-90],[-137.56,-90],[-137.06,-90],[-136.56,-90],[-136.06,-90],[-135.56,-90],[-135.064,-90],[-134.564,-90],[-134.064,-90],[-133.564,-90],[-133.064,-90],[-132.564,-90],[-132.068,-90],[-131.568,-90],[-131.068,-90],[-130.568,-90],[-130.068,-90],[-129.572,-90],[-129.072,-90],[-128.572,-90],[-128.072,-90],[-127.572,-90],[-127.072,-90],[-126.576,-90],[-126.076,-90],[-125.576,-90],[-125.076,-90],[-124.576,-90],[-124.076,-90],[-123.58,-90],[-123.08,-90],[-122.58,-90],[-122.08,-90],[-121.58,-90],[-121.08,-90],[-120.584,-90],[-120.084,-90],[-119.584,-90],[-119.084,-90],[-118.584,-90],[-118.084,-90],[-117.588,-90],[-117.088,-90],[-116.588,-90],[-116.088,-90],[-115.588,-90],[-115.092,-90],[-114.592,-90],[-114.092,-90],[-113.592,-90],[-113.092,-90],[-112.592,-90],[-112.096,-90],[-111.596,-90],[-111.096,-90],[-110.596,-90],[-110.096,-90],[-109.596,-90],[-109.1,-90],[-108.6,-90],[-108.1,-90],[-107.6,-90],[-107.1,-90],[-106.6,-90],[-106.104,-90],[-105.604,-90],[-105.104,-90],[-104.604,-90],[-104.104,-90],[-103.608,-90],[-103.108,-90],[-102.608,-90],[-102.108,-90],[-101.608,-90],[-101.108,-90],[-100.612,-90],[-100.112,-90],[-99.612,-90],[-99.112,-90],[-98.612,-90],[-98.112,-90],[-97.616,-90],[-97.116,-90],[-96.616,-90],[-96.116,-90],[-95.616,-90],[-95.116,-90],[-94.62,-90],[-94.12,-90],[-93.62,-90],[-93.12,-90],[-92.62,-90],[-92.124,-90],[-91.624,-90],[-91.124,-90],[-90.624,-90],[-90.124,-90],[-89.624,-90],[-89.128,-90],[-88.628,-90],[-88.128,-90],[-87.628,-90],[-87.128,-90],[-86.628,-90],[-86.132,-90],[-85.632,-90],[-85.132,-90],[-84.632,-90],[-84.132,-90],[-83.632,-90],[-83.136,-90],[-82.636,-90],[-82.136,-90],[-81.636,-90],[-81.136,-90],[-80.64,-90],[-80.14,-90],[-79.64,-90],[-79.14,-90],[-78.64,-90],[-78.14,-90],[-77.644,-90],[-77.144,-90],[-76.644,-90],[-76.144,-90],[-75.644,-90],[-75.144,-90],[-74.648,-90],[-74.148,-90],[-73.648,-90],[-73.148,-90],[-72.648,-90],[-72.148,-90],[-71.652,-90],[-71.152,-90],[-70.652,-90],[-70.152,-90],[-69.652,-90],[-69.152,-90],[-68.656,-90],[-68.156,-90],[-67.656,-90],[-67.156,-90],[-66.656,-90],[-66.16,-90],[-65.66,-90],[-65.16,-90],[-64.66,-90],[-64.16,-90],[-63.66,-90],[-63.164,-90],[-62.664,-90],[-62.164,-90],[-61.664,-90],[-61.164,-90],[-60.664,-90],[-60.168,-90],[-59.668,-90],[-59.168,-90],[-58.668,-90],[-58.168,-90],[-57.668,-90],[-57.172,-90],[-56.672,-90],[-56.172,-90],[-55.672,-90],[-55.172,-90],[-54.676,-90],[-54.176,-90],[-53.676,-90],[-53.176,-90],[-52.676,-90],[-52.176,-90],[-51.68,-90],[-51.18,-90],[-50.68,-90],[-50.18,-90],[-49.68,-90],[-49.18,-90],[-48.684,-90],[-48.184,-90],[-47.684,-90],[-47.184,-90],[-46.684,-90],[-46.184,-90],[-45.688,-90],[-45.188,-90],[-44.688,-90],[-44.188,-90],[-43.688,-90],[-43.192,-90],[-42.692,-90],[-42.192,-90],[-41.692,-90],[-41.192,-90],[-40.692,-90],[-40.196,-90],[-39.696,-90],[-39.196,-90],[-38.696,-90],[-38.196,-90],[-37.696,-90],[-37.2,-90],[-36.7,-90],[-36.2,-90],[-35.7,-90],[-35.2,-90],[-34.7,-90],[-34.204,-90],[-33.704,-90],[-33.204,-90],[-32.704,-90],[-32.204,-90],[-31.704,-90],[-31.208,-90],[-30.708,-90],[-30.208,-90],[-29.708,-90],[-29.208,-90],[-28.712,-90],[-28.212,-90],[-27.712,-90],[-27.212,-90],[-26.712,-90],[-26.212,-90],[-25.716,-90],[-25.216,-90],[-24.716,-90],[-24.216,-90],[-23.716,-90],[-23.216,-90],[-22.72,-90],[-22.22,-90],[-21.72,-90],[-21.22,-90],[-20.72,-90],[-20.22,-90],[-19.724,-90],[-19.224,-90],[-18.724,-90],[-18.224,-90],[-17.724,-90],[-17.228,-90],[-16.728,-90],[-16.228,-90],[-15.728,-90],[-15.228,-90],[-14.728,-90],[-14.232,-90],[-13.732,-90],[-13.232,-90],[-12.732,-90],[-12.232,-90],[-11.732,-90],[-11.236,-90],[-10.736,-90],[-10.236,-90],[-9.736,-90],[-9.236,-90],[-8.736,-90],[-8.24,-90],[-7.74,-90],[-7.24,-90],[-6.74,-90],[-6.24,-90],[-5.744,-90],[-5.244,-90],[-4.744,-90],[-4.244,-90],[-3.744,-90],[-3.244,-90],[-2.748,-90],[-2.248,-90],[-1.748,-90],[-1.248,-90],[-0.748,-90],[-0.248,-90],[0.248,-90],[0.748,-90],[1.248,-90],[1.748,-90],[2.248,-90],[2.748,-90],[3.244,-90],[3.744,-90],[4.244,-90],[4.744,-90],[5.244,-90],[5.744,-90],[6.24,-90],[6.74,-90],[7.24,-90],[7.74,-90],[8.24,-90],[8.736,-90],[9.236,-90],[9.736,-90],[10.236,-90],[10.736,-90],[11.236,-90],[11.732,-90],[12.232,-90],[12.732,-90],[13.232,-90],[13.732,-90],[14.232,-90],[14.728,-90],[15.228,-90],[15.728,-90],[16.228,-90],[16.728,-90],[17.228,-90],[17.724,-90],[18.224,-90],[18.724,-90],[19.224,-90],[19.724,-90],[20.22,-90],[20.72,-90],[21.22,-90],[21.72,-90],[22.22,-90],[22.72,-90],[23.216,-90],[23.716,-90],[24.216,-90],[24.716,-90],[25.216,-90],[25.716,-90],[26.212,-90],[26.712,-90],[27.212,-90],[27.712,-90],[28.212,-90],[28.712,-90],[29.208,-90],[29.708,-90],[30.208,-90],[30.708,-90],[31.208,-90],[31.704,-90],[32.204,-90],[32.704,-90],[33.204,-90],[33.704,-90],[34.204,-90],[34.7,-90],[35.2,-90],[35.7,-90],[36.2,-90],[36.7,-90],[37.2,-90],[37.696,-90],[38.196,-90],[38.696,-90],[39.196,-90],[39.696,-90],[40.196,-90],[40.692,-90],[41.192,-90],[41.692,-90],[42.192,-90],[42.692,-90],[43.192,-90],[43.688,-90],[44.188,-90],[44.688,-90],[45.188,-90],[45.688,-90],[46.184,-90],[46.684,-90],[47.184,-90],[47.684,-90],[48.184,-90],[48.684,-90],[49.18,-90],[49.68,-90],[50.18,-90],[50.68,-90],[51.18,-90],[51.68,-90],[52.176,-90],[52.676,-90],[53.176,-90],[53.676,-90],[54.176,-90],[54.676,-90],[55.172,-90],[55.672,-90],[56.172,-90],[56.672,-90],[57.172,-90],[57.668,-90],[58.168,-90],[58.668,-90],[59.168,-90],[59.668,-90],[60.168,-90],[60.664,-90],[61.164,-90],[61.664,-90],[62.164,-90],[62.664,-90],[63.164,-90],[63.66,-90],[64.16,-90],[64.66,-90],[65.16,-90],[65.66,-90],[66.16,-90],[66.656,-90],[67.156,-90],[67.656,-90],[68.156,-90],[68.656,-90],[69.152,-90],[69.652,-90],[70.152,-90],[70.652,-90],[71.152,-90],[71.652,-90],[72.148,-90],[72.648,-90],[73.148,-90],[73.648,-90],[74.148,-90],[74.648,-90],[75.144,-90],[75.644,-90],[76.144,-90],[76.644,-90],[77.144,-90],[77.644,-90],[78.14,-90],[78.64,-90],[79.14,-90],[79.64,-90],[80.14,-90],[80.64,-90],[81.136,-90],[81.636,-90],[82.136,-90],[82.636,-90],[83.136,-90],[83.632,-90],[84.132,-90],[84.632,-90],[85.132,-90],[85.632,-90],[86.132,-90],[86.628,-90],[87.128,-90],[87.628,-90],[88.128,-90],[88.628,-90],[89.128,-90],[89.624,-90],[90.124,-90],[90.624,-90],[91.124,-90],[91.624,-90],[92.124,-90],[92.62,-90],[93.12,-90],[93.62,-90],[94.12,-90],[94.62,-90],[95.116,-90],[95.616,-90],[96.116,-90],[96.616,-90],[97.116,-90],[97.616,-90],[98.112,-90],[98.612,-90],[99.112,-90],[99.612,-90],[100.112,-90],[100.612,-90],[101.108,-90],[101.608,-90],[102.108,-90],[102.608,-90],[103.108,-90],[103.608,-90],[104.104,-90],[104.604,-90],[105.104,-90],[105.604,-90],[106.104,-90],[106.6,-90],[107.1,-90],[107.6,-90],[108.1,-90],[108.6,-90],[109.1,-90],[109.596,-90],[110.096,-90],[110.596,-90],[111.096,-90],[111.596,-90],[112.096,-90],[112.592,-90],[113.092,-90],[113.592,-90],[114.092,-90],[114.592,-90],[115.092,-90],[115.588,-90],[116.088,-90],[116.588,-90],[117.088,-90],[117.588,-90],[118.084,-90],[118.584,-90],[119.084,-90],[119.584,-90],[120.084,-90],[120.584,-90],[121.08,-90],[121.58,-90],[122.08,-90],[122.58,-90],[123.08,-90],[123.58,-90],[124.076,-90],[124.576,-90],[125.076,-90],[125.576,-90],[126.076,-90],[126.576,-90],[127.072,-90],[127.572,-90],[128.072,-90],[128.572,-90],[129.072,-90],[129.572,-90],[130.068,-90],[130.568,-90],[131.068,-90],[131.568,-90],[132.068,-90],[132.564,-90],[133.064,-90],[133.564,-90],[134.064,-90],[134.564,-90],[135.064,-90],[135.56,-90],[136.06,-90],[136.56,-90],[137.06,-90],[137.56,-90],[138.06,-90],[138.556,-90],[139.056,-90],[139.556,-90],[140.056,-90],[140.556,-90],[141.056,-90],[141.552,-90],[142.052,-90],[142.552,-90],[143.052,-90],[143.552,-90],[144.048,-90],[144.548,-90],[145.048,-90],[145.548,-90],[146.048,-90],[146.548,-90],[147.044,-90],[147.544,-90],[148.044,-90],[148.544,-90],[149.044,-90],[149.544,-90],[150.04,-90],[150.54,-90],[151.04,-90],[151.54,-90],[152.04,-90],[152.54,-90],[153.036,-90],[153.536,-90],[154.036,-90],[154.536,-90],[155.036,-90],[155.532,-90],[156.032,-90],[156.532,-90],[157.032,-90],[157.532,-90],[158.032,-90],[158.528,-90],[159.028,-90],[159.528,-90],[160.028,-90],[160.528,-90],[161.028,-90],[161.524,-90],[162.024,-90],[162.524,-90],[163.024,-90],[163.524,-90],[164.024,-90],[164.52,-90],[165.02,-90],[165.52,-90],[166.02,-90],[166.52,-90],[167.02,-90],[167.516,-90],[168.016,-90],[168.516,-90],[169.016,-90],[169.516,-90],[170.012,-90],[170.512,-90],[171.012,-90],[171.512,-90],[172.012,-90],[172.512,-90],[173.008,-90],[173.508,-90],[174.008,-90],[174.508,-90],[175.008,-90],[175.508,-90],[176.004,-90],[176.504,-90],[177.004,-90],[177.504,-90],[178.004,-90],[178.504,-90],[179,-90],[179.5,-90],[180,-90],[180,-89.5],[180,-89.004],[180,-88.504],[180,-88.004],[180,-87.508],[180,-87.008],[180,-86.508],[180,-86.012],[180,-85.512],[180,-85.012],[180,-84.516],[180,-84.352],[179.356,-84.196],[175.676,-83.96],[173.964,-83.88],[171.192,-83.444],[167.748,-83.256],[168.764,-83.192],[168.592,-83],[167.424,-83.028],[167.308,-82.816],[164.672,-82.34],[163.32,-82.484],[160.856,-82.5],[160.64,-82.424],[163.84,-82.232],[162.392,-81.8],[162.48,-81.688],[161.012,-81.548],[161.456,-81.424],[160.92,-81.272],[160.908,-80.992],[160.16,-80.78],[161.2,-80.648],[160.612,-80.548],[160.752,-80.38],[158.588,-80.476],[158.784,-80.26],[160.852,-79.956],[160.328,-79.86],[160.76,-79.652],[160.388,-79.168],[161.132,-79.048],[162.064,-79.068],[161.756,-78.84],[162.124,-78.76],[163.852,-78.736],[164.408,-78.604],[166.088,-78.568],[166.548,-78.712],[167.216,-78.6],[165.788,-78.42],[165.684,-78.26],[164.532,-78.316],[164.208,-78.224],[164.5,-77.852],[163.908,-77.696],[163.716,-77.396],[163.068,-77.02],[162.468,-77.016],[162.932,-76.708],[162.424,-76.64],[162.884,-76.44],[162.736,-76.072],[162.9,-75.824],[162.2,-75.636],[162.192,-75.388],[161.088,-75.384],[161.776,-75.188],[162.544,-75.24],[162.788,-74.992],[162.592,-74.752],[163.012,-74.7],[163.468,-74.34],[163.788,-74.624],[165.288,-74.464],[164.592,-73.928],[165.26,-73.892],[166.296,-73.724],[165.872,-73.564],[167.032,-73.568],[167.364,-73.396],[167.172,-73.152],[169.22,-73.132],[169.932,-72.736],[168.868,-72.576],[169.128,-72.484],[170.256,-72.604],[170.284,-72.328],[170.016,-72.172],[170.256,-71.952],[170.772,-71.952],[170.812,-71.7],[170.36,-71.544],[169.792,-71.52],[167.876,-71.016],[167.832,-70.86],[167.416,-70.76],[166.472,-70.768],[165.312,-70.56],[164.24,-70.492],[164.2,-70.64],[163.424,-70.652],[162.92,-70.504],[162.596,-70.268],[162.096,-70.316],[161.992,-70.924],[161.416,-70.904],[161.188,-70.412],[160.636,-70.048],[159.76,-69.884],[160.336,-69.796],[159.752,-69.5],[158.796,-69.316],[158.448,-69.328],[157.992,-69.172],[157.14,-69.16],[156.352,-69.2],[155.888,-68.984],[155.012,-68.9],[154.72,-68.528],[153.836,-68.272],[153.7,-68.544],[153.844,-68.76],[153.252,-68.88],[152.404,-68.7],[151.616,-68.7],[151.568,-68.916],[150.972,-68.716],[151.096,-68.408],[150.376,-68.44],[149.392,-68.384],[148.436,-68.472],[147.628,-68.356],[147.264,-68.408],[146.72,-68.304],[147.072,-68.116],[146.384,-67.916],[146.048,-67.588],[145.24,-67.528],[144.944,-67.72],[143.88,-67.932],[143.908,-67.756],[144.192,-67.58],[144.664,-67.116],[144.512,-67.016],[143.856,-67.096],[143.876,-66.94],[143.472,-66.844],[142.824,-67.02],[142.476,-67.024],[141.98,-66.8],[140.08,-66.732],[139.252,-66.568],[138.732,-66.568],[138.02,-66.488],[137.732,-66.376],[136.944,-66.328],[136.636,-66.456],[136.16,-66.244],[134.74,-66.368],[134.26,-66.28],[133.792,-66.104],[133.12,-66.096],[131.756,-66.244],[130.728,-66.148],[130.104,-66.276],[129.532,-66.616],[129.436,-66.968],[129.204,-67.1],[128.764,-67.024],[128.52,-67.144],[127.836,-67.02],[127.432,-67.072],[127,-66.932],[126.72,-66.592],[126.856,-66.448],[126.116,-66.44],[125.896,-66.308],[125.412,-66.416],[125.148,-66.66],[124.624,-66.756],[124.26,-66.596],[122.244,-66.844],[121.516,-67.092],[120.92,-67.132],[120.5,-67.232],[119.024,-67.412],[118.368,-67.048],[117.588,-67.116],[116.5,-67.124],[115.336,-67.22],[115.212,-67.324],[114.672,-67.344],[114.032,-67.48],[113.868,-67.364],[114.032,-67.192],[115.16,-67.052],[115.78,-66.788],[115.6,-66.592],[115.112,-66.48],[114.676,-66.48],[114.408,-66.236],[113.776,-65.948],[113.204,-65.764],[110.928,-66.056],[110.488,-66.308],[110.724,-66.404],[110.444,-66.66],[109.848,-66.856],[108.832,-66.968],[108.136,-66.624],[107.116,-66.464],[106.768,-66.456],[103.908,-65.98],[103.56,-66.004],[102.712,-65.86],[102.336,-65.952],[101.336,-65.944],[101.332,-66.084],[100.82,-66.384],[99.924,-66.5],[98.904,-66.784],[98.528,-66.448],[98.248,-66.448],[97.472,-66.632],[97.236,-66.508],[95.636,-66.68],[94.916,-66.476],[93.996,-66.732],[93.624,-66.584],[92.76,-66.632],[91.96,-66.5],[91.144,-66.572],[90.372,-66.82],[89.656,-66.84],[88.744,-66.784],[88.232,-66.852],[87.964,-66.772],[87.108,-66.932],[86.696,-67.064],[86.068,-67.04],[85.616,-67.188],[84.964,-67.076],[84.416,-67.124],[83.724,-67.312],[83.216,-67.58],[82.06,-67.672],[79.132,-68.148],[78.748,-68.264],[78.464,-68.5],[78.668,-68.7],[77.984,-68.82],[77.84,-69.132],[77,-69.212],[76.828,-69.352],[75.82,-69.524],[75.884,-69.78],[75.216,-69.868],[74.276,-69.908],[74.22,-69.732],[73.472,-69.78],[73.232,-69.98],[72.628,-70.196],[72.868,-70.432],[71.796,-70.716],[71.204,-71.336],[71.12,-71.732],[70.688,-71.832],[70.532,-72.048],[69.948,-72.08],[69.516,-72.432],[68.496,-72.476],[67.92,-72.712],[68.116,-72.952],[67.96,-73.148],[67.34,-73.304],[66.384,-73.2],[67,-72.904],[67.448,-71.896],[67.884,-71.664],[67.832,-71.54],[68.34,-71.256],[68.668,-71.204],[69.212,-70.672],[69.248,-70.408],[68.748,-70.336],[68.076,-70.452],[67.468,-70.208],[67.604,-70.016],[68.272,-69.836],[68.608,-70.028],[69.156,-69.876],[69.356,-69.616],[68.744,-69.388],[68.972,-69.308],[69.704,-69.328],[69.66,-68.984],[69.28,-68.832],[69.62,-68.736],[69.664,-68.58],[70.116,-68.492],[69.636,-68.124],[69.684,-67.864],[69.108,-67.848],[68.376,-67.896],[64.72,-67.652],[63.652,-67.504],[63.112,-67.532],[62.616,-67.66],[62.116,-67.564],[61.168,-67.504],[60.62,-67.4],[59.68,-67.396],[59.264,-67.484],[58.792,-67.34],[58.872,-67.164],[58.14,-67.152],[57.564,-66.996],[57.276,-67.084],[56.6,-66.944],[56.496,-66.684],[57.244,-66.72],[57.208,-66.532],[56.808,-66.404],[56.376,-66.452],[55.612,-66.028],[55.184,-65.932],[53.736,-65.844],[52.848,-65.964],[51.772,-66.036],[51.352,-66.22],[50.536,-66.304],[50.192,-66.588],[50.584,-67.216],[49.792,-67.028],[49.312,-67.048],[49.328,-66.884],[48.588,-66.936],[48.448,-67.18],[49.348,-67.184],[49.176,-67.376],[48.628,-67.452],[48.72,-67.68],[47.264,-67.652],[46.92,-67.508],[46.892,-67.264],[46.28,-67.336],[46.216,-67.652],[45.392,-67.696],[44.716,-67.784],[44.828,-67.964],[44.004,-67.968],[42.86,-68.104],[42.536,-68.38],[41.98,-68.408],[41.016,-68.596],[40.888,-68.708],[39.856,-68.828],[39.708,-69.068],[39.844,-69.392],[39.712,-69.588],[39.208,-69.708],[39.192,-69.892],[38.804,-69.988],[38.14,-69.88],[38.04,-69.716],[37.54,-69.684],[36.972,-69.792],[36.752,-69.636],[35.708,-69.668],[35.244,-69.736],[35.104,-69.46],[35.2,-69.296],[34.588,-69.068],[34.36,-69.132],[33.772,-69.052],[34.216,-68.676],[33.216,-68.668],[32.5,-68.932],[32.532,-69.12],[32.928,-69.344],[32.976,-69.672],[32.852,-69.944],[32.568,-70.052],[31.28,-70.236],[30.936,-70.216],[29.84,-70.312],[28.452,-70.696],[27.628,-70.74],[27.196,-70.896],[26.444,-71.032],[24.968,-70.944],[24.32,-70.74],[24.408,-70.532],[23.752,-70.404],[23.324,-70.808],[22.328,-70.76],[22.58,-70.54],[21.8,-70.236],[21.208,-70.576],[21.2,-70.812],[20.404,-70.924],[19.288,-70.916],[18.932,-70.736],[19.296,-70.368],[19.152,-70.204],[18.316,-70.324],[18.092,-70.544],[16.872,-70.44],[16.6,-70.376],[16.52,-70.128],[15.964,-70.188],[15.828,-70.376],[14.512,-70.284],[13.848,-70.348],[13.02,-70.24],[12.324,-70.372],[11.852,-70.78],[10.724,-70.636],[9.98,-70.452],[9.404,-70.104],[9.168,-70.308],[8.444,-70.484],[7.932,-70.472],[7.836,-70.164],[7.424,-70.204],[7.568,-70.524],[5.588,-70.648],[5.008,-70.644],[4.224,-70.784],[3.076,-70.896],[2.52,-70.9],[0.932,-71.18],[0.232,-71.348],[-0.468,-71.756],[-0.952,-71.624],[-0.812,-71.376],[-2.132,-71.484],[-2.888,-71.268],[-3.336,-71.424],[-5.192,-71.332],[-6.148,-71.368],[-6.02,-71.108],[-5.736,-71.04],[-5.676,-70.732],[-6.316,-70.708],[-6.62,-70.924],[-7.284,-70.792],[-7.856,-70.824],[-7.892,-70.972],[-7.564,-71.152],[-7.764,-71.428],[-7.596,-71.596],[-8.616,-71.7],[-9.104,-71.184],[-9.94,-71.064],[-10.596,-71.296],[-10.6,-71.528],[-11.072,-71.548],[-11.88,-71.26],[-12.38,-71.396],[-12.176,-71.624],[-11.528,-71.756],[-10.948,-71.744],[-11.032,-72.048],[-11.252,-72.1],[-11.356,-72.396],[-12.456,-72.56],[-13.18,-72.804],[-14.224,-72.828],[-13.896,-72.988],[-14.096,-73.132],[-14.884,-73.044],[-15.54,-73.076],[-15.976,-73.304],[-16.44,-73.412],[-16.604,-73.632],[-15.688,-73.948],[-14.696,-73.788],[-14.36,-73.856],[-15.304,-74.22],[-15.196,-74.36],[-15.752,-74.432],[-16.596,-74.308],[-17.456,-74.336],[-17.804,-74.776],[-18.872,-75.248],[-18.508,-75.416],[-19.24,-75.548],[-20.4,-75.472],[-21.172,-75.704],[-22.3,-75.644],[-24.324,-75.78],[-25.948,-75.932],[-26.984,-76.168],[-28.86,-76.352],[-30.152,-76.636],[-30.692,-76.848],[-31.696,-76.976],[-33.72,-77.312],[-34.712,-77.628],[-34.664,-77.852],[-35.312,-77.844],[-35.58,-78.152],[-36.012,-78.212],[-36.44,-78.612],[-36.252,-78.852],[-32.82,-79.244],[-30.612,-79.076],[-30.448,-79.216],[-29.54,-79.28],[-30.672,-79.588],[-24.728,-79.78],[-23.74,-79.832],[-22.904,-79.984],[-24.256,-80.076],[-29.76,-80.176],[-29.924,-80.284],[-31.28,-80.296],[-33.476,-80.616],[-35.216,-80.696],[-36.032,-80.92],[-37.624,-80.996],[-38.756,-80.872],[-41.764,-81.412],[-41.988,-81.62],[-43.192,-81.9],[-43.148,-82.116],[-44.012,-82.392],[-45.52,-82.528],[-46.688,-82.404],[-46.088,-82.224],[-46.28,-81.908],[-48.38,-81.892],[-51.732,-82.064]]],[[[-59.288,-80.208],[-59.776,-80.044],[-59.82,-79.768],[-61.468,-79.88],[-61.808,-80.052],[-61.752,-80.368],[-66.7,-80.412],[-64.284,-80.752],[-63.14,-80.592],[-62.524,-80.864],[-60.652,-80.96],[-59.82,-80.744],[-59.756,-80.336],[-59.288,-80.208]]],[[[-66.148,-79.628],[-67.832,-79.58],[-66.932,-79.792],[-66.972,-79.92],[-65.512,-79.964],[-66.148,-79.628]]],[[[-33.916,-79.312],[-35.504,-79.092],[-36.728,-79.3],[-34.072,-79.36],[-33.916,-79.312]]],[[[-66.736,-78.44],[-66.992,-78.308],[-69.436,-78.688],[-70.592,-78.884],[-71.396,-79.1],[-71.816,-79.48],[-71.444,-79.652],[-70.34,-79.696],[-68.948,-79.096],[-66.736,-78.44]]],[[[-52.52,-80.2],[-53.456,-80.16],[-54.408,-80.74],[-54.16,-80.876],[-49.8,-80.792],[-49.72,-80.684],[-45.912,-80.388],[-43.532,-80.2],[-43.016,-79.848],[-42.972,-79.428],[-43.348,-79.24],[-43.74,-78.8],[-45.22,-78.82],[-45.156,-78.66],[-43.964,-78.604],[-43.82,-78.248],[-44.516,-78.044],[-45.936,-77.816],[-47.224,-77.772],[-49.072,-78.044],[-50.204,-78.592],[-50.216,-78.832],[-50.712,-79.28],[-50.264,-79.536],[-52.52,-80.2]]],[[[-20.368,-74.424],[-20.692,-74.1],[-20.496,-73.792],[-21.336,-74.004],[-20.808,-74.476],[-20.368,-74.424]]],[[[-74.848,-72.868],[-76.128,-73.16],[-75.876,-73.348],[-74.592,-73.616],[-74.552,-73.388],[-74.22,-72.992],[-74.848,-72.868]]],[[[-90.9,-72.82],[-91.044,-72.544],[-91.688,-72.608],[-91.332,-72.896],[-91.524,-73.192],[-90.916,-73.1],[-90.9,-72.82]]],[[[-95.5,-72.316],[-95.716,-72.104],[-96.44,-72.192],[-96.064,-71.912],[-96.36,-71.836],[-97.048,-71.876],[-97.304,-72.176],[-98.228,-72.044],[-97.984,-71.86],[-98.828,-71.76],[-99.104,-71.92],[-99.748,-72.04],[-99.944,-71.892],[-100.436,-71.88],[-102.088,-71.972],[-102.292,-72.128],[-100.204,-72.272],[-99.396,-72.5],[-98.58,-72.572],[-97.6,-72.556],[-96.056,-72.584],[-96.024,-72.436],[-95.5,-72.316]]],[[[-74.912,-71.024],[-74.4,-70.976],[-73.62,-70.776],[-73.884,-70.572],[-74.82,-70.608],[-75.2,-70.776],[-76.108,-70.836],[-76.544,-70.964],[-76.132,-71.136],[-74.912,-71.024]]],[[[-3.432,-70.54],[-2.684,-70.472],[-2.832,-70.28],[-3.26,-70.332],[-3.432,-70.54]]],[[[-75.484,-70.132],[-74.872,-70.184],[-74.408,-69.936],[-74.964,-69.716],[-75.78,-69.924],[-75.484,-70.132]]],[[[-61.756,-69.456],[-62.192,-69.188],[-62.58,-69.188],[-62.2,-69.508],[-61.756,-69.456]]],[[[-71.46,-72.628],[-70.524,-72.668],[-69.22,-72.544],[-69.14,-72.376],[-68.416,-72.22],[-68.16,-71.608],[-68.272,-71.436],[-68.3,-70.868],[-68.72,-70.368],[-69.284,-69.924],[-69.316,-69.624],[-69.704,-69.316],[-70.076,-69.292],[-70.104,-68.892],[-70.404,-68.788],[-71.404,-68.86],[-72.012,-68.956],[-72.144,-69.232],[-71.616,-69.456],[-71.912,-69.708],[-71.912,-69.964],[-71.316,-70.176],[-70.232,-70.136],[-70.116,-70.328],[-71,-70.464],[-71.268,-70.68],[-70.208,-70.988],[-71.024,-70.964],[-71.692,-71.16],[-72.788,-71.064],[-72.896,-71.232],[-74.424,-71.428],[-75.404,-71.672],[-75.356,-71.924],[-74.816,-72.064],[-74.396,-72.04],[-74.004,-72.172],[-73.036,-71.928],[-72.34,-71.612],[-71.832,-71.804],[-70.72,-71.904],[-71.088,-72.048],[-72.012,-72.12],[-71.552,-72.28],[-70.456,-72.14],[-70.184,-72.272],[-70.708,-72.396],[-72.676,-72.272],[-73.108,-72.472],[-72.408,-72.676],[-71.46,-72.628]]],[[[-69.108,-67.628],[-68.884,-67.764],[-68.14,-67.572],[-67.676,-67.148],[-67.976,-67.068],[-67.86,-66.624],[-68.376,-66.82],[-68.836,-67.268],[-69.156,-67.476],[-69.108,-67.628]]],[[[-62.908,-64.52],[-63.332,-64.444],[-63.576,-64.264],[-63.904,-64.536],[-64.2,-64.592],[-64.028,-64.776],[-63.336,-64.76],[-62.908,-64.52]]],[[[-57.512,-64.34],[-57.156,-64.084],[-57.52,-64.02],[-57.808,-63.82],[-58.256,-63.908],[-58.132,-64.104],[-58.192,-64.38],[-57.512,-64.34]]],[[[-55.16,-63.204],[-55.576,-63.128],[-56.368,-63.228],[-55.172,-63.356],[-55.16,-63.204]]],[[[-58.468,-62.16],[-58.244,-62.18],[-58.008,-61.904],[-58.68,-62.004],[-58.468,-62.16]]],[[[-160.572,-81.6],[-160.676,-81.464],[-162.984,-81.272],[-163.852,-81.32],[-163.728,-81.48],[-160.572,-81.6]]],[[[-159.844,-79.348],[-162.352,-78.752],[-163.264,-78.756],[-164.148,-78.992],[-164.296,-79.232],[-163.936,-79.412],[-160.712,-79.856],[-159.068,-79.82],[-158.976,-79.724],[-159.844,-79.348]]],[[[169.272,-77.456],[168.22,-77.372],[166.656,-77.364],[166.388,-77.612],[168.4,-77.696],[169.272,-77.456]]],[[[-119.82,-74.12],[-119.004,-73.984],[-118.976,-73.804],[-119.812,-73.888],[-119.82,-74.12]]],[[[-120.26,-73.928],[-120.688,-73.768],[-123.064,-73.676],[-123.288,-73.776],[-122.732,-73.996],[-123.028,-74.248],[-122.244,-74.412],[-121.1,-74.348],[-121.004,-74.148],[-120.26,-73.928]]],[[[-127.472,-73.548],[-126.548,-73.672],[-126.476,-73.844],[-124.784,-74.228],[-123.784,-74.108],[-124.628,-73.732],[-125.272,-73.7],[-125.6,-73.428],[-126.528,-73.268],[-127.304,-73.32],[-127.472,-73.548]]],[[[26.764,-70.224],[26.328,-70.068],[25.988,-70.196],[26.056,-70.392],[26.84,-70.412],[26.764,-70.224]]],[[[100.564,-65.404],[100.3,-65.66],[100.968,-65.684],[101.232,-65.572],[101.128,-65.412],[100.564,-65.404]]],[[[-56.544,-63.1],[-56.272,-63.18],[-56.048,-63.016],[-56.468,-62.976],[-56.544,-63.1]]],[[[-149.728,-77.128],[-149.444,-77.024],[-149.964,-76.872],[-150.784,-76.972],[-149.728,-77.128]]],[[[-130.92,-74.444],[-131.808,-74.32],[-132.18,-74.424],[-131.204,-74.608],[-130.92,-74.444]]],[[[-116.14,-73.904],[-116.404,-73.868],[-117.372,-74.08],[-116.6,-74.14],[-116.14,-73.904]]],[[[-2.716,-70.82],[-3.188,-70.824],[-2.564,-71.132],[-2.08,-70.824],[-2.716,-70.82]]],[[[16.248,-69.704],[15.72,-69.764],[15.588,-69.932],[16.172,-70.072],[16.248,-69.704]]],[[[96.916,-66.056],[96.416,-66.068],[96.408,-66.228],[96.908,-66.212],[96.916,-66.056]]]]},"properties":{"id":"AQ"}},
{"type":"Feature","geometry":{"type":"MultiPolygon","coordinates":[[[[168.2,-47.048],[168.18,-46.864],[167.92,-46.684],[167.648,-47.048],[167.9,-47.188],[168.2,-47.048]]],[[[169.192,-46.62],[169.848,-46.468],[169.864,-46.38],[170.236,-46.152],[170.332,-45.98],[170.788,-45.864],[170.7,-45.68],[170.908,-45.404],[170.98,-45.156],[171.172,-44.952],[171.196,-44.568],[171.348,-44.28],[172.06,-43.956],[172.364,-43.868],[172.496,-43.72],[172.876,-43.904],[173.104,-43.828],[173.052,-43.652],[172.804,-43.612],[172.728,-43.416],[172.812,-43.168],[173.288,-42.952],[173.56,-42.492],[173.892,-42.24],[174.08,-41.968],[174.288,-41.756],[174.056,-41.424],[174.26,-41.12],[174.212,-41],[173.592,-41.056],[173.184,-41.312],[173.032,-41.148],[173.064,-40.888],[172.688,-40.736],[172.64,-40.508],[172.232,-40.776],[172.108,-40.888],[172.072,-41.416],[171.904,-41.608],[171.488,-41.832],[171.304,-42.296],[171.124,-42.592],[170.7,-42.956],[170.516,-43.008],[170.24,-43.236],[169.896,-43.396],[169.732,-43.564],[169.192,-43.76],[168.748,-44.012],[168.412,-44.028],[168.136,-44.28],[167.752,-44.604],[167.204,-44.948],[166.88,-45.28],[166.704,-45.544],[166.796,-45.724],[166.488,-45.808],[166.468,-45.984],[166.76,-46.22],[167.404,-46.252],[167.696,-46.188],[167.852,-46.396],[168.216,-46.356],[168.364,-46.54],[168.592,-46.616],[168.844,-46.56],[169.192,-46.62]]],[[[174.672,-37.292],[174.852,-37.764],[174.704,-38.12],[174.616,-38.708],[174.596,-38.82],[174.368,-38.976],[174.212,-38.972],[173.852,-39.136],[173.784,-39.392],[173.988,-39.544],[174.32,-39.612],[174.568,-39.828],[174.772,-39.86],[174.968,-39.916],[175.156,-40.084],[175.236,-40.336],[175.14,-40.676],[174.944,-40.972],[174.608,-41.292],[174.864,-41.42],[175.18,-41.416],[175.332,-41.608],[175.968,-41.248],[176.348,-40.696],[176.628,-40.456],[176.836,-40.176],[177.036,-39.752],[176.908,-39.448],[177.064,-39.2],[177.388,-39.076],[177.764,-39.08],[177.912,-38.96],[178.064,-38.716],[178.296,-38.54],[178.352,-38],[178.564,-37.716],[178.276,-37.56],[178.076,-37.552],[177.74,-37.676],[177.556,-37.912],[177.144,-38.024],[176.72,-37.876],[176.52,-37.764],[175.996,-37.632],[175.96,-37.368],[175.88,-36.928],[175.784,-36.784],[175.504,-36.652],[175.596,-37.212],[175.368,-37.208],[175.328,-37.008],[174.82,-36.824],[174.724,-36.592],[174.756,-36.244],[174.656,-36.132],[174.496,-35.988],[174.58,-35.848],[174.568,-35.596],[174.332,-35.288],[174.136,-35.32],[173.888,-35.008],[173.48,-34.992],[173.124,-34.808],[173.052,-34.6],[172.8,-34.552],[173.144,-34.928],[173.2,-35.056],[173.1,-35.22],[173.86,-36.064],[174.08,-36.4],[174.252,-36.268],[174.512,-36.228],[174.396,-36.324],[174.468,-36.584],[174.36,-36.632],[174.488,-37.016],[174.832,-36.944],[174.88,-37.076],[174.672,-37.292]]]]},"properties":{"id":"NZ"}},
{"type":"Feature","geometry":{"type":"Polygon","coordinates":[[[-60.296,-33.256],[-60.468,-33.612],[-60.912,-33.564],[-60.964,-33.676],[-61.712,-34.376],[-62.852,-34.384],[-63.372,-34.412],[-63.384,-35.004],[-63.388,-35.984],[-63.388,-37.78],[-63.388,-39.324],[-63.388,-40.708],[-63.116,-40.748],[-62.8,-41.04],[-62.336,-40.872],[-62.252,-40.624],[-62.484,-40.288],[-62.368,-40.212],[-62.316,-39.868],[-62.164,-39.86],[-62.056,-39.452],[-62.316,-39.264],[-62.356,-39.104],[-62.156,-38.812],[-62.028,-38.936],[-61.52,-39.012],[-60.864,-38.976],[-59.888,-38.84],[-59.064,-38.692],[-58.156,-38.432],[-57.592,-38.152],[-57.512,-37.872],[-57.056,-37.412],[-56.664,-36.852],[-56.696,-36.396],[-56.928,-36.364],[-57.248,-36.172],[-57.368,-35.988],[-57.352,-35.728],[-57.144,-35.484],[-57.248,-35.248],[-57.524,-35.012],[-57.872,-34.828],[-58.316,-34.656],[-58.54,-34.712],[-58.476,-34.52],[-58.38,-34.188],[-58.448,-34.008],[-58.68,-34.032],[-59.264,-33.724],[-59.64,-33.672],[-60.296,-33.256]]]},"properties":{"id":"AR-B"}},
{"type":"Feature","geometry":{"type":"Polygon","coordinates":[[[-48.724,-5.356],[-48.5,-5.188],[-48.336,-5.164],[-48.152,-5.256],[-47.864,-5.28],[-47.84,-5.384],[-47.536,-5.48],[-47.412,-5.868],[-47.372,-6.232],[-47.488,-6.7],[-47.512,-7.008],[-47.64,-7.16],[-47.512,-7.28],[-47.516,-7.444],[-47.312,-7.64],[-47.08,-7.976],[-46.572,-7.908],[-46.468,-8.068],[-46.544,-8.32],[-46.792,-8.436],[-46.88,-8.58],[-46.904,-8.832],[-47.064,-8.976],[-46.844,-9.168],[-46.752,-9.412],[-46.536,-9.556],[-46.66,-9.756],[-46.508,-9.856],[-46.348,-10.168],[-46.088,-10.208],[-45.948,-10.316],[-45.86,-10],[-45.836,-9.532],[-45.98,-8.928],[-45.768,-8.604],[-45.736,-8.432],[-45.576,-8.152],[-45.472,-7.676],[-45.3,-7.556],[-45.024,-7.492],[-44.816,-7.364],[-44.712,-7.396],[-44.452,-7.148],[-44.308,-7.112],[-44.04,-6.768],[-43.676,-6.7],[-43.46,-6.84],[-43.2,-6.756],[-43.016,-6.768],[-42.88,-6.56],[-42.852,-6.256],[-43.076,-6.056],[-43.1,-5.624],[-42.832,-5.312],[-42.852,-4.936],[-42.948,-4.796],[-42.864,-4.5],[-42.992,-4.24],[-42.732,-3.924],[-42.676,-3.7],[-42.5,-3.452],[-42.216,-3.432],[-41.844,-3.036],[-41.844,-2.764],[-42.224,-2.812],[-42.452,-2.752],[-42.708,-2.56],[-43.312,-2.348],[-43.456,-2.34],[-43.476,-2.536],[-43.74,-2.516],[-44.016,-2.636],[-44.072,-2.4],[-44.368,-2.548],[-44.432,-2.952],[-44.612,-3.112],[-44.692,-2.996],[-44.648,-2.768],[-44.472,-2.404],[-44.364,-2.312],[-44.496,-2.148],[-44.52,-1.848],[-45.092,-1.464],[-45.34,-1.584],[-45.4,-1.436],[-45.696,-1.16],[-46.084,-1.212],[-46.2,-1.484],[-46.216,-1.928],[-46.28,-2.14],[-46.448,-2.36],[-46.428,-2.512],[-46.668,-2.74],[-46.668,-3.096],[-47.024,-3.56],[-47.064,-3.84],[-47.312,-4.068],[-47.38,-4.276],[-47.656,-4.604],[-47.8,-4.596],[-48.724,-5.356]]]},"properties":{"id":"BR-MA"}},
{"type":"Feature","geometry":{"type":"Polygon","coordinates":[[[-45.948,-10.316],[-45.756,-10.332],[-45.604,-10.332],[-45.316,-10.78],[-45.044,-10.896],[-44.784,-10.856],[-44.54,-10.628],[-44.216,-10.628],[-43.916,-10.432],[-43.7,-10.036],[-43.684,-9.804],[-43.812,-9.428],[-43.452,-9.304],[-43.38,-9.412],[-43.128,-9.372],[-42.852,-9.548],[-42.612,-9.56],[-42.308,-9.308],[-42.044,-9.208],[-41.852,-9.252],[-41.732,-9.132],[-41.744,-8.988],[-41.5,-8.936],[-41.372,-8.712],[-41.212,-8.636],[-41.016,-8.42],[-40.924,-8.436],[-40.592,-8.124],[-40.544,-7.832],[-40.688,-7.428],[-40.536,-7.392],[-40.58,-7.196],[-40.416,-6.812],[-40.72,-6.64],[-40.892,-6.012],[-40.948,-5.416],[-41.184,-4.916],[-41.236,-4.54],[-41.072,-4.328],[-41.228,-4.044],[-41.284,-3.808],[-41.448,-3.436],[-41.248,-3.012],[-41.344,-2.92],[-41.676,-2.88],[-41.844,-2.764],[-41.844,-3.036],[-42.216,-3.432],[-42.5,-3.452],[-42.676,-3.7],[-42.732,-3.924],[-42.992,-4.24],[-42.864,-4.5],[-42.948,-4.796],[-42.852,-4.936],[-42.832,-5.312],[-43.1,-5.624],[-43.076,-6.056],[-42.852,-6.256],[-42.88,-6.56],[-43.016,-6.768],[-43.2,-6.756],[-43.46,-6.84],[-43.676,-6.7],[-44.04,-6.768],[-44.308,-7.112],[-44.452,-7.148],[-44.712,-7.396],[-44.816,-7.364],[-45.024,-7.492],[-45.3,-7.556],[-45.472,-7.676],[-45.576,-8.152],[-45.736,-8.432],[-45.768,-8.604],[-45.98,-8.928],[-45.836,-9.532],[-45.86,-10],[-45.948,-10.316]]]},"properties":{"id":"BR-PI"}},
{"type":"Feature","geometry":{"type":"Polygon","coordinates":[[[-40.536,-7.392],[-40.064,-7.408],[-39.848,-7.348],[-39.656,-7.372],[-39.352,-7.548],[-39.248,-7.68],[-38.968,-7.848],[-38.696,-7.62],[-38.532,-7.296],[-38.676,-7.156],[-38.728,-6.892],[-38.524,-6.38],[-38.588,-6.284],[-38.416,-6.06],[-38.3,-6.076],[-38.14,-5.896],[-38.048,-5.616],[-37.916,-5.464],[-37.72,-5.064],[-37.54,-4.932],[-37.236,-4.828],[-37.324,-4.696],[-37.608,-4.608],[-37.768,-4.396],[-38.108,-4.156],[-38.38,-3.868],[-38.456,-3.72],[-38.66,-3.676],[-39.36,-3.184],[-39.484,-3.144],[-39.984,-2.848],[-40.5,-2.788],[-40.58,-2.828],[-41.136,-2.884],[-41.248,-3.012],[-41.448,-3.436],[-41.284,-3.808],[-41.228,-4.044],[-41.072,-4.328],[-41.236,-4.54],[-41.184,-4.916],[-40.948,-5.416],[-40.892,-6.012],[-40.72,-6.64],[-40.416,-6.812],[-40.58,-7.196],[-40.536,-7.392]]]},"properties":{"id":"BR-CE"}},
{"type":"Feature","geometry":{"type":"Polygon","coordinates":[[[-38.524,-6.38],[-38.132,-6.52],[-37.792,-6.292],[-37.76,-6.176],[-37.26,-6.024],[-37.176,-6.116],[-37.508,-6.552],[-37.22,-6.824],[-37.044,-6.756],[-36.792,-6.768],[-36.772,-6.932],[-36.576,-6.928],[-36.444,-6.624],[-36.508,-6.404],[-36.384,-6.304],[-36.252,-6.412],[-35.924,-6.464],[-35.668,-6.424],[-35.308,-6.528],[-34.964,-6.504],[-35.092,-6.184],[-35.264,-5.484],[-35.512,-5.144],[-35.996,-5.048],[-36.132,-5.096],[-36.588,-5.104],[-36.792,-5.052],[-36.9,-4.94],[-37.136,-4.932],[-37.236,-4.828],[-37.54,-4.932],[-37.72,-5.064],[-37.916,-5.464],[-38.048,-5.616],[-38.14,-5.896],[-38.3,-6.076],[-38.416,-6.06],[-38.588,-6.284],[-38.524,-6.38]]]},"properties":{"id":"BR-RN"}},
{"type":"Feature","geometry":{"type":"Polygon","coordinates":[[[-38.696,-7.62],[-38.524,-7.768],[-38.352,-7.7],[-38.256,-7.848],[-37.976,-7.772],[-37.436,-7.348],[-37.256,-7.268],[-37.024,-7.396],[-37.196,-7.572],[-37.128,-8.164],[-36.964,-8.284],[-36.784,-8.224],[-36.568,-7.924],[-36.424,-7.828],[-36.124,-7.784],[-36.056,-7.832],[-35.556,-7.652],[-35.5,-7.456],[-35.268,-7.38],[-35.064,-7.408],[-34.892,-7.544],[-34.816,-7.544],[-34.796,-7.16],[-34.86,-7.072],[-34.968,-6.616],[-34.964,-6.504],[-35.308,-6.528],[-35.668,-6.424],[-35.924,-6.464],[-36.252,-6.412],[-36.384,-6.304],[-36.508,-6.404],[-36.444,-6.624],[-36.576,-6.928],[-36.772,-6.932],[-36.792,-6.768],[-37.044,-6.756],[-37.22,-6.824],[-37.508,-6.552],[-37.176,-6.116],[-37.26,-6.024],[-37.76,-6.176],[-37.792,-6.292],[-38.132,-6.52],[-38.524,-6.38],[-38.728,-6.892],[-38.676,-7.156],[-38.532,-7.296],[-38.696,-7.62]]]},"properties":{"id":"BR-PB"}},
{"type":"Feature","geometry":{"type":"Polygon","coordinates":[[[-41.372,-8.712],[-41.16,-8.708],[-40.888,-8.856],[-40.852,-9.152],[-40.704,-9.216],[-40.62,-9.488],[-40.328,-9.352],[-40.272,-9.104],[-40.112,-9.104],[-39.896,-8.976],[-39.896,-8.832],[-39.688,-8.784],[-39.692,-8.66],[-39.404,-8.536],[-39.22,-8.676],[-38.708,-8.84],[-38.316,-9.132],[-38.236,-9.332],[-37.816,-8.976],[-37.52,-8.944],[-37.18,-9.24],[-37,-9.308],[-36.58,-9.292],[-36.344,-9.2],[-36.016,-8.896],[-35.74,-8.916],[-35.472,-8.836],[-35.148,-8.912],[-34.94,-8.352],[-34.812,-7.904],[-34.9,-7.72],[-34.892,-7.544],[-35.064,-7.408],[-35.268,-7.38],[-35.5,-7.456],[-35.556,-7.652],[-36.056,-7.832],[-36.124,-7.784],[-36.424,-7.828],[-36.568,-7.924],[-36.784,-8.224],[-36.964,-8.284],[-37.128,-8.164],[-37.196,-7.572],[-37.024,-7.396],[-37.256,-7.268],[-37.436,-7.348],[-37.976,-7.772],[-38.256,-7.848],[-38.352,-7.7],[-38.524,-7.768],[-38.696,-7.62],[-38.968,-7.848],[-39.248,-7.68],[-39.352,-7.548],[-39.656,-7.372],[-39.848,-7.348],[-40.064,-7.408],[-40.536,-7.392],[-40.688,-7.428],[-40.544,-7.832],[-40.592,-8.124],[-40.924,-8.436],[-41.016,-8.42],[-41.212,-8.636],[-41.372,-8.712]]]},"properties":{"id":"BR-PE"}},
{"type":"Feature","geometry":{"type":"Polygon","coordinates":[[[-38.236,-9.332],[-37.996,-9.528],[-37.568,-9.728],[-37.296,-9.804],[-36.984,-9.968],[-36.824,-10.212],[-36.464,-10.408],[-36.408,-10.504],[-36.252,-10.248],[-36.036,-10.064],[-35.852,-9.732],[-35.584,-9.532],[-35.304,-9.192],[-35.148,-8.912],[-35.472,-8.836],[-35.74,-8.916],[-36.016,-8.896],[-36.344,-9.2],[-36.58,-9.292],[-37,-9.308],[-37.18,-9.24],[-37.52,-8.944],[-37.816,-8.976],[-38.236,-9.332]]]},"properties":{"id":"BR-AL"}},
{"type":"Feature","geometry":{"type":"Polygon","coordinates":[[[-37.996,-9.528],[-38.044,-9.604],[-37.964,-9.872],[-37.78,-10.08],[-37.836,-10.424],[-37.816,-10.676],[-37.972,-10.752],[-38.192,-10.716],[-38.232,-10.896],[-37.98,-11.236],[-38.004,-11.356],[-37.796,-11.524],[-37.484,-11.52],[-37.316,-11.408],[-36.904,-10.772],[-36.576,-10.552],[-36.408,-10.504],[-36.464,-10.408],[-36.824,-10.212],[-36.984,-9.968],[-37.296,-9.804],[-37.568,-9.728],[-37.996,-9.528]]]},"properties":{"id":"BR-SE"}},
{"type":"Feature","geometry":{"type":"Polygon","coordinates":[[[-45.756,-10.332],[-45.856,-10.468],[-46.304,-10.76],[-46.372,-10.968],[-46.572,-11.316],[-46.428,-11.5],[-46.192,-11.544],[-46.244,-11.724],[-46.076,-11.928],[-46.34,-12.132],[-46.316,-12.424],[-46.16,-12.504],[-46.232,-12.796],[-46.088,-12.916],[-46.272,-13.656],[-46.26,-13.868],[-46.128,-14.184],[-45.92,-14.352],[-45.912,-14.692],[-46.024,-14.868],[-46.04,-15.148],[-45.716,-15.124],[-45.552,-14.936],[-45.32,-14.856],[-45.224,-14.74],[-44.88,-14.6],[-44.564,-14.344],[-44.32,-14.244],[-43.836,-14.316],[-43.868,-14.66],[-43.492,-14.788],[-43.228,-14.636],[-42.952,-14.68],[-42.632,-14.94],[-42.088,-15.18],[-41.8,-15.108],[-41.36,-15.496],[-41.332,-15.716],[-41.156,-15.78],[-40.944,-15.672],[-40.536,-15.796],[-40.236,-15.82],[-39.864,-16.112],[-39.94,-16.312],[-40.136,-16.544],[-40.252,-16.564],[-40.296,-16.88],[-40.472,-16.868],[-40.576,-17.136],[-40.492,-17.548],[-40.208,-17.764],[-40.208,-17.98],[-39.672,-18.324],[-39.5,-18.004],[-39.276,-17.868],[-39.184,-17.6],[-39.208,-17.164],[-39.056,-16.436],[-38.864,-15.844],[-38.924,-15.716],[-39.068,-14.676],[-38.924,-14.004],[-39.012,-13.832],[-38.968,-13.676],[-39.064,-13.4],[-38.84,-13.16],[-38.74,-12.736],[-38.508,-12.724],[-38.508,-13.02],[-38.32,-12.936],[-38.052,-12.64],[-37.656,-12.048],[-37.436,-11.568],[-37.484,-11.52],[-37.796,-11.524],[-38.004,-11.356],[-37.98,-11.236],[-38.232,-10.896],[-38.192,-10.716],[-37.972,-10.752],[-37.816,-10.676],[-37.836,-10.424],[-37.78,-10.08],[-37.964,-9.872],[-38.044,-9.604],[-37.996,-9.528],[-38.236,-9.332],[-38.316,-9.132],[-38.708,-8.84],[-39.22,-8.676],[-39.404,-8.536],[-39.692,-8.66],[-39.688,-8.784],[-39.896,-8.832],[-39.896,-8.976],[-40.112,-9.104],[-40.272,-9.104],[-40.328,-9.352],[-40.62,-9.488],[-40.704,-9.216],[-40.852,-9.152],[-40.888,-8.856],[-41.16,-8.708],[-41.372,-8.712],[-41.5,-8.936],[-41.744,-8.988],[-41.732,-9.132],[-41.852,-9.252],[-42.044,-9.208],[-42.308,-9.308],[-42.612,-9.56],[-42.852,-9.548],[-43.128,-9.372],[-43.38,-9.412],[-43.452,-9.304],[-43.812,-9.428],[-43.684,-9.804],[-43.7,-10.036],[-43.916,-10.432],[-44.216,-10.628],[-44.54,-10.628],[-44.784,-10.856],[-45.044,-10.896],[-45.316,-10.78],[-45.604,-10.332],[-45.756,-10.332]]]},"properties":{"id":"BR-BA"}},
{"type":"Feature","geometry":{"type":"Polygon","coordinates":[[[-40.208,-17.98],[-40.428,-17.892],[-40.912,-17.972],[-40.912,-18.104],[-41.144,-18.296],[-41.004,-18.452],[-41.092,-18.828],[-41.052,-19.036],[-40.944,-19.144],[-40.956,-19.46],[-41.156,-19.66],[-41.184,-19.864],[-41.304,-19.952],[-41.404,-20.212],[-41.716,-20.208],[-41.864,-20.776],[-41.74,-20.82],[-41.724,-21.084],[-41.568,-21.164],[-40.964,-21.276],[-40.732,-20.844],[-40.584,-20.8],[-40.348,-20.5],[-40.028,-19.764],[-39.836,-19.656],[-39.708,-19.416],[-39.744,-18.68],[-39.672,-18.324],[-40.208,-17.98]]]},"properties":{"id":"BR-ES"}},
{"type":"Feature","geometry":{"type":"Polygon","coordinates":[[[-41.864,-20.776],[-42.096,-20.924],[-42.22,-21.336],[-42.368,-21.592],[-42.28,-21.712],[-42.888,-21.96],[-43.132,-22.028],[-43.812,-22.064],[-44.216,-22.248],[-44.444,-22.256],[-44.832,-22.408],[-44.636,-22.6],[-44.216,-22.592],[-44.272,-22.82],[-44.584,-22.876],[-44.796,-22.988],[-44.864,-23.204],[-44.728,-23.352],[-44.672,-23.06],[-44.436,-22.996],[-44.192,-23.048],[-43.864,-22.896],[-43.544,-23.048],[-43.22,-22.996],[-43.272,-22.748],[-43.076,-22.664],[-43.032,-22.976],[-42.624,-22.94],[-42.06,-22.952],[-41.968,-22.536],[-41.668,-22.28],[-41.244,-22.144],[-40.968,-21.948],[-41.072,-21.524],[-40.964,-21.276],[-41.568,-21.164],[-41.724,-21.084],[-41.74,-20.82],[-41.864,-20.776]]]},"properties":{"id":"BR-RJ"}},
{"type":"Feature","geometry":{"type":"Polygon","coordinates":[[[-53.168,-22.7],[-52.948,-22.572],[-52.616,-22.568],[-52.216,-22.644],[-52.068,-22.52],[-51.548,-22.684],[-51.356,-22.652],[-50.88,-22.824],[-50.784,-22.944],[-50.292,-22.952],[-49.968,-22.912],[-49.64,-23.26],[-49.656,-23.508],[-49.552,-23.712],[-49.6,-23.864],[-49.228,-24.34],[-49.3,-24.592],[-49.22,-24.688],[-48.612,-24.68],[-48.416,-24.96],[-48.232,-25.012],[-48.084,-25.308],[-47.952,-25.2],[-47.824,-24.896],[-47.54,-24.704],[-47.18,-24.532],[-46.968,-24.3],[-46.408,-24.008],[-46.236,-23.988],[-46.08,-23.828],[-45.864,-23.756],[-45.508,-23.836],[-45.432,-23.664],[-45.08,-23.496],[-44.92,-23.348],[-44.728,-23.352],[-44.864,-23.204],[-44.796,-22.988],[-44.584,-22.876],[-44.272,-22.82],[-44.216,-22.592],[-44.636,-22.6],[-44.832,-22.408],[-45.056,-22.464],[-45.412,-22.648],[-45.584,-22.616],[-45.78,-22.848],[-46.124,-22.892],[-46.36,-22.844],[-46.412,-22.556],[-46.696,-22.324],[-46.6,-22.132],[-46.668,-21.812],[-46.508,-21.46],[-46.996,-21.344],[-47.124,-21.132],[-47.212,-20.808],[-47.112,-20.632],[-47.288,-20.444],[-47.236,-20.204],[-47.44,-20.036],[-47.84,-19.98],[-48.084,-20.148],[-48.168,-20.104],[-48.844,-20.164],[-49.148,-20.296],[-49.292,-20.164],[-49.272,-19.968],[-49.884,-19.932],[-50.556,-19.808],[-50.656,-19.916],[-50.992,-20.1],[-51.136,-20.296],[-51.328,-20.364],[-51.62,-20.7],[-51.632,-20.876],[-51.876,-21.172],[-51.852,-21.3],[-52.044,-21.668],[-52.312,-21.94],[-52.368,-22.1],[-52.844,-22.42],[-52.968,-22.46],[-53.168,-22.7]]]},"properties":{"id":"BR-SP"}},
{"type":"Feature","geometry":{"type":"Polygon","coordinates":[[[-58.316,-34.656],[-58.476,-34.52],[-58.54,-34.712],[-58.316,-34.656]]]},"properties":{"id":"AR-C"}},
{"type":"Feature","geometry":{"type":"MultiPolygon","coordinates":[[[[165.112,-21.372],[165.292,-21.576],[165.676,-21.76],[166.144,-22.048],[166.48,-22.288],[166.632,-22.276],[166.912,-22.384],[167.028,-22.228],[166.94,-22.08],[166.572,-21.876],[166.412,-21.704],[166.084,-21.524],[165.408,-21.056],[165.412,-20.948],[165.216,-20.764],[165.06,-20.736],[164.496,-20.3],[164.316,-20.236],[164.132,-20.3],[164.192,-20.524],[164.364,-20.76],[164.8,-21.084],[164.92,-21.284],[165.112,-21.372]]],[[[168.136,-21.432],[167.856,-21.5],[167.96,-21.64],[168.128,-21.6],[168.136,-21.432]]],[[[167.432,-21.028],[167.184,-20.788],[167.068,-20.996],[167.424,-21.148],[167.432,-21.028]]]]},"properties":{"id":"NC"}},
{"type":"Feature","geometry":{"type":"Polygon","coordinates":[[[129,-31.688],[129,-30.268],[129,-28.492],[129,-27.068],[129,-26],[129,-24.956],[129,-23.216],[129,-21.48],[129,-20.088],[129,-18.696],[129,-16.956],[129,-15.568],[129,-14.868],[128.532,-14.752],[128.196,-15.056],[128.176,-14.7],[127.904,-14.496],[127.668,-14.18],[127.324,-13.916],[127.108,-13.952],[126.952,-13.724],[126.748,-13.792],[126.82,-13.944],[126.568,-14.196],[126.392,-14.004],[126.248,-14.224],[126.14,-14.196],[126.04,-14.508],[125.924,-14.52],[125.66,-14.36],[125.144,-14.728],[125.356,-14.992],[125.312,-15.152],[125.128,-15.048],[124.84,-15.14],[124.628,-15.504],[124.404,-15.56],[124.404,-15.876],[124.592,-16.096],[124.38,-16.216],[124.4,-16.352],[124.224,-16.396],[124.128,-16.272],[123.836,-16.368],[123.652,-16.36],[123.568,-16.616],[123.692,-16.728],[123.836,-17.132],[123.644,-17.184],[123.568,-17.36],[123.4,-17.328],[123.152,-16.808],[122.888,-16.512],[122.76,-16.604],[122.704,-16.788],[122.276,-17.088],[122.172,-17.26],[122.144,-17.564],[122.196,-17.944],[122.36,-18],[122.22,-18.196],[121.912,-18.464],[121.644,-18.812],[121.52,-19.068],[121.192,-19.472],[120.956,-19.632],[120.24,-19.908],[119.804,-19.964],[119.568,-20.068],[119.212,-19.96],[119.068,-19.984],[118.832,-20.26],[118.368,-20.364],[118.136,-20.364],[117.84,-20.616],[117.352,-20.728],[117.064,-20.62],[116.88,-20.712],[116.744,-20.616],[116.436,-20.824],[116.264,-20.864],[115.936,-21.06],[115.808,-21.236],[115.604,-21.344],[115.456,-21.512],[114.928,-21.692],[114.648,-21.844],[114.392,-22.36],[114.172,-22.316],[114.076,-22.176],[114.16,-21.792],[114.012,-21.86],[113.804,-22.332],[113.648,-22.576],[113.76,-22.788],[113.812,-23.052],[113.736,-23.528],[113.6,-23.632],[113.46,-23.912],[113.384,-24.248],[113.44,-24.532],[113.604,-24.728],[113.612,-24.892],[113.804,-25.172],[113.928,-25.448],[114.156,-25.788],[114.26,-25.84],[114.192,-26.196],[114.236,-26.316],[114.104,-26.448],[113.936,-26.192],[113.704,-26.148],[113.76,-25.904],[113.532,-25.62],[113.42,-25.728],[113.684,-26.22],[113.884,-26.344],[113.852,-26.544],[113.6,-26.52],[113.452,-26.2],[113.244,-26.24],[113.296,-26.396],[113.592,-26.676],[114.012,-27.316],[114.144,-27.688],[114.096,-27.82],[114.168,-28.108],[114.532,-28.524],[114.576,-28.784],[114.832,-29.092],[114.98,-29.48],[114.948,-29.66],[114.976,-30.216],[115.18,-30.828],[115.312,-30.992],[115.456,-31.304],[115.68,-31.648],[115.744,-31.928],[115.716,-32.304],[115.768,-32.604],[115.6,-32.66],[115.676,-33.024],[115.668,-33.288],[115.436,-33.596],[114.956,-33.684],[115.016,-34.264],[115.336,-34.316],[115.744,-34.54],[116.02,-34.828],[116.464,-35],[116.9,-35.052],[117.36,-35.024],[117.54,-35.092],[118.12,-34.988],[118.48,-34.716],[118.704,-34.648],[118.932,-34.444],[119.384,-34.44],[119.572,-34.144],[120.004,-33.928],[120.424,-33.968],[120.572,-33.892],[121.168,-33.868],[121.532,-33.82],[121.812,-33.896],[122.016,-33.824],[122.188,-34.02],[122.312,-33.924],[122.56,-33.96],[122.788,-33.88],[123.568,-33.884],[123.952,-33.568],[124.116,-33.12],[124.356,-32.952],[124.708,-32.904],[125,-32.736],[125.536,-32.548],[125.872,-32.332],[126.184,-32.232],[126.676,-32.316],[127.288,-32.272],[127.768,-32.124],[128.016,-32.084],[129,-31.688]]]},"properties":{"id":"AU-WA"}},
{"type":"Feature","geometry":{"type":"MultiPolygon","coordinates":[[[[129,-26],[130.688,-26],[131.812,-26],[133.5,-26],[134.908,-26],[136.032,-26],[138,-26],[138,-24.524],[138,-22.752],[138,-20.98],[138,-19.212],[138,-18.032],[138,-16.54],[137.748,-16.252],[137.36,-16.124],[137.044,-15.924],[136.768,-15.9],[136.612,-15.756],[136.268,-15.544],[136.24,-15.424],[135.468,-14.948],[135.392,-14.74],[135.76,-14.264],[135.904,-14.136],[136.004,-13.8],[135.844,-13.6],[135.884,-13.324],[136.308,-13.164],[136.452,-13.216],[136.636,-12.956],[136.472,-12.792],[136.68,-12.672],[136.74,-12.476],[136.948,-12.356],[136.876,-12.224],[136.692,-12.284],[136.452,-11.944],[136.18,-12.188],[136.364,-12.256],[136.252,-12.44],[136.024,-12.456],[136.028,-12.312],[135.74,-11.94],[135.536,-12.08],[135.304,-12.128],[135.072,-12.26],[134.86,-12.128],[134.768,-11.948],[134.604,-12.048],[134.384,-12.044],[134.132,-11.888],[133.944,-11.912],[133.804,-11.716],[133.624,-11.832],[133.348,-11.688],[133.14,-11.676],[132.912,-11.332],[132.676,-11.508],[132.476,-11.236],[132.348,-11.148],[132.188,-11.352],[132.016,-11.14],[131.856,-11.304],[132.084,-11.516],[132.368,-11.436],[132.596,-11.624],[132.628,-12.044],[132.044,-12.308],[131.904,-12.22],[131.492,-12.296],[131.328,-12.184],[131,-12.172],[130.784,-12.436],[130.344,-12.696],[130.352,-12.844],[130.128,-12.94],[130.12,-13.156],[130.272,-13.32],[129.968,-13.532],[129.836,-13.512],[129.816,-13.76],[129.716,-14.016],[129.496,-14.088],[129.36,-14.408],[129.584,-14.568],[129.724,-14.792],[129.612,-14.944],[129.22,-14.844],[129,-14.868],[129,-15.568],[129,-16.956],[129,-18.696],[129,-20.088],[129,-21.48],[129,-23.216],[129,-24.956],[129,-26]]],[[[136.952,-14.18],[136.716,-14.064],[136.792,-13.916],[136.684,-13.72],[136.432,-13.876],[136.46,-14.216],[136.904,-14.3],[136.952,-14.18]]],[[[130.536,-11.704],[130.396,-11.536],[130.348,-11.34],[130.148,-11.488],[130.2,-11.652],[130.496,-11.84],[130.536,-11.704]]],[[[131.536,-11.412],[131.428,-11.248],[131.276,-11.188],[131.008,-11.356],[130.888,-11.312],[130.692,-11.424],[130.572,-11.276],[130.364,-11.232],[130.496,-11.648],[130.98,-11.928],[131.432,-11.608],[131.536,-11.412]]]]},"properties":{"id":"AU-NT"}},
{"type":"Feature","geometry":{"type":"Polygon","coordinates":[[[44.876,-16.208],[44.452,-16.188],[44.4,-16.372],[44.432,-16.7],[43.944,-17.456],[43.928,-17.6],[44.036,-17.768],[44,-17.936],[44.048,-18.428],[44.256,-18.804],[44.272,-19.148],[44.46,-19.416],[44.372,-19.776],[44.48,-19.912],[44.256,-20.376],[44.124,-20.5],[43.9,-20.884],[43.812,-21.224],[43.544,-21.308],[43.472,-21.404],[43.472,-21.672],[43.336,-21.768],[43.224,-22.256],[43.356,-22.828],[43.584,-23.076],[43.628,-23.34],[43.756,-23.456],[43.64,-23.64],[43.656,-24.184],[43.708,-24.408],[43.84,-24.504],[44.028,-25],[44.188,-25.068],[44.368,-25.256],[44.728,-25.304],[45.136,-25.584],[45.492,-25.572],[45.776,-25.408],[46.236,-25.2],[46.652,-25.184],[46.964,-25.064],[47.136,-24.908],[47.428,-24.124],[47.568,-23.852],[47.62,-23.592],[47.832,-22.9],[47.884,-22.596],[47.948,-22.348],[48.2,-21.796],[48.456,-21.016],[48.616,-20.42],[48.824,-19.904],[48.86,-19.684],[49.076,-19.064],[49.36,-18.424],[49.508,-17.728],[49.476,-17.512],[49.42,-17.356],[49.528,-17.04],[49.848,-16.552],[49.844,-16.212],[49.704,-16.116],[49.732,-15.904],[49.64,-15.544],[49.9,-15.424],[50.04,-15.86],[50.132,-15.92],[50.24,-15.96],[50.428,-15.6],[50.504,-15.316],[50.284,-14.88],[50.192,-14.456],[50.144,-13.784],[49.972,-13.332],[49.944,-13.032],[49.864,-12.88],[49.636,-12.676],[49.54,-12.38],[49.348,-12.3],[49.324,-12],[48.984,-12.332],[48.868,-12.636],[48.956,-12.812],[48.748,-13.412],[48.428,-13.524],[48.18,-13.748],[48.032,-13.516],[47.904,-13.604],[47.876,-13.784],[48.032,-14.064],[47.928,-14.248],[47.708,-14.368],[47.752,-14.6],[47.484,-15.08],[47.292,-14.924],[47.056,-15.216],[47.148,-15.448],[46.972,-15.2],[46.88,-15.224],[46.332,-15.632],[46.384,-15.836],[46.292,-15.94],[46.144,-15.704],[46.016,-15.792],[45.692,-15.784],[45.64,-15.944],[45.268,-15.924],[44.876,-16.208]]]},"properties":{"id":"MG"}},
{"type":"Feature","geometry":{"type":"MultiPolygon","coordinates":[[[[129,-31.688],[130.156,-31.572],[130.832,-31.6],[131.176,-31.476],[131.536,-31.604],[132.076,-31.908],[132.232,-32.032],[132.484,-32.028],[132.588,-31.936],[132.8,-31.956],[133.148,-32.196],[133.412,-32.212],[133.588,-32.104],[133.948,-32.388],[134.272,-32.588],[134.076,-32.712],[134.28,-33.164],[134.664,-33.224],[134.812,-33.352],[134.848,-33.64],[135.188,-33.892],[135.348,-34.276],[135.428,-34.712],[135.604,-34.88],[135.74,-34.86],[135.936,-34.536],[136.124,-34.452],[136.368,-34.072],[136.608,-33.904],[137.224,-33.652],[137.452,-33.14],[137.904,-32.788],[138.044,-33.124],[137.812,-33.26],[137.936,-33.528],[137.604,-33.876],[137.452,-34.164],[137.512,-34.616],[137.448,-34.916],[137.032,-34.9],[136.952,-35.284],[137.404,-35.124],[137.672,-35.18],[137.912,-34.624],[137.932,-34.416],[138.036,-34.308],[138.26,-34.44],[138.536,-34.74],[138.428,-35.352],[138.124,-35.556],[138.176,-35.668],[138.532,-35.644],[138.96,-35.412],[139.04,-35.604],[139.476,-35.896],[139.852,-36.62],[139.864,-36.768],[139.672,-36.952],[139.74,-37.18],[139.988,-37.488],[140.116,-37.516],[140.36,-37.884],[140.712,-38.072],[140.968,-38.06],[140.968,-37.064],[140.968,-35.564],[140.968,-34.568],[141,-34.02],[141,-32.768],[141,-31.828],[141,-30.572],[141,-29],[141,-27.124],[141,-26],[139.876,-26],[138,-26],[136.032,-26],[134.908,-26],[133.5,-26],[131.812,-26],[130.688,-26],[129,-26],[129,-27.068],[129,-28.492],[129,-30.268],[129,-31.688]]],[[[138.128,-35.816],[137.908,-35.728],[137.58,-35.728],[137.624,-35.584],[137.352,-35.584],[136.62,-35.752],[136.532,-35.912],[136.716,-36.064],[137.212,-35.98],[137.46,-36.084],[137.756,-35.872],[138.048,-35.92],[138.128,-35.816]]]]},"properties":{"id":"AU-SA"}},
{"type":"Feature","geometry":{"type":"MultiPolygon","coordinates":[[[[138,-26],[139.876,-26],[141,-26],[141,-27.124],[141,-29],[141.972,-29],[143.916,-29],[145.856,-29],[147.316,-29],[148.972,-29],[149.092,-28.848],[149.416,-28.68],[149.484,-28.584],[150.02,-28.6],[150.3,-28.536],[150.448,-28.648],[150.792,-28.636],[151.044,-28.736],[151.288,-28.92],[151.424,-29.156],[151.556,-28.956],[152.024,-28.876],[152.068,-28.704],[151.968,-28.536],[152.54,-28.316],[153.116,-28.352],[153.192,-28.26],[153.508,-28.148],[153.444,-27.812],[153.316,-27.656],[153.112,-27.244],[153.208,-27.048],[153.076,-26.28],[153.12,-25.932],[152.892,-25.688],[152.912,-25.288],[152.676,-25.24],[152.508,-25],[152.404,-24.748],[152.152,-24.62],[151.932,-24.212],[151.78,-24.024],[151.58,-24.056],[151.188,-23.804],[151.028,-23.58],[150.856,-23.52],[150.764,-23.16],[150.828,-22.696],[150.76,-22.484],[150.568,-22.324],[150.512,-22.536],[150.216,-22.396],[150.052,-22.14],[149.832,-22.388],[149.608,-22.244],[149.436,-21.788],[149.48,-21.72],[149.292,-21.32],[149.232,-21.088],[148.74,-20.72],[148.656,-20.556],[148.852,-20.42],[148.792,-20.288],[148.612,-20.212],[148.568,-20.06],[148.264,-20.084],[148.252,-19.964],[147.86,-19.824],[147.684,-19.828],[147.552,-19.52],[147.42,-19.412],[147.168,-19.4],[146.748,-19.172],[146.448,-19.06],[146.276,-18.876],[146.34,-18.528],[146.024,-18.264],[146.096,-17.932],[146.072,-17.392],[145.776,-16.884],[145.4,-16.444],[145.464,-16.06],[145.356,-15.904],[145.368,-15.748],[145.272,-15.536],[145.304,-15.284],[145.236,-15.164],[145.276,-14.948],[144.94,-14.728],[144.884,-14.608],[144.676,-14.556],[144.516,-14.172],[143.952,-14.5],[143.784,-14.404],[143.688,-14.016],[143.536,-13.764],[143.596,-13.436],[143.528,-13.328],[143.496,-12.856],[143.364,-12.804],[143.432,-12.612],[143.252,-12.388],[143.076,-12.328],[143.088,-12.148],[143.204,-11.984],[142.872,-11.852],[142.74,-10.976],[142.448,-10.716],[142.324,-10.9],[142.176,-10.932],[142.132,-11.34],[141.948,-11.896],[141.8,-12.056],[141.664,-12.44],[141.812,-12.584],[141.756,-12.82],[141.584,-12.976],[141.692,-13.26],[141.56,-13.492],[141.476,-13.776],[141.584,-14.076],[141.52,-14.484],[141.664,-15.012],[141.488,-15.48],[141.4,-15.904],[141.424,-16.08],[141.2,-16.704],[140.948,-17.02],[140.832,-17.452],[140.508,-17.636],[140,-17.708],[139.924,-17.62],[139.64,-17.532],[139.44,-17.376],[139.276,-17.348],[139.036,-16.916],[138.656,-16.78],[138.492,-16.796],[138.184,-16.696],[138,-16.54],[138,-18.032],[138,-19.212],[138,-20.98],[138,-22.752],[138,-24.524],[138,-26]]],[[[153.368,-24.988],[153.04,-25.184],[153.068,-25.328],[152.948,-25.552],[153.084,-25.664],[153.368,-24.988]]],[[[139.736,-16.444],[139.604,-16.4],[139.288,-16.472],[139.136,-16.696],[139.444,-16.664],[139.736,-16.444]]]]},"properties":{"id":"AU-QLD"}},
{"type":"Feature","geometry":{"type":"Polygon","coordinates":[[[141,-34.02],[141.568,-34.212],[141.748,-34.104],[142.024,-34.112],[142.236,-34.192],[142.408,-34.356],[142.384,-34.532],[142.556,-34.776],[142.728,-34.604],[143.144,-34.7],[143.36,-34.808],[143.408,-35.18],[143.596,-35.36],[143.776,-35.42],[144.324,-35.756],[144.424,-35.912],[144.74,-36.136],[144.892,-36.076],[145.008,-35.868],[145.572,-35.844],[145.744,-35.964],[146.216,-36.056],[146.624,-35.992],[146.932,-36.116],[147.308,-36.052],[147.396,-35.968],[147.712,-35.94],[147.996,-36.06],[148.216,-36.8],[149.972,-37.512],[150.02,-37.22],[149.904,-36.928],[150.144,-36.32],[150.164,-35.956],[150.612,-35.188],[150.704,-35.12],[150.92,-34.488],[150.924,-34.332],[151.168,-34.112],[151.292,-33.892],[151.344,-33.548],[151.424,-33.528],[151.672,-33.06],[151.836,-32.864],[152.188,-32.76],[152.236,-32.608],[152.52,-32.428],[152.512,-32.16],[152.936,-31.484],[152.98,-31.164],[153.088,-30.928],[152.988,-30.736],[153.052,-30.472],[153.204,-30.128],[153.32,-29.696],[153.34,-29.324],[153.452,-29.036],[153.604,-28.868],[153.632,-28.66],[153.564,-28.46],[153.592,-28.268],[153.508,-28.148],[153.192,-28.26],[153.116,-28.352],[152.54,-28.316],[151.968,-28.536],[152.068,-28.704],[152.024,-28.876],[151.556,-28.956],[151.424,-29.156],[151.288,-28.92],[151.044,-28.736],[150.792,-28.636],[150.448,-28.648],[150.3,-28.536],[150.02,-28.6],[149.484,-28.584],[149.416,-28.68],[149.092,-28.848],[148.972,-29],[147.316,-29],[145.856,-29],[143.916,-29],[141.972,-29],[141,-29],[141,-30.572],[141,-31.828],[141,-32.768],[141,-34.02]],[[149.348,-35.36],[149.188,-35.38],[149.088,-35.612],[149.108,-35.828],[148.948,-35.888],[148.792,-35.708],[148.824,-35.312],[149.104,-35.144],[149.348,-35.36]]]},"properties":{"id":"AU-NSW"}},
{"type":"Feature","geometry":{"type":"Polygon","coordinates":[[[150.612,-35.188],[150.76,-35.18],[150.704,-35.12],[150.612,-35.188]]]},"properties":{"id":"AU-JERVISBAY"}},
{"type":"Feature","geometry":{"type":"Polygon","coordinates":[[[140.968,-38.06],[141.136,-38.128],[141.436,-38.376],[141.672,-38.284],[141.948,-38.284],[142.224,-38.404],[142.396,-38.368],[142.812,-38.58],[143.06,-38.636],[143.536,-38.86],[143.844,-38.692],[144.052,-38.484],[144.4,-38.3],[144.652,-38.284],[144.524,-38.084],[144.984,-37.9],[145.12,-38.16],[144.888,-38.484],[145.024,-38.492],[145.296,-38.232],[145.476,-38.244],[145.432,-38.444],[145.572,-38.66],[145.808,-38.652],[145.916,-38.896],[146.256,-38.7],[146.412,-38.74],[146.88,-38.644],[147.588,-38.08],[147.916,-37.92],[148.308,-37.824],[149.48,-37.784],[149.788,-37.552],[149.972,-37.512],[148.216,-36.8],[147.996,-36.06],[147.712,-35.94],[147.396,-35.968],[147.308,-36.052],[146.932,-36.116],[146.624,-35.992],[146.216,-36.056],[145.744,-35.964],[145.572,-35.844],[145.008,-35.868],[144.892,-36.076],[144.74,-36.136],[144.424,-35.912],[144.324,-35.756],[143.776,-35.42],[143.596,-35.36],[143.408,-35.18],[143.36,-34.808],[143.144,-34.7],[142.728,-34.604],[142.556,-34.776],[142.384,-34.532],[142.408,-34.356],[142.236,-34.192],[142.024,-34.112],[141.748,-34.104],[141.568,-34.212],[141,-34.02],[140.968,-34.568],[140.968,-35.564],[140.968,-37.064],[140.968,-38.06]]]},"properties":{"id":"AU-VIC"}},
{"type":"Feature","geometry":{"type":"Polygon","coordinates":[[[17.768,-31.156],[18.172,-31.664],[18.276,-31.892],[18.348,-32.26],[18.272,-32.648],[18.08,-32.78],[17.852,-32.828],[17.912,-33.048],[18.148,-33.356],[18.308,-33.48],[18.476,-33.9],[18.316,-34.028],[18.86,-34.152],[18.808,-34.364],[19.088,-34.344],[19.304,-34.416],[19.4,-34.6],[19.644,-34.772],[19.952,-34.808],[20.524,-34.456],[20.96,-34.356],[21.264,-34.42],[21.516,-34.352],[21.704,-34.392],[22.116,-34.192],[22.276,-34.056],[22.628,-33.996],[22.936,-34.084],[23.408,-34.112],[23.636,-33.98],[23.688,-33.872],[23.564,-33.496],[23.26,-33.4],[22.748,-33.4],[23,-32.888],[23.372,-32.768],[23.244,-32.424],[23.884,-32.228],[24.092,-32.124],[24.18,-31.952],[24.148,-31.788],[23.864,-31.8],[23.7,-31.668],[23.4,-31.68],[23.028,-31.888],[22.604,-31.776],[22.292,-31.572],[22.1,-32.056],[21.852,-32.244],[21.552,-32.24],[21.192,-32.46],[21.116,-32.608],[20.864,-32.676],[20.704,-32.92],[20.42,-32.936],[20.208,-32.764],[20.084,-32.412],[19.924,-32.356],[19.488,-32.464],[19.424,-32.312],[19.472,-32.08],[19.212,-31.912],[19.072,-31.748],[18.996,-31.288],[18.904,-31.008],[18.94,-30.724],[18.56,-30.472],[18.412,-30.5],[18.248,-30.784],[18.024,-30.776],[17.768,-31.156]]]},"properties":{"id":"ZA-WC"}},
{"type":"Feature","geometry":{"type":"MultiPolygon","coordinates":[[[[111.672,-6.732],[111.6,-6.96],[111.608,-7.152],[111.444,-7.312],[111.22,-7.252],[111.184,-7.528],[111.308,-7.836],[110.964,-8.116],[110.944,-8.228],[111.444,-8.276],[111.672,-8.368],[111.792,-8.256],[112.368,-8.34],[112.672,-8.448],[113.196,-8.276],[113.724,-8.528],[114.196,-8.644],[114.46,-8.62],[114.36,-8.408],[114.468,-7.832],[114.016,-7.62],[113.804,-7.72],[113.528,-7.7],[113.3,-7.788],[112.76,-7.532],[112.824,-7.264],[112.7,-7.256],[112.584,-6.988],[112.364,-6.872],[112.068,-6.892],[111.672,-6.732]]],[[[114.044,-6.916],[113.924,-6.864],[112.916,-6.892],[112.692,-7.06],[112.744,-7.16],[113.128,-7.232],[113.548,-7.232],[113.664,-7.112],[113.832,-7.132],[114.044,-6.916]]]]},"properties":{"id":"ID-JI"}},
{"type":"Feature","geometry":{"type":"MultiPolygon","coordinates":[[[[129.84,-7.876],[129.724,-7.796],[129.596,-7.924],[129.776,-8.056],[129.84,-7.876]]],[[[126.836,-7.728],[126.632,-7.564],[126.328,-7.696],[125.948,-7.68],[125.808,-7.864],[126.42,-7.932],[126.56,-7.82],[126.836,-7.728]]],[[[131.7,-7.228],[131.528,-7.172],[131.348,-7.44],[131.256,-7.472],[131.12,-7.732],[131.116,-8],[131.36,-7.948],[131.388,-7.848],[131.644,-7.6],[131.7,-7.228]]],[[[134.484,-6.576],[134.448,-6.44],[134.124,-6.172],[134.072,-6.828],[134.312,-6.86],[134.484,-6.576]]],[[[134.76,-6.156],[134.764,-5.892],[134.696,-5.536],[134.492,-5.448],[134.352,-5.716],[134.276,-6.084],[134.332,-6.22],[134.608,-6.368],[134.76,-6.156]]],[[[128.332,-3.512],[128.036,-3.588],[128.128,-3.748],[128.336,-3.612],[128.332,-3.512]]],[[[127.24,-3.472],[127.26,-3.372],[127.092,-3.2],[126.72,-3.06],[126.42,-3.072],[125.992,-3.248],[126.172,-3.604],[126.744,-3.86],[127.244,-3.608],[127.24,-3.472]]],[[[130.872,-3.572],[130.668,-3.404],[130.58,-3.124],[130.344,-2.976],[130.048,-2.992],[129.612,-2.808],[129.444,-2.784],[129.12,-2.956],[129.052,-2.804],[128.864,-2.864],[128.516,-2.836],[128.176,-2.856],[127.876,-3.208],[128.284,-3.22],[128.484,-3.464],[128.876,-3.204],[128.96,-3.356],[129.112,-3.348],[129.484,-3.464],[129.544,-3.296],[129.892,-3.332],[129.984,-3.46],[130.42,-3.636],[130.816,-3.868],[130.872,-3.572]]]]},"properties":{"id":"ID-MA"}},
{"type":"Feature","geometry":{"type":"MultiPolygon","coordinates":[[[[116.632,-8.276],[116.376,-8.2],[116.028,-8.444],[116.06,-8.712],[116.004,-8.9],[116.564,-8.896],[116.5,-8.804],[116.744,-8.392],[116.632,-8.276]]],[[[119.204,-8.612],[119.076,-8.652],[118.988,-8.308],[118.444,-8.256],[118.244,-8.328],[118.116,-8.112],[117.896,-8.092],[117.708,-8.228],[118.004,-8.472],[118.068,-8.656],[117.804,-8.72],[117.56,-8.404],[117.352,-8.448],[117.196,-8.356],[116.792,-8.584],[116.82,-8.788],[116.764,-9.016],[117.008,-9.108],[117.336,-9.06],[117.736,-8.908],[117.892,-8.936],[118.3,-8.756],[118.464,-8.864],[118.9,-8.688],[119.152,-8.744],[119.204,-8.612]]]]},"properties":{"id":"ID-NB"}},
{"type":"Feature","geometry":{"type":"Polygon","coordinates":[[[121.088,-2.912],[121.276,-2.88],[121.476,-3.02],[121.6,-2.972],[121.772,-2.8],[121.788,-2.672],[121.448,-2.388],[120.804,-2.24],[120.624,-2.104],[120.448,-1.868],[120.048,-1.86],[119.872,-1.956],[119.648,-2.176],[119.784,-2.696],[119.56,-2.748],[119.544,-2.908],[119.64,-3.12],[119.412,-3.216],[119.492,-3.488],[119.456,-3.716],[119.584,-3.972],[119.628,-4.316],[119.592,-4.564],[119.492,-4.756],[119.524,-4.884],[119.352,-5.356],[119.436,-5.52],[119.648,-5.68],[119.804,-5.692],[119.916,-5.568],[120.1,-5.596],[120.324,-5.508],[120.38,-5.336],[120.264,-5.148],[120.308,-4.872],[120.388,-4.828],[120.404,-4.576],[120.352,-3.932],[120.448,-3.728],[120.396,-3.384],[120.232,-2.952],[120.776,-2.616],[121.004,-2.66],[121.088,-2.912]]]},"properties":{"id":"ID-SN"}},
{"type":"Feature","geometry":{"type":"Polygon","coordinates":[[[111.672,-6.732],[111.156,-6.692],[111.052,-6.456],[110.924,-6.404],[110.732,-6.456],[110.572,-6.836],[110.356,-6.972],[110.2,-6.892],[109.896,-6.92],[109.532,-6.836],[109.352,-6.876],[108.896,-6.816],[108.788,-7.06],[108.596,-7.144],[108.548,-7.28],[108.704,-7.392],[108.8,-7.664],[109.368,-7.712],[110.044,-7.888],[110.136,-7.676],[110.44,-7.568],[110.508,-7.784],[110.752,-7.832],[110.844,-8.2],[110.944,-8.228],[110.964,-8.116],[111.308,-7.836],[111.184,-7.528],[111.22,-7.252],[111.444,-7.312],[111.608,-7.152],[111.6,-6.96],[111.672,-6.732]]]},"properties":{"id":"ID-JT"}},
{"type":"Feature","geometry":{"type":"Polygon","coordinates":[[[108.896,-6.816],[108.604,-6.76],[108.54,-6.488],[108.216,-6.236],[108.092,-6.328],[107.812,-6.188],[107.68,-6.24],[107.472,-6.144],[107.356,-5.976],[107.152,-5.972],[106.988,-6.08],[106.924,-6.38],[106.764,-6.3],[106.74,-6.388],[106.42,-6.372],[106.452,-6.836],[106.404,-6.992],[106.54,-7.056],[106.376,-7.312],[106.524,-7.412],[107.412,-7.496],[107.688,-7.664],[108.328,-7.816],[108.54,-7.692],[108.8,-7.664],[108.704,-7.392],[108.548,-7.28],[108.596,-7.144],[108.788,-7.06],[108.896,-6.816]]]},"properties":{"id":"ID-JB"}},
{"type":"Feature","geometry":{"type":"Polygon","coordinates":[[[106.988,-6.08],[106.732,-6.06],[106.764,-6.3],[106.924,-6.38],[106.988,-6.08]]]},"properties":{"id":"ID-JK"}},
{"type":"Feature","geometry":{"type":"Polygon","coordinates":[[[106.764,-6.3],[106.732,-6.06],[106.496,-6.036],[106.052,-5.88],[105.888,-6.072],[105.824,-6.436],[105.452,-6.808],[105.556,-6.856],[105.96,-6.816],[106.284,-6.984],[106.404,-6.992],[106.452,-6.836],[106.42,-6.372],[106.74,-6.388],[106.764,-6.3]]]},"properties":{"id":"ID-BT"}},
{"type":"Feature","geometry":{"type":"Polygon","coordinates":[[[110.044,-7.888],[110.476,-8.112],[110.844,-8.2],[110.752,-7.832],[110.508,-7.784],[110.44,-7.568],[110.136,-7.676],[110.044,-7.888]]]},"properties":{"id":"ID-YO"}},
{"type":"Feature","geometry":{"type":"MultiPolygon","coordinates":[[[[121.088,-2.912],[121.068,-3.192],[120.872,-3.444],[120.892,-3.54],[121.356,-3.968],[121.628,-4.088],[121.536,-4.232],[121.484,-4.656],[121.704,-4.836],[121.992,-4.856],[122.108,-4.52],[122.6,-4.396],[122.768,-4.48],[122.9,-4.388],[122.908,-4.196],[122.676,-4.124],[122.624,-3.952],[122.44,-3.732],[122.2,-3.556],[122.34,-3.236],[122.208,-3.112],[121.78,-2.984],[121.6,-2.972],[121.476,-3.02],[121.276,-2.88],[121.088,-2.912]]],[[[122.068,-5.216],[121.852,-5.104],[121.808,-5.26],[121.968,-5.468],[122.068,-5.216]]],[[[122.78,-4.916],[122.736,-4.644],[122.404,-4.736],[122.328,-4.836],[122.404,-5.06],[122.276,-5.328],[122.544,-5.428],[122.656,-5.324],[122.644,-5.08],[122.78,-4.916]]],[[[123.148,-5.224],[122.984,-5.088],[123.048,-4.752],[123.204,-4.612],[123.02,-4.392],[122.908,-4.476],[122.764,-5.208],[122.568,-5.508],[122.64,-5.664],[122.828,-5.676],[122.976,-5.396],[123.148,-5.224]]],[[[123.204,-3.992],[123.016,-3.98],[122.976,-4.128],[123.088,-4.236],[123.252,-4.088],[123.204,-3.992]]]]},"properties":{"id":"ID-SG"}},
{"type":"Feature","geometry":{"type":"MultiPolygon","coordinates":[[[[134.672,-2.836],[134.66,-2.564],[134.476,-2.58],[134.192,-2.38],[134.088,-1.684],[134.208,-1.572],[134.28,-1.352],[134.036,-0.956],[134.1,-0.812],[133.976,-0.724],[133.744,-0.752],[133.392,-0.724],[133.156,-0.532],[132.708,-0.36],[132.436,-0.348],[132.1,-0.468],[131.884,-0.68],[131.244,-0.82],[131.292,-0.916],[131.18,-1.216],[131.032,-1.276],[131.004,-1.456],[131.204,-1.524],[131.572,-1.48],[131.928,-1.708],[131.972,-1.964],[132.072,-2.104],[132.348,-2.272],[132.56,-2.184],[132.7,-2.304],[133.296,-2.204],[133.548,-2.244],[133.864,-2.216],[133.92,-2.388],[133.736,-2.516],[133.32,-2.492],[133.26,-2.416],[133.032,-2.48],[132.736,-2.808],[132.584,-2.716],[132.2,-2.676],[131.996,-2.916],[132.324,-2.948],[132.552,-3.108],[132.832,-3.46],[132.756,-3.628],[132.792,-3.928],[132.908,-4.088],[133.268,-4.052],[133.456,-3.848],[133.408,-3.724],[133.588,-3.568],[133.844,-3.64],[133.96,-3.836],[134.172,-3.788],[134.316,-4.02],[134.432,-3.908],[134.66,-4.132],[134.872,-4.256],[135.264,-3.76],[134.26,-3.4],[134.256,-3.308],[134.444,-3.024],[134.672,-2.836]]],[[[130.388,-1.888],[130.352,-1.74],[130.012,-1.752],[129.744,-1.864],[129.924,-2.004],[130.128,-2.068],[130.372,-2.012],[130.388,-1.888]]],[[[131.056,-1],[130.912,-0.896],[130.68,-0.956],[130.748,-1.224],[130.984,-1.348],[131.056,-1]]],[[[131.296,-0.236],[131.152,-0.084],[130.824,-0.004],[130.368,-0.12],[130.316,-0.26],[130.68,-0.34],[130.696,-0.08],[130.952,-0.348],[131.156,-0.332],[131.296,-0.236]]]]},"properties":{"id":"ID-PB"}},
{"type":"Feature","geometry":{"type":"MultiPolygon","coordinates":[[[[121.6,-2.972],[121.78,-2.984],[122.208,-3.112],[122.34,-3.236],[122.312,-2.928],[122.016,-2.692],[122.02,-2.616],[121.824,-2.288],[121.328,-1.92],[121.692,-1.908],[121.8,-1.716],[122.184,-1.616],[122.368,-1.492],[122.812,-0.924],[123.06,-0.88],[123.24,-1.024],[123.384,-1.004],[123.456,-0.76],[123.24,-0.572],[122.824,-0.612],[122.912,-0.764],[122.208,-0.764],[122.104,-0.928],[121.716,-0.936],[121.5,-0.86],[121.072,-1.42],[120.804,-1.344],[120.676,-1.396],[120.584,-1.104],[120.412,-0.904],[120.244,-0.888],[120.088,-0.656],[119.996,-0.208],[120.128,0.18],[120.376,0.476],[120.68,0.532],[120.892,0.424],[121.332,0.464],[121.16,0.688],[121.304,0.828],[121.508,0.848],[121.84,0.972],[122.044,0.944],[122.196,1.028],[121.928,1.1],[121.632,1.06],[121.432,1.232],[121.264,1.228],[120.968,1.348],[120.82,1.312],[120.804,1.068],[120.684,0.992],[120.568,0.784],[120.34,0.872],[120.064,0.744],[120.032,0.516],[119.912,0.472],[119.792,0.196],[119.888,0.072],[119.792,-0.108],[119.756,-0.468],[119.868,-0.788],[119.684,-0.736],[119.568,-0.832],[119.6,-1.152],[119.496,-1.328],[119.64,-1.392],[119.824,-1.728],[119.872,-1.956],[120.048,-1.86],[120.448,-1.868],[120.624,-2.104],[120.804,-2.24],[121.448,-2.388],[121.788,-2.672],[121.772,-2.8],[121.6,-2.972]]],[[[123.504,-1.264],[123.2,-1.156],[122.9,-1.184],[122.812,-1.444],[122.876,-1.584],[123.096,-1.348],[123.184,-1.484],[123.528,-1.432],[123.504,-1.264]]]]},"properties":{"id":"ID-ST"}},
{"type":"Feature","geometry":{"type":"MultiPolygon","coordinates":[[[[126.328,-1.82],[125.992,-1.784],[125.704,-1.82],[125.404,-1.776],[125.436,-1.932],[126.272,-1.868],[126.328,-1.82]]],[[[125.316,-1.78],[124.632,-1.632],[124.384,-1.668],[124.332,-1.828],[124.408,-2.004],[124.544,-2.008],[124.852,-1.896],[125.012,-1.944],[125.32,-1.864],[125.316,-1.78]]],[[[128.144,-1.596],[127.9,-1.428],[127.624,-1.328],[127.404,-1.492],[127.38,-1.632],[127.532,-1.732],[127.704,-1.692],[128.052,-1.716],[128.144,-1.596]]],[[[127.888,-0.764],[127.608,-0.628],[127.684,-0.46],[127.532,-0.304],[127.304,-0.512],[127.468,-0.82],[127.624,-0.752],[127.748,-0.884],[127.888,-0.764]]],[[[127.668,-0.208],[127.852,-0.364],[128.048,-0.712],[128.228,-0.708],[128.044,-0.416],[127.892,-0.016],[127.88,0.3],[127.96,0.484],[128.264,0.392],[128.704,0.332],[128.684,0.54],[128.312,0.668],[128.316,0.9],[128.7,1.072],[128.72,1.572],[128.46,1.544],[128.188,1.376],[128.196,1.196],[127.936,1.008],[127.796,0.8],[127.636,1],[127.896,1.156],[128.036,1.536],[128.016,1.72],[127.852,1.824],[128.052,2.148],[127.916,2.172],[127.58,1.752],[127.54,1.476],[127.404,1.228],[127.492,1.056],[127.572,0.424],[127.712,0.276],[127.668,-0.208]]],[[[128.688,2.484],[128.468,2.596],[128.196,2.268],[128.344,2.04],[128.568,2.108],[128.688,2.484]]]]},"properties":{"id":"ID-MU"}},
{"type":"Feature","geometry":{"type":"MultiPolygon","coordinates":[[[[-90.192,-0.54],[-90.488,-0.524],[-90.544,-0.68],[-90.336,-0.776],[-90.2,-0.68],[-90.192,-0.54]]],[[[-91.4,-0.452],[-91.476,-0.248],[-91.644,-0.404],[-91.4,-0.452]]],[[[-90.812,-0.732],[-90.956,-0.608],[-90.964,-0.44],[-91.184,-0.212],[-91.208,-0.012],[-91.424,-0.028],[-91.352,-0.308],[-91.096,-0.568],[-91.436,-0.78],[-91.4,-1.02],[-91.16,-1.032],[-90.928,-0.972],[-90.812,-0.732]]]]},"properties":{"id":"EC-W"}},
{"type":"Feature","geometry":{"type":"MultiPolygon","coordinates":[[[[104.656,1.096],[104.4,1.204],[104.484,0.86],[104.66,0.936],[104.656,1.096]]],[[[108.396,3.876],[108.392,3.996],[108.172,4.18],[107.984,4.012],[108.064,3.856],[108.316,3.684],[108.396,3.876]]],[[[104.548,-0.4],[104.324,-0.364],[104.256,-0.476],[104.52,-0.596],[104.548,-0.4]]],[[[104.928,-0.236],[104.768,-0.188],[104.62,-0.004],[104.496,-0.136],[104.54,-0.272],[104.928,-0.236]]]]},"properties":{"id":"ID-KR"}},
{"type":"Feature","geometry":{"type":"MultiPolygon","coordinates":[[[[100.312,2.556],[100.28,2.356],[100.304,1.88],[100.44,1.6],[100.104,1.416],[100.224,1.148],[100.172,0.756],[100.264,0.452],[100.508,0.444],[100.848,0.184],[100.748,-0.064],[100.856,-0.324],[101,-0.4],[101.236,-0.704],[101.524,-0.932],[101.768,-1.04],[102.012,-0.88],[102.26,-0.88],[102.356,-1.012],[102.54,-1.084],[102.804,-0.792],[103.44,-0.748],[103.372,-0.648],[103.484,-0.372],[103.496,-0.12],[103.792,-0.012],[103.712,0.312],[103.364,0.536],[103.076,0.444],[103.056,0.56],[102.876,0.728],[102.552,0.74],[102.24,0.984],[102.12,1.388],[101.78,1.644],[101.592,1.656],[101.376,1.772],[101.3,2.048],[100.908,2.3],[100.812,2.248],[100.856,2],[100.56,2.156],[100.38,2.356],[100.312,2.556]]],[[[103.048,0.796],[102.556,1.124],[102.5,0.972],[102.408,0.872],[102.556,0.78],[103.048,0.796]]],[[[102.472,1.244],[102.292,1.404],[102.2,1.296],[102.232,1.1],[102.332,0.964],[102.464,0.964],[102.472,1.244]]],[[[101.72,2.06],[101.44,2.064],[101.46,1.764],[101.716,1.78],[101.72,2.06]]]]},"properties":{"id":"ID-RI"}},
{"type":"Feature","geometry":{"type":"Polygon","coordinates":[[[121.332,0.464],[121.692,0.524],[121.8,0.428],[122.324,0.496],[122.976,0.484],[123.076,0.516],[123.24,0.324],[123.456,0.312],[123.44,0.612],[123.248,0.732],[123.096,0.928],[122.968,0.964],[122.848,0.82],[122.624,0.968],[122.196,1.028],[122.044,0.944],[121.84,0.972],[121.508,0.848],[121.304,0.828],[121.16,0.688],[121.332,0.464]]]},"properties":{"id":"ID-GO"}},
{"type":"Feature","geometry":{"type":"MultiPolygon","coordinates":[[[[123.456,0.312],[123.744,0.312],[124.32,0.4],[124.504,0.536],[124.664,0.804],[124.9,0.972],[125.144,1.42],[125.248,1.484],[125.18,1.668],[124.972,1.724],[124.852,1.488],[124.548,1.36],[124.592,1.196],[124.388,1.188],[124.316,1.036],[123.948,0.84],[123.564,0.868],[123.368,0.928],[123.096,0.928],[123.248,0.732],[123.44,0.612],[123.456,0.312]]],[[[126.872,4.332],[126.732,4.536],[126.664,4.036],[126.808,4.036],[126.872,4.332]]]]},"properties":{"id":"ID-SA"}},
{"type":"Feature","geometry":{"type":"Polygon","coordinates":[[[119.872,-1.956],[119.824,-1.728],[119.64,-1.392],[119.496,-1.328],[119.6,-1.152],[119.568,-0.832],[119.452,-1.096],[119.328,-1.216],[119.308,-1.696],[119.356,-1.936],[119.216,-2.008],[119.136,-2.204],[119.14,-2.44],[118.756,-2.776],[118.88,-2.86],[118.764,-3.092],[118.928,-3.568],[119.296,-3.428],[119.492,-3.488],[119.412,-3.216],[119.64,-3.12],[119.544,-2.908],[119.56,-2.748],[119.784,-2.696],[119.648,-2.176],[119.872,-1.956]]]},"properties":{"id":"ID-SR"}},
{"type":"Feature","geometry":{"type":"MultiPolygon","coordinates":[[[[121.38,6.004],[121.044,6.096],[121.08,5.888],[121.38,6.004]]],[[[125.832,7.356],[125.956,7.048],[126.08,6.844],[126.096,6.516],[126.228,6.468],[126.256,6.768],[126.348,7],[126.612,7.256],[126.584,7.72],[126.384,7.9],[126.464,8.228],[126.356,8.536],[126.14,8.656],[126.3,8.768],[126.312,8.956],[126.18,9.092],[125.936,9.492],[125.4,9.68],[125.464,9.444],[125.544,9.188],[125.516,9.016],[125.44,8.98],[125.204,9.08],[125.116,8.832],[124.916,8.996],[124.78,8.948],[124.752,8.56],[124.572,8.528],[124.404,8.608],[124.26,8.324],[124.232,8.212],[123.968,8.168],[123.688,7.968],[123.676,8.012],[123.872,8.152],[123.844,8.452],[123.76,8.608],[123.548,8.62],[123.056,8.504],[122.924,8.152],[122.648,8.116],[122.292,8.008],[122.128,7.816],[122.048,7.3],[121.904,7.156],[121.936,6.98],[122.156,6.928],[122.36,7.472],[122.596,7.76],[122.816,7.744],[122.832,7.548],[122.996,7.468],[123.096,7.716],[123.224,7.516],[123.484,7.664],[123.616,7.832],[123.86,7.704],[124.064,7.604],[124.168,7.432],[124.22,7.32],[124.184,7.228],[124.028,7.116],[123.964,6.82],[124.036,6.76],[124.056,6.436],[124.244,6.188],[124.372,6.132],[124.94,5.864],[125.112,5.952],[125.24,6.096],[125.18,5.8],[125.308,5.584],[125.388,5.572],[125.668,5.952],[125.708,6.148],[125.572,6.516],[125.396,6.6],[125.388,6.768],[125.508,7.016],[125.66,7.128],[125.676,7.264],[125.832,7.356]]],[[[118.64,9.52],[118.876,9.972],[119.196,10.056],[119.356,10.328],[119.564,10.372],[119.708,10.496],[119.592,10.672],[119.504,10.972],[119.568,11.26],[119.42,11.296],[119.408,11.048],[119.224,10.852],[119.344,10.724],[119.28,10.508],[118.992,10.3],[118.824,10.196],[118.532,9.776],[118.384,9.656],[118.128,9.336],[117.904,9.26],[117.656,9.056],[117.292,8.64],[117.32,8.452],[117.512,8.508],[117.564,8.66],[117.772,8.704],[118.012,8.888],[118.132,9.128],[118.336,9.18],[118.64,9.52]]],[[[120.348,12.028],[120.02,12.252],[119.984,12.024],[120.136,11.976],[120.348,12.028]]],[[[125.72,9.912],[125.66,10.26],[125.496,10.104],[125.72,9.912]]],[[[125.168,10.624],[125.008,10.796],[125.04,11.196],[124.976,11.336],[124.844,11.432],[124.628,11.304],[124.404,11.304],[124.396,10.952],[124.548,10.984],[124.624,11.004],[124.78,10.82],[124.74,10.396],[124.768,10.184],[125,10.2],[125.268,10.368],[125.168,10.624]]],[[[125.316,12.304],[125.348,12.4],[125.168,12.58],[124.68,12.516],[124.276,12.532],[124.372,12.292],[124.568,12.052],[124.68,12.028],[125,11.624],[125.004,11.42],[125.24,11.096],[125.44,11.096],[125.568,11.268],[125.472,11.604],[125.452,11.964],[125.5,12.248],[125.316,12.304]]],[[[122.244,16.512],[122.344,16.644],[122.528,17.092],[122.436,17.292],[122.252,17.36],[122.184,17.54],[122.14,17.8],[122.18,18.12],[122.308,18.252],[122.22,18.524],[121.976,18.288],[121.612,18.36],[121.108,18.644],[120.996,18.608],[120.852,18.64],[120.612,18.54],[120.588,18.364],[120.428,17.896],[120.332,17.556],[120.44,17.368],[120.396,16.92],[120.328,16.832],[120.308,16.544],[120.4,16.208],[120.364,16.108],[120.256,16.052],[119.9,16.252],[119.756,16.204],[119.756,15.944],[119.888,15.8],[119.888,15.428],[120.004,15.268],[120.092,14.796],[120.208,14.88],[120.284,14.808],[120.404,14.456],[120.596,14.504],[120.544,14.828],[120.664,14.78],[120.916,14.696],[120.948,14.628],[120.98,14.556],[120.984,14.536],[120.972,14.504],[120.96,14.496],[120.596,14.22],[120.62,13.848],[120.744,13.932],[121.28,13.596],[121.464,13.696],[121.456,13.82],[121.548,13.88],[121.636,13.908],[121.724,13.968],[122.12,13.752],[122.5,13.368],[122.62,13.552],[122.496,13.652],[122.56,13.932],[122.74,13.82],[122.816,13.652],[123.168,13.448],[123.292,13.244],[123.312,13.012],[123.496,12.976],[123.82,12.832],[123.88,12.644],[124.096,12.556],[124.144,12.796],[124.08,13.008],[123.936,13.12],[123.748,13.156],[123.796,13.308],[123.592,13.528],[123.588,13.728],[123.796,13.688],[123.936,13.784],[123.476,13.952],[123.328,14.072],[123.22,13.992],[123.316,13.82],[123.108,13.724],[123.048,13.82],[123.08,13.988],[122.852,14.28],[122.472,14.344],[122.308,14.096],[122.232,13.908],[121.936,13.996],[121.732,14.188],[121.664,14.416],[121.56,14.988],[121.448,15.208],[121.38,15.308],[121.636,15.724],[121.576,15.932],[121.752,16.076],[122.204,16.264],[122.244,16.512]]],[[[124.564,9.872],[124.588,10.024],[124.332,10.16],[124.184,10.144],[124.052,9.98],[123.888,9.916],[123.808,9.74],[123.936,9.616],[124.296,9.608],[124.412,9.66],[124.564,9.872]]],[[[122.92,10.62],[122.82,10.472],[122.88,10.12],[122.708,9.988],[122.476,9.976],[122.396,9.836],[122.596,9.436],[122.868,9.324],[123.032,9.036],[123.232,9.108],[123.32,9.344],[123.196,9.488],[123.156,9.868],[123.292,10.092],[123.364,10.392],[123.484,10.548],[123.576,10.824],[123.52,10.92],[123.212,10.996],[122.968,10.876],[122.976,10.744],[122.92,10.62]]],[[[123.936,10.308],[123.98,10.376],[124.04,10.484],[124.068,10.888],[123.952,11.156],[123.848,10.752],[123.708,10.46],[123.384,9.944],[123.316,9.508],[123.488,9.568],[123.72,10.156],[123.868,10.248],[123.936,10.308]]],[[[121.852,11.768],[122.108,11.656],[122.044,11.016],[121.936,10.776],[122.032,10.46],[122.228,10.644],[122.472,10.688],[122.616,10.76],[122.76,10.812],[122.78,10.956],[123.016,11.092],[123.176,11.468],[123.088,11.528],[122.9,11.436],[122.856,11.592],[122.592,11.556],[122.388,11.728],[121.964,11.932],[121.852,11.768]]],[[[124.056,11.8],[124.04,11.988],[123.884,12.212],[123.448,12.512],[123.272,12.424],[123.18,11.932],[123.424,12.2],[123.54,12.192],[123.712,11.956],[124.056,11.8]]],[[[120.892,13.504],[120.564,13.512],[120.48,13.3],[120.76,13.004],[120.796,12.728],[121.132,12.24],[121.248,12.22],[121.424,12.384],[121.548,12.644],[121.484,12.768],[121.488,13.036],[121.432,13.224],[121.216,13.404],[120.892,13.504]]],[[[122.1,13.416],[121.988,13.532],[121.816,13.34],[121.992,13.2],[122.1,13.416]]],[[[124.416,13.872],[124.124,14.048],[124.12,13.78],[124.028,13.668],[124.172,13.528],[124.388,13.712],[124.416,13.872]]]]},"properties":{"id":"PH"}},
{"type":"Feature","geometry":{"type":"Polygon","coordinates":[[[101.768,-1.04],[101.796,-1.24],[101.68,-1.288],[101.676,-1.5],[101.476,-1.704],[101.112,-1.704],[101.144,-1.92],[101.336,-2.296],[101.436,-2.236],[101.736,-2.636],[102.068,-2.784],[102.26,-2.64],[102.488,-2.728],[102.792,-2.568],[102.864,-2.352],[103.124,-2.396],[103.216,-2.184],[103.42,-2.392],[103.524,-2.224],[103.536,-1.968],[103.888,-1.796],[104.124,-1.832],[104.532,-1.736],[104.456,-1.532],[104.376,-1.032],[104.212,-1.072],[103.956,-0.976],[103.84,-1.032],[103.652,-0.944],[103.44,-0.748],[102.804,-0.792],[102.54,-1.084],[102.356,-1.012],[102.26,-0.88],[102.012,-0.88],[101.768,-1.04]]]},"properties":{"id":"ID-JA"}},
{"type":"Feature","geometry":{"type":"Polygon","coordinates":[[[102.068,-2.784],[102.24,-3.06],[102.432,-3.088],[102.46,-3.252],[102.632,-3.372],[102.764,-3.28],[102.976,-3.396],[102.992,-3.584],[102.7,-3.792],[102.768,-3.96],[103.14,-4.048],[103.184,-4.244],[103.616,-4.42],[103.764,-4.804],[103.888,-4.932],[104.296,-4.892],[104.264,-4.708],[104.308,-4.44],[104.528,-4.32],[105.008,-4.168],[105.308,-3.756],[105.512,-3.868],[105.708,-4.148],[105.828,-4.156],[105.952,-3.832],[105.82,-3.672],[105.928,-3.364],[106.064,-3.268],[106.016,-2.968],[105.792,-2.864],[105.78,-2.692],[105.608,-2.552],[105.624,-2.4],[104.884,-2.284],[104.876,-2.08],[104.664,-2.032],[104.532,-1.736],[104.124,-1.832],[103.888,-1.796],[103.536,-1.968],[103.524,-2.224],[103.42,-2.392],[103.216,-2.184],[103.124,-2.396],[102.864,-2.352],[102.792,-2.568],[102.488,-2.728],[102.26,-2.64],[102.068,-2.784]]]},"properties":{"id":"ID-SS"}},
{"type":"Feature","geometry":{"type":"Polygon","coordinates":[[[103.764,-4.804],[103.608,-4.916],[103.912,-5.14],[103.9,-5.22],[104.296,-5.644],[104.54,-5.84],[104.688,-5.808],[104.532,-5.56],[104.624,-5.492],[105.12,-5.784],[105.312,-5.464],[105.604,-5.808],[105.784,-5.828],[105.908,-4.468],[105.828,-4.156],[105.708,-4.148],[105.512,-3.868],[105.308,-3.756],[105.008,-4.168],[104.528,-4.32],[104.308,-4.44],[104.264,-4.708],[104.296,-4.892],[103.888,-4.932],[103.764,-4.804]]]},"properties":{"id":"ID-LA"}},
{"type":"Feature","geometry":{"type":"Polygon","coordinates":[[[101.336,-2.296],[101.028,-2.48],[101.328,-2.74],[101.636,-3.252],[102.224,-3.644],[102.312,-3.992],[102.7,-4.272],[102.92,-4.492],[103.172,-4.616],[103.392,-4.816],[103.608,-4.916],[103.764,-4.804],[103.616,-4.42],[103.184,-4.244],[103.14,-4.048],[102.768,-3.96],[102.7,-3.792],[102.992,-3.584],[102.976,-3.396],[102.764,-3.28],[102.632,-3.372],[102.46,-3.252],[102.432,-3.088],[102.24,-3.06],[102.068,-2.784],[101.736,-2.636],[101.436,-2.236],[101.336,-2.296]]]},"properties":{"id":"ID-BE"}},
{"type":"Feature","geometry":{"type":"MultiPolygon","coordinates":[[[[100.172,0.756],[99.828,0.868],[99.916,0.568],[99.816,0.468],[99.584,0.564],[99.344,0.472],[99.152,0.252],[99.316,0.244],[99.612,0.1],[99.748,-0.028],[99.812,-0.296],[100,-0.456],[100.3,-0.816],[100.412,-1.04],[100.408,-1.264],[100.572,-1.444],[100.888,-2.036],[100.832,-2.14],[101.028,-2.48],[101.336,-2.296],[101.144,-1.92],[101.112,-1.704],[101.476,-1.704],[101.676,-1.5],[101.68,-1.288],[101.796,-1.24],[101.768,-1.04],[101.524,-0.932],[101.236,-0.704],[101,-0.4],[100.856,-0.324],[100.748,-0.064],[100.848,0.184],[100.508,0.444],[100.264,0.452],[100.172,0.756]]],[[[100.4,-3.184],[100.468,-3.016],[100.256,-2.792],[100.188,-2.968],[100.4,-3.184]]],[[[100.208,-2.692],[99.984,-2.484],[100.008,-2.82],[100.208,-2.692]]],[[[99.824,-2.292],[99.696,-2.068],[99.532,-2.156],[99.712,-2.312],[99.824,-2.292]]],[[[99.276,-1.636],[99.208,-1.572],[98.884,-0.912],[98.66,-0.964],[98.592,-1.2],[98.884,-1.68],[99.1,-1.8],[99.276,-1.636]]]]},"properties":{"id":"ID-SB"}},
{"type":"Feature","geometry":{"type":"MultiPolygon","coordinates":[[[[100.312,2.556],[100.204,2.708],[100.02,2.732],[99.98,2.948],[99.752,3.18],[98.956,3.672],[98.796,3.724],[98.676,3.916],[98.476,4.048],[98.304,4.08],[98.268,4.288],[98.064,4.24],[98,3.98],[97.784,3.744],[97.908,3.432],[97.864,3.256],[97.924,2.908],[98.056,2.812],[98.024,2.576],[98.128,2.328],[98.1,2.188],[98.356,2.004],[98.536,1.936],[98.82,1.62],[98.732,1.516],[98.916,1.116],[99.04,0.652],[99.124,0.508],[99.152,0.252],[99.344,0.472],[99.584,0.564],[99.816,0.468],[99.916,0.568],[99.828,0.868],[100.172,0.756],[100.224,1.148],[100.104,1.416],[100.44,1.6],[100.304,1.88],[100.28,2.356],[100.312,2.556]]],[[[97.928,0.996],[97.692,1.188],[97.488,1.476],[97.348,1.544],[97.232,1.276],[97.388,0.952],[97.612,0.824],[97.704,0.572],[97.884,0.644],[97.928,0.996]]]]},"properties":{"id":"ID-SU"}},
{"type":"Feature","geometry":{"type":"MultiPolygon","coordinates":[[[[98.268,4.288],[98.276,4.424],[98.052,4.552],[97.908,4.888],[97.496,5.252],[97.268,5.156],[96.972,5.272],[96.652,5.216],[96.128,5.28],[95.888,5.512],[95.612,5.628],[95.412,5.648],[95.196,5.548],[95.428,4.828],[96.012,4.224],[96.192,4.124],[96.432,3.824],[96.76,3.748],[97.02,3.524],[97.184,3.244],[97.272,3.216],[97.424,2.928],[97.604,2.868],[97.66,2.412],[97.744,2.28],[97.956,2.272],[98.1,2.188],[98.128,2.328],[98.024,2.576],[98.056,2.812],[97.924,2.908],[97.864,3.256],[97.908,3.432],[97.784,3.744],[98,3.98],[98.064,4.24],[98.268,4.288]]],[[[96.48,2.416],[95.884,2.92],[95.7,2.78],[95.932,2.596],[96.064,2.58],[96.308,2.376],[96.48,2.416]]]]},"properties":{"id":"ID-AC"}},
{"type":"Feature","geometry":{"type":"Polygon","coordinates":[[[113.776,0.56],[113.532,0.26],[113.428,-0.192],[113.004,-0.52],[112.58,-0.704],[112.38,-0.756],[112.12,-0.736],[111.652,-1.016],[111.576,-1.188],[111.416,-1.268],[111.132,-1.532],[111.012,-1.528],[111.012,-2.128],[111.136,-2.404],[111.136,-2.732],[110.96,-2.884],[111.06,-3.06],[111.296,-2.936],[111.584,-3.008],[111.76,-2.908],[111.832,-3.06],[111.824,-3.544],[111.904,-3.572],[112.116,-3.384],[112.304,-3.312],[112.62,-3.424],[113.184,-3.076],[113.344,-3.248],[113.62,-3.184],[113.712,-3.472],[114.108,-3.348],[114.312,-3.432],[114.504,-2.88],[114.784,-2.688],[114.908,-2.42],[114.904,-2.264],[115.132,-2.208],[115.332,-2.036],[115.34,-1.764],[115.428,-1.436],[115.676,-1.424],[115.804,-1.296],[115.74,-1.104],[115.46,-0.884],[115.328,-0.512],[115.276,-0.22],[115.348,0.004],[115.016,0.056],[114.952,0.284],[115.076,0.532],[114.976,0.736],[114.664,0.62],[114.376,0.588],[114.036,0.648],[113.776,0.56]]]},"properties":{"id":"ID-KT"}},
{"type":"Feature","geometry":{"type":"MultiPolygon","coordinates":[[[[115.676,-1.424],[115.428,-1.436],[115.34,-1.764],[115.332,-2.036],[115.132,-2.208],[114.904,-2.264],[114.908,-2.42],[114.784,-2.688],[114.504,-2.88],[114.312,-3.432],[114.524,-3.476],[114.612,-3.684],[114.632,-4.012],[114.712,-4.172],[115.06,-3.984],[115.968,-3.608],[116.164,-3.172],[116.112,-2.932],[116.336,-2.924],[116.392,-2.588],[116.54,-2.512],[116.572,-2.364],[115.996,-2.272],[115.876,-2.352],[115.748,-2],[115.74,-1.784],[115.608,-1.468],[115.676,-1.424]]],[[[116.304,-3.72],[116.264,-3.404],[116.128,-3.32],[116.012,-3.652],[116.116,-4.036],[116.308,-3.88],[116.304,-3.72]]]]},"properties":{"id":"ID-KS"}},
{"type":"Feature","geometry":{"type":"Polygon","coordinates":[[[80.924,8.988],[80.836,9.24],[80.624,9.456],[80.44,9.576],[80.292,9.68],[80.124,9.82],[79.948,9.692],[80.256,9.616],[80.456,9.528],[80.616,9.448],[80.272,9.504],[80.052,9.392],[80.108,9.208],[79.948,8.948],[79.912,8.572],[79.764,7.992],[79.828,7.276],[79.848,6.964],[79.9,6.712],[79.984,6.44],[80.184,6.04],[80.384,5.964],[80.728,5.976],[80.808,6.036],[81.364,6.224],[81.712,6.512],[81.892,7.02],[81.88,7.328],[81.772,7.46],[81.696,7.752],[81.448,8.128],[81.416,8.252],[81.364,8.484],[80.98,8.98],[80.924,8.988]]]},"properties":{"id":"LK"}},
{"type":"Feature","geometry":{"type":"Polygon","coordinates":[[[-68.78,12.096],[-68.836,12.172],[-69.04,12.256],[-69.072,12.34],[-69.164,12.308],[-69.08,12.204],[-68.944,12.104],[-68.78,12.096]]]},"properties":{"id":"CW"}},
{"type":"Feature","geometry":{"type":"Polygon","coordinates":[[[-69.996,12.576],[-70.06,12.536],[-69.888,12.416],[-69.88,12.452],[-69.996,12.576]]]},"properties":{"id":"AW"}},
{"type":"Feature","geometry":{"type":"Polygon","coordinates":[[[80.276,13.512],[80.288,13.528],[80.12,14.244],[80.196,14.564],[80.112,14.704],[80.056,15.016],[80.092,15.304],[80.264,15.676],[80.468,15.836],[80.692,15.9],[81,15.848],[81.156,15.984],[81.248,16.32],[81.316,16.368],[81.764,16.324],[82.308,16.58],[82.364,16.812],[82.3,17.032],[82.476,17.204],[83.24,17.592],[83.612,18.044],[84.076,18.272],[84.424,18.636],[84.776,19.116],[84.696,19.16],[84.316,18.808],[83.904,18.804],[83.8,19],[83.612,19.128],[83.396,18.868],[83.028,18.64],[83.04,18.392],[82.88,18.408],[82.596,18.324],[82.368,18.412],[82.328,18.044],[82.044,18.044],[81.76,17.908],[81.536,17.636],[81.468,17.42],[80.892,17.156],[80.828,17.048],[80.5,17.108],[80.588,16.932],[80.508,16.792],[80.352,16.864],[80.22,17.032],[80.076,16.972],[80.072,16.824],[79.884,16.704],[79.264,16.568],[79.232,16.332],[79.02,16.248],[78.736,16.032],[78.5,16.092],[78.256,16.004],[78.088,15.832],[77.888,15.92],[77.64,15.9],[77.448,15.952],[77.228,15.976],[77.036,15.872],[77.024,15.352],[77.128,15.132],[76.824,14.92],[76.752,14.564],[76.908,14.256],[77.256,14.332],[77.368,14.164],[77.288,14.012],[77.444,13.7],[77.88,13.916],[78.032,13.884],[78.068,13.7],[78.376,13.58],[78.38,13.324],[78.568,13.276],[78.516,13.088],[78.228,12.76],[78.42,12.632],[78.584,12.78],[78.644,12.992],[78.944,13.092],[79.16,13.044],[79.42,13.22],[79.448,13.332],[79.816,13.296],[80.096,13.464],[80.26,13.468],[80.276,13.512]]]},"properties":{"id":"IN-AP"}},
{"type":"Feature","geometry":{"type":"Polygon","coordinates":[[[-103.744,18.692],[-103.476,18.968],[-103.496,19.316],[-103.636,19.488],[-103.832,19.396],[-104.124,19.472],[-104.216,19.32],[-104.536,19.248],[-104.592,19.148],[-103.98,18.876],[-103.744,18.692]]]},"properties":{"id":"MX-COL"}},
{"type":"Feature","geometry":{"type":"Polygon","coordinates":[[[111.012,19.684],[110.936,19.996],[110.64,20.108],[110.58,19.98],[110.384,20.08],[110.088,19.98],[109.72,20.012],[109.304,19.92],[109.168,19.804],[109.156,19.648],[108.632,19.288],[108.616,19.1],[108.692,18.72],[108.696,18.504],[109,18.368],[109.44,18.288],[109.568,18.192],[109.748,18.396],[110.052,18.392],[110.104,18.54],[110.272,18.668],[110.428,18.68],[110.464,18.88],[110.7,19.416],[111.012,19.684]]]},"properties":{"id":"CN-HI"}},
{"type":"Feature","geometry":{"type":"Polygon","coordinates":[[[-105.292,20.684],[-105.096,20.92],[-104.728,21.008],[-104.284,20.708],[-104.212,20.972],[-104.224,21.168],[-103.984,21.272],[-103.944,21.376],[-104.212,21.52],[-104.1,21.784],[-104.4,22.084],[-104.328,22.264],[-104.312,22.32],[-104.336,22.476],[-104.588,22.46],[-104.668,22.624],[-105.132,23.016],[-105.388,23.032],[-105.572,22.792],[-105.468,22.496],[-105.724,22.508],[-105.632,21.956],[-105.416,21.6],[-105.184,21.444],[-105.236,21.06],[-105.516,20.772],[-105.292,20.684]]]},"properties":{"id":"MX-NAY"}},
{"type":"Feature","geometry":{"type":"MultiPolygon","coordinates":[[[[-73.648,21.06],[-73.492,20.924],[-73.128,20.992],[-73.4,21.224],[-73.648,21.06]]],[[[-77.74,24.636],[-77.988,25.012],[-78.156,25],[-78.336,24.672],[-78.136,24.5],[-78.064,24.316],[-77.72,24.5],[-77.74,24.636]]],[[[-77.824,23.98],[-77.644,23.756],[-77.516,23.864],[-77.548,24.124],[-77.744,24.036],[-77.824,23.98]]],[[[-76.312,25.3],[-76.332,25.284],[-76.164,25.128],[-76.172,24.988],[-76.156,24.98],[-76.112,25.116],[-76.312,25.3]]],[[[-78.6,26.532],[-78.412,26.596],[-78.476,26.712],[-78.648,26.504],[-78.6,26.532]]],[[[-77.232,26.284],[-77.348,26.072],[-77.192,25.916],[-77.164,26.244],[-77.032,26.356],[-77.06,26.528],[-77.328,26.708],[-77.376,26.7],[-77.232,26.448],[-77.232,26.284]]]]},"properties":{"id":"BS"}},
{"type":"Feature","geometry":{"type":"Polygon","coordinates":[[[-71.804,21.788],[-71.74,21.796],[-71.632,21.776],[-71.68,21.84],[-71.808,21.84],[-71.804,21.788]]]},"properties":{"id":"TC"}},
{"type":"Feature","geometry":{"type":"Polygon","coordinates":[[[117.176,23.616],[117.292,23.764],[117.892,24.028],[117.988,24.192],[117.988,24.396],[118.132,24.62],[118.572,24.568],[118.748,24.72],[118.716,24.844],[118.988,25.224],[119.288,25.188],[119.288,25.324],[119.108,25.408],[119.56,25.564],[119.616,25.892],[119.568,26.052],[119.672,26.28],[119.676,26.62],[119.584,26.796],[120.08,26.648],[120.124,26.928],[120.42,27.208],[120.344,27.38],[119.772,27.316],[119.616,27.664],[119.264,27.424],[118.924,27.548],[118.82,27.908],[118.748,27.972],[118.736,28.324],[118.448,28.288],[118.368,28.1],[117.824,27.936],[117.744,27.812],[117.544,27.968],[117.284,27.856],[117.112,27.568],[117.152,27.276],[116.924,27.02],[116.668,26.988],[116.504,26.688],[116.62,26.492],[116.4,26.288],[116.324,25.956],[116.136,25.868],[116.028,25.636],[115.98,25.352],[115.844,25.196],[115.888,24.916],[116.116,24.848],[116.372,24.84],[116.528,24.616],[116.748,24.552],[116.968,24.184],[116.924,24.076],[117.036,23.74],[117.176,23.616]]]},"properties":{"id":"CN-FJ"}},
{"type":"Feature","geometry":{"type":"Polygon","coordinates":[[[-114.064,28],[-114.072,28],[-114.1,28],[-114.148,28],[-114.208,28],[-114.104,27.708],[-114.924,27.836],[-114.736,27.52],[-114.508,27.408],[-114.488,27.24],[-114.116,27.104],[-114.004,26.976],[-113.816,26.948],[-113.636,26.724],[-113.504,26.792],[-113.144,26.756],[-113.06,26.6],[-112.728,26.372],[-112.344,26.18],[-112.2,25.996],[-112.076,25.712],[-112.076,25.26],[-112.144,25.084],[-112.088,24.772],[-111.968,24.78],[-111.68,24.588],[-111.444,24.324],[-111.04,24.104],[-110.576,23.68],[-110.308,23.54],[-110.168,23.32],[-110.1,23.016],[-109.896,22.876],[-109.532,23.108],[-109.424,23.296],[-109.476,23.56],[-109.68,23.648],[-109.7,23.8],[-110.172,24.252],[-110.404,24.176],[-110.564,24.212],[-110.74,24.556],[-110.656,24.808],[-110.904,25.144],[-111.028,25.46],[-111.308,25.78],[-111.32,26.072],[-111.568,26.576],[-111.56,26.696],[-111.82,26.896],[-112.016,26.98],[-112.372,27.564],[-112.6,27.656],[-112.772,27.864],[-112.764,28],[-114.064,28]]]},"properties":{"id":"MX-BCS"}},
{"type":"Feature","geometry":{"type":"Polygon","coordinates":[[[120.972,24.952],[120.916,24.852],[120.872,24.748],[120.62,24.456],[120.476,24.208],[120.244,23.84],[120.124,23.52],[120.116,23.316],[120.06,23.152],[120.168,22.932],[120.24,22.66],[120.412,22.484],[120.568,22.372],[120.84,21.924],[120.876,22.236],[121.02,22.648],[121.14,22.74],[121.4,23.144],[121.48,23.436],[121.628,24.028],[121.764,24.324],[121.856,24.552],[121.824,24.856],[121.972,24.988],[121.76,25.144],[121.688,25.168],[121.596,25.272],[121.288,25.124],[120.972,24.952]]]},"properties":{"id":"CN-TW"}},
{"type":"Feature","geometry":{"type":"Polygon","coordinates":[[[-109.14,26.332],[-109.156,26.308],[-109.232,26.264],[-109.284,26.24],[-109.292,26.236],[-109.432,26.02],[-109.44,25.792],[-109.172,25.648],[-109.116,25.536],[-108.888,25.488],[-108.452,25.268],[-108.188,24.988],[-107.996,24.648],[-107.624,24.46],[-107.376,24.208],[-107.036,23.98],[-106.792,23.632],[-106.524,23.408],[-106.428,23.232],[-105.724,22.508],[-105.468,22.496],[-105.572,22.792],[-105.388,23.032],[-105.688,23.296],[-105.716,23.464],[-105.896,23.712],[-105.948,24.072],[-106.052,24.284],[-106.196,24.388],[-106.404,24.288],[-106.596,24.368],[-106.756,24.704],[-107.036,24.92],[-107.128,25.188],[-107.096,25.42],[-106.936,25.64],[-107.26,25.868],[-107.416,26.128],[-107.784,26.216],[-107.836,26.6],[-108.044,26.932],[-108.376,27.076],[-108.468,26.98],[-108.508,26.8],[-109.14,26.332]]]},"properties":{"id":"MX-SIN"}},
{"type":"Feature","geometry":{"type":"Polygon","coordinates":[[[-93.8,29.984],[-93.74,29.736],[-93.2,29.772],[-92.684,29.604],[-92.276,29.532],[-92.108,29.62],[-91.984,29.832],[-91.684,29.752],[-91.536,29.536],[-91.22,29.404],[-91.228,29.24],[-90.704,29.12],[-90.564,29.3],[-90.08,29.176],[-90.036,29.364],[-89.908,29.476],[-89.756,29.344],[-89.484,29.244],[-89.384,29.088],[-89.188,29.032],[-89.024,29.148],[-89.2,29.352],[-89.344,29.348],[-89.668,29.52],[-89.456,29.828],[-89.84,29.996],[-90.34,30.068],[-90.404,30.22],[-90.224,30.388],[-89.708,30.176],[-89.524,30.192],[-89.848,30.684],[-89.736,31],[-91.656,31],[-91.58,31.056],[-91.528,31.5],[-91.404,31.74],[-91.068,32.084],[-90.916,32.34],[-91.092,32.452],[-91.16,32.624],[-91.168,33.016],[-93.148,33.012],[-94.04,33.012],[-94.044,32],[-93.904,31.884],[-93.828,31.588],[-93.516,31.044],[-93.752,30.392],[-93.716,30.08],[-93.8,29.984]]]},"properties":{"id":"US-LA"}},
{"type":"Feature","geometry":{"type":"Polygon","coordinates":[[[-89.524,30.192],[-88.928,30.444],[-88.744,30.356],[-88.404,30.388],[-88.488,31.888],[-88.308,33.232],[-88.088,34.892],[-88.18,34.996],[-90.304,35],[-90.592,34.644],[-90.592,34.424],[-90.82,34.284],[-90.908,34.036],[-91.084,33.996],[-91.044,33.816],[-91.192,33.708],[-91.184,33.32],[-91.1,33.148],[-91.168,33.016],[-91.16,32.624],[-91.092,32.452],[-90.916,32.34],[-91.068,32.084],[-91.404,31.74],[-91.528,31.5],[-91.58,31.056],[-91.656,31],[-89.736,31],[-89.848,30.684],[-89.524,30.192]]]},"properties":{"id":"US-MS"}},
{"type":"Feature","geometry":{"type":"Polygon","coordinates":[[[-88.404,30.388],[-88.12,30.34],[-87.916,30.424],[-87.592,30.276],[-87.42,30.48],[-87.404,30.644],[-87.628,30.872],[-87.592,31],[-86.596,31],[-85.008,31],[-85.112,31.272],[-85.044,31.536],[-85.144,31.824],[-85.048,32.136],[-84.9,32.26],[-85.084,32.616],[-85.2,32.944],[-85.352,33.712],[-85.604,34.984],[-86.728,34.988],[-88.18,34.996],[-88.088,34.892],[-88.308,33.232],[-88.488,31.888],[-88.404,30.388]]]},"properties":{"id":"US-AL"}},
{"type":"Feature","geometry":{"type":"Polygon","coordinates":[[[-87.42,30.48],[-87.448,30.312],[-87.448,30.3],[-87.156,30.476],[-86.68,30.424],[-86.484,30.48],[-86.364,30.38],[-85.672,30.124],[-85.356,29.888],[-85.308,29.692],[-84.888,29.732],[-84.508,29.924],[-84.268,30.092],[-84.024,30.108],[-83.68,29.92],[-83.404,29.532],[-83.216,29.412],[-83.024,29.176],[-82.848,29.184],[-82.644,28.9],[-82.664,28.448],[-82.788,28.192],[-82.844,27.828],[-82.636,27.7],[-82.596,27.984],[-82.4,27.796],[-82.66,27.52],[-82.56,27.276],[-82.312,26.848],[-82.084,26.68],[-82.04,26.528],[-81.856,26.448],[-81.8,26.1],[-81.32,25.784],[-81.148,25.396],[-81.088,25.12],[-80.856,25.188],[-80.712,25.144],[-80.428,25.22],[-80.316,25.372],[-80.308,25.62],[-80.128,25.888],[-80.04,26.812],[-80.076,26.972],[-80.344,27.516],[-80.38,27.668],[-80.74,28.372],[-80.764,28.612],[-80.608,28.612],[-80.924,29.068],[-81.256,29.788],[-81.5,30.712],[-81.908,30.82],[-82.04,30.736],[-82.048,30.376],[-82.24,30.564],[-83.02,30.612],[-84.868,30.72],[-85.008,31],[-86.596,31],[-87.592,31],[-87.628,30.872],[-87.404,30.644],[-87.42,30.48]]]},"properties":{"id":"US-FL"}},
{"type":"Feature","geometry":{"type":"Polygon","coordinates":[[[-85.008,31],[-84.868,30.72],[-83.02,30.612],[-82.24,30.564],[-82.048,30.376],[-82.04,30.736],[-81.908,30.82],[-81.5,30.712],[-81.5,30.968],[-81.268,31.276],[-81.364,31.416],[-81.196,31.716],[-81.06,31.788],[-80.892,32.032],[-81.076,32.088],[-81.2,32.484],[-81.404,32.624],[-81.516,33.04],[-81.76,33.156],[-81.924,33.46],[-82.192,33.636],[-82.244,33.752],[-82.572,33.968],[-82.736,34.184],[-82.856,34.46],[-83.016,34.48],[-83.356,34.708],[-83.116,35],[-84.324,34.988],[-85.604,34.984],[-85.352,33.712],[-85.2,32.944],[-85.084,32.616],[-84.9,32.26],[-85.048,32.136],[-85.144,31.824],[-85.044,31.536],[-85.112,31.272],[-85.008,31]]]},"properties":{"id":"US-GA"}},
{"type":"Feature","geometry":{"type":"Polygon","coordinates":[[[-80.892,32.032],[-80.44,32.368],[-80.408,32.48],[-80.004,32.612],[-79.608,32.916],[-79.388,33.016],[-79.204,33.192],[-79.132,33.416],[-78.936,33.644],[-78.572,33.884],[-79.652,34.796],[-80.776,34.824],[-80.792,34.96],[-81.072,35.156],[-82.288,35.204],[-83.116,35],[-83.356,34.708],[-83.016,34.48],[-82.856,34.46],[-82.736,34.184],[-82.572,33.968],[-82.244,33.752],[-82.192,33.636],[-81.924,33.46],[-81.76,33.156],[-81.516,33.04],[-81.404,32.624],[-81.2,32.484],[-81.076,32.088],[-80.892,32.032]]]},"properties":{"id":"US-SC"}},
{"type":"Feature","geometry":{"type":"MultiPolygon","coordinates":[[[[-83.116,35],[-82.288,35.204],[-81.072,35.156],[-80.792,34.96],[-80.776,34.824],[-79.652,34.796],[-78.572,33.884],[-77.912,33.96],[-77.832,34.208],[-77.536,34.468],[-77.2,34.652],[-76.896,34.74],[-76.66,34.72],[-76.336,34.9],[-76.548,35],[-76.444,35.404],[-76.152,35.348],[-75.896,35.58],[-75.752,35.612],[-75.72,35.828],[-75.852,35.98],[-76.196,35.992],[-75.916,36.404],[-76.032,36.552],[-77.9,36.544],[-80.088,36.54],[-81.228,36.568],[-81.66,36.608],[-81.74,36.408],[-82.088,36.1],[-82.2,36.16],[-82.88,35.956],[-83.076,35.788],[-83.5,35.568],[-83.728,35.568],[-84.012,35.424],[-84.096,35.256],[-84.3,35.208],[-84.324,34.988],[-83.116,35]]],[[[-75.908,36.548],[-75.944,36.548],[-75.968,36.548],[-76.012,36.552],[-75.972,36.5],[-75.908,36.548]]]]},"properties":{"id":"US-NC"}},
{"type":"Feature","geometry":{"type":"MultiPolygon","coordinates":[[[[-76.032,36.552],[-76.012,36.552],[-75.968,36.548],[-75.964,36.708],[-75.928,36.708],[-75.88,36.548],[-75.852,36.548],[-75.988,36.912],[-76.268,36.96],[-76.38,37.272],[-76.248,37.904],[-76.532,38.024],[-76.616,38.152],[-76.88,38.176],[-77.032,38.308],[-77.248,38.328],[-77.328,38.452],[-77.228,38.656],[-77.048,38.716],[-77.068,38.9],[-77.12,38.936],[-77.496,39.124],[-77.468,39.244],[-77.736,39.332],[-77.836,39.144],[-78.324,39.452],[-78.412,39.168],[-78.864,38.792],[-78.988,38.844],[-79.296,38.424],[-79.636,38.592],[-79.792,38.28],[-80.284,37.684],[-80.296,37.508],[-80.528,37.468],[-80.948,37.296],[-81.224,37.244],[-81.344,37.332],[-81.544,37.212],[-81.824,37.288],[-81.964,37.54],[-82.352,37.28],[-82.632,37.164],[-82.884,36.896],[-83.136,36.748],[-83.668,36.604],[-81.952,36.596],[-81.66,36.608],[-81.228,36.568],[-80.088,36.54],[-77.9,36.544],[-76.032,36.552]]],[[[-75.376,38.016],[-75.648,37.964],[-75.892,37.564],[-75.888,37.356],[-75.376,38.016]]]]},"properties":{"id":"US-VA"}},
{"type":"Feature","geometry":{"type":"Polygon","coordinates":[[[-77.068,38.9],[-77.024,38.804],[-76.908,38.892],[-77.04,38.996],[-77.12,38.936],[-77.068,38.9]]]},"properties":{"id":"US-DC"}},
{"type":"Feature","geometry":{"type":"Polygon","coordinates":[[[-79.476,39.72],[-79.488,39.208],[-78.744,39.576],[-78.132,39.7],[-77.792,39.484],[-77.736,39.332],[-77.468,39.244],[-77.496,39.124],[-77.12,38.936],[-77.04,38.996],[-76.908,38.892],[-77.024,38.804],[-77.044,38.7],[-77.268,38.496],[-77.02,38.46],[-76.924,38.292],[-76.32,38.14],[-76.512,38.528],[-76.552,38.776],[-76.4,39.016],[-76.424,39.324],[-76.176,39.316],[-76.156,38.896],[-76.34,38.728],[-76.144,38.664],[-76.32,38.472],[-76.22,38.344],[-75.816,38.136],[-75.648,37.964],[-75.376,38.016],[-75.084,38.452],[-75.692,38.46],[-75.788,39.72],[-77.168,39.72],[-78.44,39.72],[-79.476,39.72]]]},"properties":{"id":"US-MD"}},
{"type":"Feature","geometry":{"type":"Polygon","coordinates":[[[-75.788,39.72],[-75.692,38.46],[-75.084,38.452],[-75.056,38.452],[-75.044,38.452],[-75.168,38.796],[-75.392,39.056],[-75.436,39.316],[-75.588,39.464],[-75.604,39.616],[-75.424,39.808],[-75.6,39.836],[-75.788,39.72]]]},"properties":{"id":"US-DE"}},
{"type":"Feature","geometry":{"type":"Polygon","coordinates":[[[-75.024,40.016],[-75.144,39.876],[-75.44,39.776],[-75.532,39.476],[-75.16,39.2],[-75.028,39.212],[-74.744,39.056],[-74.36,39.552],[-74.168,39.7],[-73.972,40.328],[-74.284,40.496],[-74.032,40.716],[-73.908,40.992],[-74.7,41.356],[-75.14,40.984],[-75.184,40.572],[-74.74,40.184],[-75.024,40.016]]]},"properties":{"id":"US-NJ"}},
{"type":"Feature","geometry":{"type":"Polygon","coordinates":[[[-73.644,41],[-72.78,41.272],[-71.86,41.32],[-71.804,41.416],[-71.8,42.012],[-73.48,42.056],[-73.544,41.296],[-73.724,41.104],[-73.644,41]]]},"properties":{"id":"US-CT"}},
{"type":"Feature","geometry":{"type":"Polygon","coordinates":[[[-71.86,41.32],[-71.496,41.368],[-71.356,41.748],[-71.236,41.708],[-71.388,42.016],[-71.8,42.012],[-71.804,41.416],[-71.86,41.32]]]},"properties":{"id":"US-RI"}},
{"type":"Feature","geometry":{"type":"Polygon","coordinates":[[[-73.48,42.056],[-71.8,42.012],[-71.388,42.016],[-71.236,41.708],[-71.192,41.676],[-71.12,41.512],[-70.532,41.816],[-70.632,42.092],[-70.784,42.26],[-71.04,42.308],[-70.86,42.548],[-70.816,42.876],[-70.924,42.888],[-71.308,42.7],[-72.468,42.728],[-73.264,42.744],[-73.48,42.056]]]},"properties":{"id":"US-MA"}},
{"type":"Feature","geometry":{"type":"Polygon","coordinates":[[[-87.54,21.5],[-88.128,21.616],[-88.448,21.576],[-88.704,21.46],[-89.124,21.364],[-89.784,21.284],[-90.332,21.032],[-90.38,20.824],[-90.392,20.548],[-90.236,20.508],[-89.868,20.268],[-89.628,20.02],[-89.416,19.652],[-89.368,19.82],[-88.912,19.948],[-88.444,20.184],[-88.22,20.432],[-88.012,20.436],[-87.676,20.648],[-87.532,20.956],[-87.584,21.112],[-87.54,21.5]]]},"properties":{"id":"MX-YUC"}},
{"type":"Feature","geometry":{"type":"Polygon","coordinates":[[[-98.616,22.42],[-98.372,22.264],[-98.488,21.752],[-98.644,21.608],[-98.516,21.4],[-98.412,21.176],[-98.128,21.072],[-98.392,20.876],[-98.436,20.676],[-98.568,20.472],[-98.336,20.436],[-98.112,20.688],[-98,20.484],[-97.896,20.808],[-97.78,20.812],[-97.56,20.504],[-97.768,20.44],[-97.776,20.272],[-97.544,20.136],[-97.404,20.26],[-97.152,20.144],[-97.312,19.892],[-97.392,19.576],[-97.108,19.18],[-97.264,19.16],[-97.228,18.912],[-97.312,18.684],[-97.136,18.648],[-96.988,18.512],[-96.8,18.552],[-96.728,18.412],[-96.596,18.612],[-96.412,18.54],[-96.228,18.2],[-95.836,18.12],[-95.776,17.996],[-95.912,17.784],[-95.796,17.536],[-95.612,17.516],[-95.308,17.672],[-94.94,17.216],[-93.872,17.152],[-93.588,17.376],[-93.732,17.672],[-94.076,17.884],[-94.136,18.208],[-94.468,18.144],[-94.58,18.188],[-94.808,18.524],[-95.004,18.556],[-95.208,18.708],[-95.728,18.756],[-95.852,18.716],[-95.976,19.06],[-96.28,19.316],[-96.456,19.868],[-96.676,20.156],[-97.152,20.648],[-97.196,20.812],[-97.496,21.4],[-97.656,21.636],[-97.612,21.836],[-97.76,22.096],[-97.78,22.272],[-98.092,22.372],[-98.616,22.42]]]},"properties":{"id":"MX-VER"}},
{"type":"Feature","geometry":{"type":"Polygon","coordinates":[[[-103.476,18.968],[-103.296,19.048],[-103.124,19.008],[-102.884,19.204],[-102.656,19.232],[-102.548,19.388],[-102.736,19.584],[-102.808,19.82],[-102.772,19.956],[-103.036,19.972],[-103.048,20.12],[-102.676,20.22],[-102.5,20.316],[-102.1,20.388],[-101.98,20.556],[-102.084,20.728],[-101.856,21.148],[-101.572,21.348],[-101.636,21.516],[-101.54,21.636],[-101.52,21.84],[-101.844,22.016],[-102.232,21.676],[-102.76,21.748],[-102.64,21.568],[-102.684,21.4],[-103.056,21.264],[-103.048,21.072],[-103.232,21.08],[-103.592,21.192],[-103.748,21.296],[-103.668,21.488],[-103.52,21.6],[-103.528,21.816],[-103.288,21.984],[-103.156,22],[-103.044,22.252],[-103.36,22.348],[-103.488,22.136],[-103.68,22.136],[-103.608,22.524],[-103.852,22.568],[-103.78,22.736],[-103.984,22.772],[-103.948,22.38],[-104.328,22.264],[-104.4,22.084],[-104.1,21.784],[-104.212,21.52],[-103.944,21.376],[-103.984,21.272],[-104.224,21.168],[-104.212,20.972],[-104.284,20.708],[-104.728,21.008],[-105.096,20.92],[-105.292,20.684],[-105.328,20.512],[-105.7,20.408],[-105.552,20.2],[-105.524,20.032],[-105.252,19.668],[-105.088,19.56],[-105.016,19.368],[-104.592,19.148],[-104.536,19.248],[-104.216,19.32],[-104.124,19.472],[-103.832,19.396],[-103.636,19.488],[-103.496,19.316],[-103.476,18.968]]]},"properties":{"id":"MX-JAL"}},
{"type":"Feature","geometry":{"type":"Polygon","coordinates":[[[-103.744,18.692],[-103.5,18.332],[-102.744,18.068],[-102.168,17.92],[-102.16,18.164],[-101.94,18.204],[-101.84,18.576],[-101.644,18.58],[-101.492,18.476],[-101.256,18.536],[-100.732,18.508],[-100.788,18.784],[-100.624,18.872],[-100.16,19.42],[-100.216,19.564],[-100.124,19.94],[-100.284,20.212],[-100.396,19.964],[-101.016,19.952],[-101.42,20.052],[-101.384,20.288],[-101.608,20.32],[-101.688,20.2],[-101.904,20.204],[-101.948,20.368],[-102.1,20.388],[-102.5,20.316],[-102.676,20.22],[-103.048,20.12],[-103.036,19.972],[-102.772,19.956],[-102.808,19.82],[-102.736,19.584],[-102.548,19.388],[-102.656,19.232],[-102.884,19.204],[-103.124,19.008],[-103.296,19.048],[-103.476,18.968],[-103.744,18.692]]]},"properties":{"id":"MX-MIC"}},
{"type":"Feature","geometry":{"type":"Polygon","coordinates":[[[-102.168,17.92],[-102.036,17.992],[-101.812,17.892],[-101.644,17.668],[-101.456,17.528],[-101.184,17.412],[-101.008,17.252],[-99.992,16.908],[-99.74,16.732],[-99.376,16.668],[-98.856,16.528],[-98.776,16.556],[-98.556,16.32],[-98.32,16.436],[-98.24,16.704],[-98.072,16.78],[-98.004,17.024],[-98.148,17.216],[-98.332,17.336],[-98.388,17.64],[-98.348,17.892],[-98.788,18.036],[-99.032,18.252],[-99.048,18.348],[-99.14,18.496],[-99.332,18.452],[-99.496,18.676],[-99.748,18.692],[-100.072,18.608],[-100.276,18.392],[-100.432,18.648],[-100.456,18.844],[-100.624,18.872],[-100.788,18.784],[-100.732,18.508],[-101.256,18.536],[-101.492,18.476],[-101.644,18.58],[-101.84,18.576],[-101.94,18.204],[-102.16,18.164],[-102.168,17.92]]]},"properties":{"id":"MX-GRO"}},
{"type":"Feature","geometry":{"type":"Polygon","coordinates":[[[-93.872,17.152],[-94.94,17.216],[-95.308,17.672],[-95.612,17.516],[-95.796,17.536],[-95.912,17.784],[-95.776,17.996],[-95.836,18.12],[-96.228,18.2],[-96.412,18.54],[-96.596,18.612],[-96.728,18.412],[-96.788,18.284],[-97.024,18.124],[-97.312,18.144],[-97.428,17.992],[-97.724,18.304],[-97.924,18.036],[-98.172,18.016],[-98.348,17.892],[-98.388,17.64],[-98.332,17.336],[-98.148,17.216],[-98.004,17.024],[-98.072,16.78],[-98.24,16.704],[-98.32,16.436],[-98.556,16.32],[-98.124,16.208],[-97.772,15.98],[-97.268,15.936],[-96.844,15.732],[-96.556,15.66],[-96.236,15.684],[-95.96,15.828],[-95.436,15.976],[-94.852,16.428],[-94.656,16.364],[-94.44,16.188],[-94.116,16.056],[-94.096,16.1],[-94.084,16.148],[-94.036,16.272],[-94.124,16.508],[-94.028,16.812],[-93.912,16.88],[-93.872,17.152]]]},"properties":{"id":"MX-OAX"}},
{"type":"Feature","geometry":{"type":"Polygon","coordinates":[[[120.42,27.208],[120.676,27.496],[120.668,27.624],[120.836,27.956],[121.236,28.308],[121.656,28.34],[121.512,28.656],[121.668,28.824],[121.68,29.028],[121.84,29.16],[121.968,29.604],[121.984,29.824],[121.676,30],[121.376,30.324],[121.148,30.324],[120.892,30.168],[120.736,30.232],[120.976,30.544],[121.276,30.692],[120.98,30.832],[120.908,31.012],[120.692,30.976],[120.576,30.844],[120.36,30.94],[120.128,30.944],[119.74,31.176],[119.628,31.132],[119.576,30.848],[119.444,30.64],[119.24,30.552],[119.364,30.404],[119.212,30.312],[118.936,30.352],[118.852,30.16],[118.892,29.984],[118.724,29.732],[118.372,29.452],[118.176,29.408],[118,29.144],[118.228,28.956],[118.424,28.696],[118.448,28.288],[118.736,28.324],[118.748,27.972],[118.82,27.908],[118.924,27.548],[119.264,27.424],[119.616,27.664],[119.772,27.316],[120.344,27.38],[120.42,27.208]]]},"properties":{"id":"CN-ZJ"}},
{"type":"Feature","geometry":{"type":"MultiPolygon","coordinates":[[[[121.276,30.692],[121.632,30.836],[121.976,30.916],[121.724,31.28],[121.34,31.492],[121.188,31.456],[121.036,31.144],[120.908,31.012],[120.98,30.832],[121.276,30.692]]],[[[121.844,31.608],[121.264,31.84],[121.316,31.656],[121.852,31.44],[121.844,31.608]]]]},"properties":{"id":"CN-SH"}},
{"type":"Feature","geometry":{"type":"MultiPolygon","coordinates":[[[[131.152,31.472],[131.192,31.576],[130.896,31.784],[130.712,32.092],[130.344,32.16],[130.18,32.092],[130.172,31.792],[130.336,31.628],[130.224,31.248],[130.64,31.188],[130.528,31.512],[130.612,31.684],[130.796,31.344],[130.724,31.048],[130.924,31.112],[131.152,31.472]]],[[[130.676,30.376],[130.5,30.468],[130.388,30.34],[130.576,30.236],[130.676,30.376]]]]},"properties":{"id":"JP-46"}},
{"type":"Feature","geometry":{"type":"Polygon","coordinates":[[[120.908,31.012],[121.036,31.144],[121.188,31.456],[121.34,31.492],[121.116,31.796],[121.288,31.892],[121.676,31.724],[121.924,31.756],[121.82,31.952],[121.444,32.116],[121.356,32.416],[120.912,32.632],[120.896,33.012],[120.732,33.204],[120.628,33.48],[120.408,33.86],[120.256,34.312],[119.64,34.552],[119.348,34.78],[119.2,34.784],[119.28,35.076],[118.868,35.036],[118.76,34.748],[118.476,34.688],[118.392,34.444],[118.164,34.4],[118.052,34.652],[117.792,34.652],[117.772,34.528],[117.468,34.476],[117.336,34.588],[117.18,34.452],[117.06,34.708],[116.828,34.96],[116.472,34.9],[116.376,34.64],[116.804,34.4],[116.948,34.388],[117.032,34.156],[117.504,34.048],[117.744,33.884],[117.752,33.724],[118.124,33.768],[118.176,33.692],[117.932,33.236],[118.22,33.18],[118.24,32.924],[118.4,32.732],[118.72,32.732],[118.856,32.972],[118.992,32.964],[119.192,32.712],[119.08,32.448],[118.892,32.596],[118.668,32.452],[118.652,32.236],[118.516,32.2],[118.352,31.948],[118.476,31.792],[118.86,31.628],[118.752,31.356],[118.816,31.228],[119.316,31.268],[119.628,31.132],[119.74,31.176],[120.128,30.944],[120.36,30.94],[120.576,30.844],[120.692,30.976],[120.908,31.012]]]},"properties":{"id":"CN-JS"}},
{"type":"Feature","geometry":{"type":"Polygon","coordinates":[[[131.2,33.612],[130.952,33.484],[130.84,33.352],[130.836,33.08],[131.124,33.144],[131.324,32.824],[131.54,32.744],[131.872,32.732],[131.984,32.888],[131.872,33.2],[131.712,33.272],[131.728,33.58],[131.52,33.676],[131.416,33.58],[131.2,33.612]]]},"properties":{"id":"JP-44"}},
{"type":"Feature","geometry":{"type":"Polygon","coordinates":[[[131.2,33.612],[131.08,33.636],[130.992,33.896],[130.684,33.936],[130.456,33.808],[130.392,33.604],[130.036,33.456],[130.26,33.468],[130.532,33.336],[130.348,33.144],[130.428,32.98],[130.58,33.1],[130.836,33.08],[130.84,33.352],[130.952,33.484],[131.2,33.612]]]},"properties":{"id":"JP-40"}},
{"type":"Feature","geometry":{"type":"Polygon","coordinates":[[[130.036,33.456],[129.816,33.332],[129.76,33.28],[130.032,32.988],[130.204,32.944],[130.132,33.1],[130.348,33.144],[130.532,33.336],[130.26,33.468],[130.036,33.456]]]},"properties":{"id":"JP-41"}},
{"type":"Feature","geometry":{"type":"Polygon","coordinates":[[[129.816,33.332],[129.58,33.372],[129.552,33.224],[129.728,33.124],[129.632,32.98],[129.896,32.664],[130.204,32.944],[130.032,32.988],[129.76,33.28],[129.816,33.332]]]},"properties":{"id":"JP-42"}},
{"type":"Feature","geometry":{"type":"Polygon","coordinates":[[[130.712,32.092],[130.936,32.116],[131.088,32.3],[131,32.46],[131.244,32.792],[131.324,32.824],[131.124,33.144],[130.836,33.08],[130.58,33.1],[130.428,32.98],[130.592,32.816],[130.64,32.608],[130.564,32.428],[130.344,32.16],[130.712,32.092]]]},"properties":{"id":"JP-43"}},
{"type":"Feature","geometry":{"type":"Polygon","coordinates":[[[131.152,31.472],[131.344,31.396],[131.476,31.764],[131.448,31.876],[131.684,32.536],[131.872,32.732],[131.54,32.744],[131.324,32.824],[131.244,32.792],[131,32.46],[131.088,32.3],[130.936,32.116],[130.712,32.092],[130.896,31.784],[131.192,31.576],[131.152,31.472]]]},"properties":{"id":"JP-45"}},
{"type":"Feature","geometry":{"type":"Polygon","coordinates":[[[134.444,34.208],[133.66,33.996],[133.648,33.856],[133.884,33.792],[134.296,33.532],[134.404,33.656],[134.732,33.824],[134.6,34.008],[134.628,34.176],[134.444,34.208]]]},"properties":{"id":"JP-36"}},
{"type":"Feature","geometry":{"type":"Polygon","coordinates":[[[134.444,34.208],[134.152,34.384],[133.948,34.376],[133.672,34.224],[133.592,34.024],[133.66,33.996],[134.444,34.208]]]},"properties":{"id":"JP-37"}},
{"type":"Feature","geometry":{"type":"Polygon","coordinates":[[[133.66,33.996],[133.592,34.024],[133.128,33.932],[132.92,34.068],[132.768,33.996],[132.676,33.716],[132.38,33.468],[132.536,33.244],[132.472,32.932],[132.64,32.908],[132.672,33.124],[132.876,33.304],[133.18,33.772],[133.648,33.856],[133.66,33.996]]]},"properties":{"id":"JP-38"}},
{"type":"Feature","geometry":{"type":"Polygon","coordinates":[[[133.648,33.856],[133.18,33.772],[132.876,33.304],[132.672,33.124],[132.64,32.908],[132.624,32.8],[132.916,32.776],[133.02,33.024],[133.252,33.22],[133.268,33.348],[133.74,33.536],[133.924,33.492],[134.192,33.248],[134.296,33.532],[133.884,33.792],[133.648,33.856]]]},"properties":{"id":"JP-39"}},
{"type":"Feature","geometry":{"type":"Polygon","coordinates":[[[131.676,34.672],[131.668,34.496],[131.772,34.316],[131.948,34.308],[132.052,34.456],[132.152,34.716],[132.644,34.896],[132.84,35.068],[133.128,35.068],[133.3,35.284],[133.256,35.536],[132.636,35.44],[132.64,35.296],[132.408,35.176],[131.86,34.716],[131.676,34.672]]]},"properties":{"id":"JP-32"}},
{"type":"Feature","geometry":{"type":"Polygon","coordinates":[[[131.676,34.672],[131.416,34.424],[131.076,34.424],[130.872,34.28],[130.86,34.112],[131.272,33.928],[131.484,34.032],[131.74,34.056],[132.056,33.896],[132.212,33.988],[132.24,34.188],[132.052,34.456],[131.948,34.308],[131.772,34.316],[131.668,34.496],[131.676,34.672]]]},"properties":{"id":"JP-35"}},
{"type":"Feature","geometry":{"type":"Polygon","coordinates":[[[133.128,35.068],[133.264,35.052],[133.504,35.18],[133.58,35.316],[133.812,35.244],[133.928,35.32],[134.176,35.16],[134.396,35.228],[134.504,35.26],[134.364,35.6],[134.236,35.548],[133.732,35.504],[133.256,35.536],[133.3,35.284],[133.128,35.068]]]},"properties":{"id":"JP-31"}},
{"type":"Feature","geometry":{"type":"MultiPolygon","coordinates":[[[[134.396,35.228],[134.264,35],[134.304,34.708],[134.744,34.768],[134.96,34.644],[135.412,34.692],[135.364,34.996],[135.4,35.076],[134.956,35.284],[135.052,35.416],[134.864,35.66],[134.536,35.672],[134.364,35.6],[134.504,35.26],[134.396,35.228]]],[[[135.004,34.608],[134.656,34.288],[134.96,34.272],[134.904,34.42],[135.004,34.608]]]]},"properties":{"id":"JP-28"}},
{"type":"Feature","geometry":{"type":"Polygon","coordinates":[[[135.364,34.996],[135.648,34.9],[135.708,34.76],[136.036,34.716],[136.004,34.772],[135.816,35.004],[135.828,35.264],[135.744,35.336],[135.52,35.372],[135.48,35.544],[135.264,35.556],[135.228,35.772],[134.864,35.66],[135.052,35.416],[134.956,35.284],[135.4,35.076],[135.364,34.996]]]},"properties":{"id":"JP-26"}},
{"type":"Feature","geometry":{"type":"Polygon","coordinates":[[[135.744,35.336],[136.256,35.644],[136.336,35.768],[136.768,35.792],[136.72,36.076],[136.304,36.184],[136.228,36.284],[135.956,35.972],[136.1,35.776],[135.98,35.644],[135.56,35.492],[135.48,35.544],[135.52,35.372],[135.744,35.336]]]},"properties":{"id":"JP-18"}},
{"type":"Feature","geometry":{"type":"Polygon","coordinates":[[[136.72,36.076],[136.772,36.292],[136.776,36.72],[136.916,36.936],[137.044,36.956],[137.108,37.284],[137.232,37.292],[137.296,37.532],[136.748,37.356],[136.672,37.148],[136.76,36.872],[136.432,36.432],[136.228,36.284],[136.304,36.184],[136.72,36.076]]]},"properties":{"id":"JP-17"}},
{"type":"Feature","geometry":{"type":"Polygon","coordinates":[[[136.772,36.292],[136.956,36.272],[137.284,36.452],[137.564,36.376],[137.72,36.588],[137.732,36.776],[137.616,36.976],[137.428,36.924],[137.332,36.764],[137.004,36.836],[137.044,36.956],[136.916,36.936],[136.776,36.72],[136.772,36.292]]]},"properties":{"id":"JP-16"}},
{"type":"Feature","geometry":{"type":"Polygon","coordinates":[[[137.732,36.776],[138.012,36.824],[138.556,37],[138.68,36.732],[138.808,36.768],[139.104,37.036],[139.216,36.944],[139.16,37.24],[139.208,37.44],[139.556,37.52],[139.532,37.612],[139.724,37.82],[139.616,37.908],[139.68,38.188],[139.844,38.24],[139.7,38.496],[139.548,38.544],[139.432,38.168],[139.304,38.04],[138.856,37.828],[138.552,37.376],[138.244,37.184],[137.616,36.976],[137.732,36.776]]]},"properties":{"id":"JP-15"}},
{"type":"Feature","geometry":{"type":"Polygon","coordinates":[[[139.724,37.82],[140.104,37.724],[140.272,37.8],[140.268,37.964],[140.396,38.092],[140.588,38.464],[140.532,38.88],[140.344,39.004],[139.88,39.116],[139.772,38.816],[139.548,38.544],[139.7,38.496],[139.844,38.24],[139.68,38.188],[139.616,37.908],[139.724,37.82]]]},"properties":{"id":"JP-06"}},
{"type":"Feature","geometry":{"type":"Polygon","coordinates":[[[140.532,38.88],[140.76,38.952],[140.796,39.176],[140.66,39.392],[140.812,39.644],[140.928,40.244],[140.94,40.468],[140.544,40.408],[140.384,40.48],[139.944,40.428],[139.98,40.124],[139.824,39.96],[140.028,39.824],[140.048,39.504],[139.88,39.116],[140.344,39.004],[140.532,38.88]]]},"properties":{"id":"JP-05"}},
{"type":"Feature","geometry":{"type":"Polygon","coordinates":[[[140.928,40.244],[141.68,40.452],[141.52,40.536],[141.404,40.816],[141.392,41.16],[141.276,41.352],[140.908,41.5],[140.8,41.128],[141.272,41.184],[141.184,40.912],[140.672,40.896],[140.644,41.172],[140.332,41.236],[140.272,40.812],[140.044,40.768],[139.86,40.608],[139.944,40.428],[140.384,40.48],[140.544,40.408],[140.94,40.468],[140.928,40.244]]]},"properties":{"id":"JP-02"}},
{"type":"Feature","geometry":{"type":"Polygon","coordinates":[[[140.76,38.952],[141.112,38.868],[141.216,38.752],[141.448,38.816],[141.64,38.968],[141.908,39.108],[141.904,39.332],[142.068,39.54],[141.948,39.996],[141.68,40.452],[140.928,40.244],[140.812,39.644],[140.66,39.392],[140.796,39.176],[140.76,38.952]]]},"properties":{"id":"JP-03"}},
{"type":"Feature","geometry":{"type":"Polygon","coordinates":[[[140.268,37.964],[140.848,37.8],[140.932,37.888],[140.968,38.172],[141.096,38.372],[141.472,38.436],[141.532,38.78],[141.64,38.968],[141.448,38.816],[141.216,38.752],[141.112,38.868],[140.76,38.952],[140.532,38.88],[140.588,38.464],[140.396,38.092],[140.268,37.964]]]},"properties":{"id":"JP-04"}},
{"type":"Feature","geometry":{"type":"Polygon","coordinates":[[[139.216,36.944],[139.36,36.904],[139.86,37.132],[140.1,37.104],[140.236,36.924],[140.48,36.796],[140.56,36.916],[140.796,36.848],[140.96,36.968],[141.04,37.376],[141.024,37.728],[140.932,37.888],[140.848,37.8],[140.268,37.964],[140.272,37.8],[140.104,37.724],[139.724,37.82],[139.532,37.612],[139.556,37.52],[139.208,37.44],[139.16,37.24],[139.216,36.944]]]},"properties":{"id":"JP-07"}},
{"type":"Feature","geometry":{"type":"Polygon","coordinates":[[[140.236,36.924],[140.268,36.72],[140.18,36.416],[139.952,36.364],[139.652,36.204],[139.676,36.152],[139.752,36.08],[140.128,35.856],[140.552,35.888],[140.86,35.736],[140.648,36.012],[140.564,36.284],[140.796,36.848],[140.56,36.916],[140.48,36.796],[140.236,36.924]]]},"properties":{"id":"JP-08"}},
{"type":"Feature","geometry":{"type":"Polygon","coordinates":[[[139.752,36.08],[139.864,35.78],[139.864,35.632],[140.08,35.604],[139.824,35.328],[139.868,35.012],[140.396,35.196],[140.384,35.38],[140.484,35.564],[140.86,35.736],[140.552,35.888],[140.128,35.856],[139.752,36.08]]]},"properties":{"id":"JP-12"}},
{"type":"Feature","geometry":{"type":"Polygon","coordinates":[[[139.864,35.78],[139.384,35.756],[139.012,35.876],[138.924,35.836],[139.12,35.656],[139.4,35.556],[139.54,35.612],[139.788,35.512],[139.864,35.632],[139.864,35.78]]]},"properties":{"id":"JP-13"}},
{"type":"Feature","geometry":{"type":"Polygon","coordinates":[[[139.12,35.656],[139.08,35.504],[138.9,35.38],[139.096,35.116],[139.144,35.236],[139.528,35.304],[139.788,35.512],[139.54,35.612],[139.4,35.556],[139.12,35.656]]]},"properties":{"id":"JP-14"}},
{"type":"Feature","geometry":{"type":"Polygon","coordinates":[[[138.9,35.38],[138.532,35.408],[138.512,35.208],[138.236,35.304],[138.196,35.628],[138.084,35.336],[137.804,35.196],[137.772,35.08],[137.468,34.672],[137.792,34.64],[138.216,34.712],[138.556,35.096],[138.804,35.12],[138.744,34.728],[138.836,34.596],[139.14,34.872],[139.096,35.116],[138.9,35.38]]]},"properties":{"id":"JP-22"}},
{"type":"Feature","geometry":{"type":"Polygon","coordinates":[[[137.804,35.196],[137.548,35.272],[137.424,35.216],[136.772,35.352],[136.672,35.14],[136.752,35.028],[136.916,34.776],[137.296,34.796],[137.468,34.672],[137.772,35.08],[137.804,35.196]]]},"properties":{"id":"JP-23"}},
{"type":"Feature","geometry":{"type":"Polygon","coordinates":[[[136.036,34.716],[136.12,34.24],[136.088,34.008],[135.848,33.84],[135.992,33.688],[136.104,33.892],[136.272,33.972],[136.3,34.156],[136.524,34.272],[136.848,34.308],[136.916,34.432],[136.52,34.68],[136.66,34.984],[136.752,35.028],[136.672,35.14],[136.4,35.204],[136.4,34.948],[136.004,34.772],[136.036,34.716]]]},"properties":{"id":"JP-24"}},
{"type":"Feature","geometry":{"type":"Polygon","coordinates":[[[135.848,33.84],[135.6,33.892],[135.552,34.084],[135.708,34.224],[135.648,34.372],[135.188,34.276],[135.084,34.3],[135.188,34.136],[135.064,33.884],[135.392,33.712],[135.444,33.552],[135.764,33.48],[135.992,33.688],[135.848,33.84]]]},"properties":{"id":"JP-30"}},
{"type":"Feature","geometry":{"type":"Polygon","coordinates":[[[135.412,34.692],[135.32,34.428],[135.084,34.3],[135.188,34.276],[135.648,34.372],[135.624,34.552],[135.708,34.76],[135.648,34.9],[135.364,34.996],[135.412,34.692]]]},"properties":{"id":"JP-27"}},
{"type":"Feature","geometry":{"type":"Polygon","coordinates":[[[133.264,35.052],[133.444,34.472],[133.984,34.528],[134.304,34.708],[134.264,35],[134.396,35.228],[134.176,35.16],[133.928,35.32],[133.812,35.244],[133.58,35.316],[133.504,35.18],[133.264,35.052]]]},"properties":{"id":"JP-33"}},
{"type":"Feature","geometry":{"type":"Polygon","coordinates":[[[132.052,34.456],[132.24,34.188],[132.384,34.364],[132.656,34.2],[132.836,34.312],[133.164,34.292],[133.444,34.472],[133.264,35.052],[133.128,35.068],[132.84,35.068],[132.644,34.896],[132.152,34.716],[132.052,34.456]]]},"properties":{"id":"JP-34"}},
{"type":"Feature","geometry":{"type":"Polygon","coordinates":[[[-123.18,46.18],[-123.52,46.236],[-123.868,46.16],[-123.98,45.76],[-123.92,45.664],[-123.972,45.152],[-124.152,43.88],[-124.276,43.42],[-124.376,43.34],[-124.548,42.844],[-124.416,42.664],[-124.432,42.328],[-124.36,42.112],[-124.216,42],[-121.832,42],[-120,42],[-118.696,42],[-117.016,42],[-117.02,43.784],[-116.896,44.184],[-117.196,44.296],[-117.204,44.484],[-116.832,44.92],[-116.648,45.348],[-116.464,45.58],[-116.532,45.752],[-116.76,45.836],[-116.88,46],[-119.004,46],[-119.592,45.92],[-120.228,45.736],[-120.62,45.732],[-121.132,45.624],[-121.272,45.708],[-121.792,45.72],[-122.26,45.568],[-122.74,45.664],[-122.808,45.98],[-122.912,46.108],[-123.18,46.18]]]},"properties":{"id":"US-OR"}},
{"type":"Feature","geometry":{"type":"MultiPolygon","coordinates":[[[[-94.804,60],[-94.712,60.264],[-94.352,60.86],[-94.008,61.236],[-93.984,61.456],[-93.304,61.752],[-93.504,61.856],[-92.592,62.24],[-92.72,62.464],[-92.26,62.564],[-92.452,62.792],[-91.98,62.848],[-91.44,62.788],[-90.644,63.068],[-90.696,63.276],[-91.016,63.472],[-91.588,63.584],[-91.372,63.7],[-90.976,63.58],[-90.168,63.656],[-89.812,63.96],[-89.176,64.04],[-88.736,63.972],[-88.044,64.184],[-87.764,64.524],[-87.6,64.56],[-86.94,65.14],[-87.048,65.236],[-89.04,65.328],[-89.392,65.5],[-89.836,65.832],[-89.688,65.948],[-88.972,65.696],[-88.584,65.644],[-88.204,65.404],[-87.38,65.328],[-86.476,65.732],[-86.412,65.904],[-85.976,66.036],[-85.856,66.164],[-86.62,66.316],[-86.62,66.508],[-85.752,66.516],[-85.416,66.568],[-85.268,66.288],[-84.38,66.192],[-83.692,66.2],[-83.964,66.476],[-83.68,66.524],[-83.368,66.352],[-82.632,66.564],[-82.184,66.768],[-81.956,66.976],[-81.528,66.996],[-81.236,67.46],[-81.456,67.628],[-82.088,67.9],[-82.108,68.112],[-82.368,68.356],[-81.268,68.64],[-81.364,68.86],[-81.704,68.908],[-81.336,69.188],[-81.752,69.268],[-82.236,69.236],[-82.576,69.676],[-83.756,69.712],[-84.34,69.86],[-85.332,69.792],[-85.536,69.464],[-85.22,69.132],[-84.768,69.088],[-85.224,68.72],[-85.668,68.728],[-85.716,68.4],[-85.9,68.056],[-86.528,67.688],[-86.5,67.38],[-87.328,67.172],[-87.484,67.364],[-88.152,67.68],[-88.372,67.976],[-88.284,68.128],[-87.792,68.332],[-88.024,68.808],[-88.728,69.084],[-88.94,69.232],[-89.332,69.248],[-89.672,69.044],[-89.688,68.816],[-89.944,68.616],[-90,68.38],[-90.604,68.44],[-90.448,68.888],[-91.032,69.22],[-90.656,69.536],[-91.108,69.512],[-91.428,69.668],[-91.804,69.512],[-92.472,69.696],[-91.944,70.024],[-91.544,70.144],[-91.992,70.324],[-92.248,70.624],[-92.616,70.688],[-92.908,70.904],[-92.992,71.356],[-94.056,71.788],[-94.54,71.772],[-94.548,72.004],[-95.224,71.948],[-95.492,71.724],[-95.944,71.552],[-95.464,71.484],[-95.66,71.292],[-96.212,71.388],[-96.56,71.128],[-96.616,70.824],[-96.192,70.624],[-96.56,70.316],[-96.488,70.096],[-95.976,69.788],[-95.652,69.784],[-94.324,69.452],[-93.436,69.356],[-94.136,69.132],[-94.636,68.756],[-94.108,68.76],[-93.732,68.612],[-94.34,68.244],[-94.86,68.032],[-95.232,68.068],[-95.584,67.9],[-95.256,67.264],[-95.736,67.376],[-96.076,67.224],[-96.464,67.548],[-96.216,67.78],[-96.008,68.252],[-96.4,68.172],[-97.26,68.468],[-98.192,68.308],[-98.448,68.072],[-98.172,67.876],[-97.64,68.008],[-97.06,67.68],[-97.592,67.604],[-98.36,67.812],[-98.916,67.712],[-99.424,67.796],[-100.716,67.848],[-101.528,67.68],[-101.94,67.784],[-102.244,67.724],[-102.764,67.816],[-103.368,68.02],[-104.484,68.032],[-104.6,68.236],[-105.096,68.268],[-105.536,68.448],[-105.468,68.72],[-106.196,68.944],[-107.292,68.7],[-108.28,68.62],[-108.816,68.276],[-108.336,68.156],[-107.728,68.208],[-106.572,68.42],[-106.524,68.528],[-105.88,68.64],[-105.696,68.488],[-106.276,68.388],[-106.496,68.244],[-107.428,68.044],[-107.94,67.856],[-107.988,67.692],[-107.584,67.5],[-107.528,67.212],[-107.248,67.084],[-107.66,66.708],[-108.216,67.028],[-107.88,67.052],[-107.992,67.284],[-108.444,67.436],[-108.6,67.624],[-109.7,67.812],[-109.972,67.968],[-110.42,67.948],[-111.02,67.768],[-111.292,67.828],[-112.42,67.684],[-113.86,67.696],[-114.788,67.816],[-115.12,67.804],[-115.532,67.936],[-114.836,68.264],[-114.056,68.304],[-114.2,68.572],[-114.988,68.868],[-115.588,68.976],[-116.16,68.984],[-116.208,68.832],[-118.04,69.024],[-118.668,69.224],[-120.28,69.408],[-120.68,69.556],[-120.68,68.016],[-119.76,67.724],[-117.772,67.116],[-116.592,66.752],[-114.412,66.088],[-112.504,65.5],[-110.704,65.5],[-109.58,64.932],[-108.972,64.78],[-107.444,64.664],[-105.192,64.484],[-102,64.228],[-102.004,63.18],[-102.004,62.144],[-102.004,61.22],[-102,60],[-100.652,60],[-98.4,60],[-96.6,60],[-94.804,60]]],[[[-95.216,68.864],[-95.844,68.892],[-95.952,69.14],[-96.22,69.312],[-96.892,69.496],[-97.224,69.684],[-97.924,69.896],[-98.22,69.796],[-98.412,69.352],[-98.712,69.204],[-99.308,69.16],[-99.592,69.04],[-99.416,68.892],[-97.76,68.652],[-97.564,68.564],[-96.296,68.48],[-95.808,68.728],[-95.216,68.864]]],[[[-110.004,72.712],[-110.004,72.628],[-110.004,72.524],[-110.004,72.496],[-110.004,72.46],[-110.004,71.648],[-110,70],[-112.5,70],[-114.824,70],[-117.124,70],[-116.856,69.648],[-116.632,69.46],[-115.976,69.3],[-115.188,69.244],[-114.396,69.288],[-113.584,69.2],[-113.656,68.8],[-113.352,68.592],[-112.584,68.508],[-111.252,68.52],[-110.604,68.616],[-109.624,68.64],[-108.952,68.744],[-108.54,68.948],[-107.94,68.94],[-107.336,69.024],[-106.584,69.504],[-106.32,69.404],[-106.204,69.148],[-105.884,69.176],[-103.384,68.784],[-102.524,68.864],[-101.964,68.968],[-101.768,69.124],[-102.056,69.484],[-103.036,69.368],[-103.04,69.516],[-102.508,69.564],[-102.584,69.744],[-102.024,69.808],[-101.708,69.692],[-100.964,69.664],[-100.872,69.808],[-100.996,70.176],[-101.584,70.132],[-102.408,70.424],[-103.536,70.6],[-104.592,71.072],[-104.284,71.364],[-104.38,71.6],[-105.04,72.112],[-105.276,72.44],[-105.332,72.752],[-105.828,73.052],[-106.232,73.088],[-106.824,73.308],[-107.172,73.196],[-107.664,73.328],[-108.3,73.132],[-107.716,72.304],[-107.78,72.14],[-107.252,71.9],[-107.668,71.708],[-108.288,71.8],[-108.188,71.948],[-108.664,72.36],[-108.632,72.564],[-110.004,72.984],[-110.004,72.756],[-110.004,72.712]]],[[[-72.948,66.736],[-74.344,66.224],[-74.42,66.084],[-73.716,65.776],[-73.496,65.492],[-74.18,65.528],[-74.504,65.344],[-74.872,65.4],[-75.216,65.256],[-75.756,65.212],[-76.676,65.412],[-77.436,65.46],[-77.312,65.2],[-77.964,65.052],[-78.184,64.588],[-77.756,64.344],[-76.728,64.296],[-75.864,64.376],[-75.708,64.58],[-74.712,64.384],[-74.552,64.632],[-74.084,64.64],[-73.892,64.556],[-73.452,64.592],[-73.388,64.28],[-73.132,64.292],[-72.316,63.68],[-71.564,63.692],[-71.768,63.284],[-71.372,63.048],[-71.028,63.08],[-70.828,62.896],[-70.24,62.756],[-69.628,62.792],[-69.444,62.552],[-68.552,62.248],[-67.4,62.148],[-66.276,61.86],[-65.952,61.896],[-66.128,62.088],[-65.932,62.196],[-66.3,62.352],[-66.552,62.56],[-66.984,62.704],[-67.196,62.876],[-68.148,63.16],[-68.76,63.556],[-68.928,63.76],[-68.496,63.74],[-67.868,63.464],[-67.5,63.444],[-67.012,63.288],[-66.696,63.04],[-66.52,63.076],[-65.664,62.912],[-65.168,62.568],[-64.964,62.664],[-64.764,63.056],[-64.772,63.328],[-64.484,63.288],[-64.676,63.74],[-65.308,64.192],[-65.08,64.48],[-65.728,64.516],[-65.584,64.756],[-65.824,64.884],[-66.648,64.968],[-67.168,65.268],[-67.06,65.452],[-67.432,65.504],[-67.456,65.68],[-67.928,65.62],[-67.812,65.88],[-67.172,65.932],[-67.304,66.28],[-66.96,66.54],[-66.472,66.344],[-65.9,65.952],[-65.352,65.916],[-65.504,65.768],[-64.904,65.284],[-64.18,65.176],[-63.656,64.92],[-63.404,65.032],[-63.496,65.372],[-63.16,65.648],[-62.596,65.664],[-62.308,65.828],[-62.428,65.98],[-61.956,66.02],[-62.54,66.228],[-62.22,66.396],[-61.936,66.288],[-61.492,66.368],[-61.576,66.552],[-61.272,66.604],[-61.604,66.872],[-62.004,67.036],[-62.284,66.948],[-62.904,66.972],[-63.252,67.132],[-63.888,67.24],[-64.288,67.728],[-64.72,67.984],[-66.216,68.004],[-66.764,68.244],[-67.064,68.476],[-67.932,68.528],[-68.548,68.752],[-68.132,68.836],[-67.68,69.176],[-66.668,69.184],[-66.788,69.34],[-67.228,69.464],[-68.004,69.46],[-68.588,69.592],[-68.012,69.776],[-67.116,69.728],[-67.248,69.964],[-67.808,70.264],[-68.156,70.32],[-68.336,70.068],[-69.472,70.248],[-68.46,70.372],[-68.364,70.584],[-70.516,70.936],[-70.788,71.116],[-71.324,70.888],[-71.952,70.792],[-72.336,70.756],[-72.164,70.832],[-72.356,70.88],[-72.044,71.084],[-71.444,71.072],[-71.116,71.272],[-71.58,71.516],[-72.472,71.648],[-73.252,71.332],[-73.688,71.592],[-73.596,71.764],[-74.264,71.82],[-74.236,72.076],[-75.064,72.128],[-74.94,72.256],[-75.2,72.496],[-76.652,72.64],[-76.888,72.744],[-77.6,72.756],[-78.536,72.516],[-78.568,72.356],[-78.944,72.196],[-79.284,72.396],[-80.048,72.396],[-80.484,72.18],[-80.56,72.628],[-80.268,72.724],[-80.64,72.928],[-80.644,73.168],[-81.132,73.248],[-81.228,73.54],[-81.528,73.716],[-82.832,73.736],[-84.008,73.504],[-84.836,73.388],[-85.464,73.112],[-85.704,72.636],[-85.036,72.256],[-85.5,72.216],[-85.748,71.948],[-85.256,71.668],[-84.892,71.632],[-84.96,71.428],[-85.496,71.516],[-86.128,71.796],[-86.46,72.204],[-86.252,72.396],[-86.68,72.648],[-86.7,72.816],[-86.032,73.304],[-85.576,73.512],[-84.952,73.668],[-85.104,73.812],[-86.716,73.848],[-87.764,73.716],[-89.052,73.252],[-89.32,72.884],[-89.752,72.612],[-89.964,72.256],[-89.76,72.124],[-90.104,71.916],[-89.812,71.328],[-88.068,71.212],[-87.228,71.012],[-87.36,70.948],[-88.324,70.96],[-89.128,71.032],[-89.448,70.908],[-88.696,70.464],[-88.14,70.396],[-87.852,70.236],[-87.032,70.468],[-86.268,70.112],[-85.784,69.996],[-84.952,70.068],[-84.696,70.008],[-83.672,69.948],[-83.052,70.012],[-82.124,69.82],[-81.072,70.1],[-79.836,69.952],[-79.68,69.848],[-78.888,69.892],[-78.664,70.012],[-78.768,70.192],[-79.564,70.392],[-79.156,70.496],[-78.744,70.456],[-78.388,70.216],[-77.684,70.184],[-77.492,69.864],[-76.872,69.82],[-77.04,69.604],[-76.628,69.544],[-75.688,69.288],[-75.572,69.156],[-75.988,69.012],[-76.424,69.06],[-76.672,68.764],[-76.324,68.7],[-75.496,68.936],[-74.88,68.824],[-74.372,68.544],[-73.884,68.556],[-73.728,68.312],[-72.988,68.172],[-72.856,67.86],[-72.436,67.532],[-72.352,67.12],[-72.804,67.044],[-72.948,66.736]]],[[[-67.88,60.496],[-68.24,60.584],[-68.44,60.26],[-67.96,60.332],[-67.88,60.496]]],[[[-64.84,61.352],[-64.716,61.664],[-65.048,61.696],[-65.484,61.6],[-64.84,61.352]]],[[[-79.284,62.268],[-79.56,62.42],[-79.832,62.412],[-80.216,62.136],[-80.18,61.776],[-79.752,61.584],[-79.268,62.144],[-79.284,62.268]]],[[[-70.24,62.616],[-70.492,62.768],[-70.96,62.804],[-70.684,62.548],[-70.24,62.616]]],[[[-82.192,62.988],[-83.52,62.828],[-83.552,62.7],[-83.908,62.492],[-83.672,62.144],[-83.136,62.176],[-82.748,62.312],[-82.296,62.584],[-81.956,62.696],[-81.864,62.924],[-82.192,62.988]]],[[[-77.536,63.288],[-77.704,63.44],[-78.188,63.492],[-78.532,63.392],[-77.94,63.088],[-77.536,63.288]]],[[[-76.688,63.484],[-77.12,63.684],[-77.42,63.592],[-76.984,63.408],[-76.688,63.484]]],[[[-80.184,63.768],[-80.888,64.124],[-81.06,64.028],[-81.628,64.124],[-81.772,64.512],[-82.364,64.768],[-82.716,64.78],[-83.208,64.948],[-83.396,65.136],[-84.1,65.208],[-84.152,65.332],[-84.576,65.488],[-84.848,65.212],[-85.076,65.456],[-85.2,65.808],[-85.608,65.912],[-86.028,65.664],[-86.172,65.288],[-86.16,64.94],[-86.404,64.44],[-86.192,64.104],[-86.896,63.932],[-87.224,63.66],[-87.064,63.556],[-86.66,63.656],[-85.616,63.676],[-85.636,63.244],[-85.272,63.124],[-84.592,63.316],[-84.404,63.556],[-83.632,63.772],[-83.684,64.016],[-82.532,63.972],[-82.076,63.692],[-81.02,63.452],[-80.468,63.728],[-80.184,63.768]]],[[[-84.472,66.092],[-83.868,65.784],[-83.692,65.924],[-84.068,66.064],[-84.472,66.092]]],[[[-73.36,67.84],[-73.412,67.968],[-74.276,68.076],[-74.756,68.064],[-74.404,67.78],[-73.408,67.776],[-73.36,67.84]]],[[[-86.576,68.292],[-86.984,68.068],[-86.836,67.792],[-86.412,67.844],[-86.408,68.208],[-86.576,68.292]]],[[[-75.032,68.172],[-75.912,68.344],[-76.688,68.264],[-77.324,67.708],[-76.98,67.244],[-75.888,67.26],[-75.392,67.356],[-75.064,67.552],[-75.16,67.952],[-75.032,68.172]]],[[[-74.84,68.42],[-74.988,68.668],[-75.38,68.5],[-74.84,68.42]]],[[[-79.08,68.88],[-78.828,68.916],[-78.312,69.388],[-78.732,69.324],[-78.864,69.148],[-79.204,69.084],[-79.08,68.88]]],[[[-76.692,69.412],[-77.36,69.388],[-77.264,69.148],[-76.992,69.144],[-76.692,69.412]]],[[[-71.508,71.016],[-72.012,71.052],[-72.048,70.944],[-72.228,70.92],[-72.12,70.824],[-71.44,70.908],[-71.508,71.016]]],[[[-104.68,73.628],[-105.168,73.756],[-106.6,73.712],[-107.04,73.484],[-106.12,73.292],[-105.484,72.956],[-105.204,72.944],[-104.572,73.332],[-104.68,73.628]]],[[[-80.904,73.608],[-80.796,73.284],[-80.164,73.232],[-79.948,72.848],[-79.176,72.756],[-78.172,72.9],[-76.32,72.816],[-76.272,73.104],[-77.212,73.512],[-78.14,73.668],[-79.452,73.636],[-80.56,73.772],[-80.904,73.608]]],[[[-96.32,72.468],[-96.452,72.644],[-96.932,72.676],[-97.66,73.036],[-98.348,73.044],[-97.828,73.28],[-97.668,73.488],[-96.996,73.624],[-96.956,73.736],[-97.572,73.892],[-99.22,73.74],[-100,73.952],[-100.884,73.832],[-101.56,73.468],[-100.468,73.204],[-100.112,73.032],[-100.432,72.74],[-101.296,72.72],[-101.764,73.02],[-102.484,73.04],[-102.756,72.812],[-102.616,72.66],[-101.968,72.496],[-101.84,72.328],[-100.636,72.188],[-99.864,71.86],[-99.236,71.348],[-98.54,71.292],[-98.216,71.408],[-97.968,71.66],[-97.46,71.616],[-96.96,71.808],[-96.56,71.84],[-96.484,72.128],[-96.72,72.3],[-96.32,72.468]]],[[[-99.248,73.856],[-98.144,73.88],[-97.724,74.12],[-98.752,74.032],[-99.248,73.856]]],[[[-90.292,73.924],[-90.992,74.004],[-92.112,73.984],[-93.272,74.176],[-94.372,74.132],[-95.248,74.008],[-95.612,73.596],[-95.584,73.164],[-95.72,73.012],[-95.592,72.7],[-95.136,72.464],[-95.144,71.964],[-94.088,72.064],[-93.464,72.464],[-93.792,72.692],[-93.404,72.796],[-92.384,72.708],[-91.856,72.848],[-91.176,73.356],[-90.512,73.696],[-90.292,73.924]]],[[[-103.64,75.2],[-103.82,75.368],[-104.404,75.432],[-104.908,75.124],[-104.228,75.02],[-103.64,75.2]]],[[[-93.436,74.944],[-93.5,75.268],[-94.392,75.604],[-94.9,75.644],[-95.792,75.5],[-96.604,75.064],[-95.896,74.824],[-95.304,74.804],[-94.724,74.632],[-93.608,74.656],[-93.436,74.944]]],[[[-103.812,76.032],[-102.836,76.08],[-102.728,76.316],[-104.312,76.212],[-103.812,76.032]]],[[[-104.4,76.468],[-104.376,76.324],[-103.336,76.332],[-103.024,76.416],[-103.884,76.576],[-104.4,76.468]]],[[[-97.424,75.52],[-97.572,75.864],[-97.5,76.156],[-97.664,76.488],[-98.508,76.636],[-100.268,76.648],[-100.964,76.48],[-102.036,76.412],[-102.104,76.22],[-101.588,75.924],[-102.264,75.868],[-102.776,75.544],[-102.064,75.548],[-100.224,75.668],[-100.676,75.336],[-100.252,75.264],[-100.332,75.016],[-99.644,74.976],[-98.036,75.028],[-97.684,75.172],[-98.116,75.3],[-97.924,75.52],[-97.424,75.52]]],[[[-110.004,75.912],[-110.004,75.88],[-109.104,75.752],[-108.896,75.492],[-110.004,75.544],[-110.004,74.852],[-109.58,74.86],[-108.824,75.072],[-108.416,74.916],[-107.688,74.984],[-107.004,74.924],[-106.008,75.056],[-105.392,75.66],[-105.76,75.992],[-106.608,76.06],[-107.048,75.888],[-107.856,76.064],[-108.08,76.288],[-108.616,76.424],[-108.452,76.732],[-109.184,76.82],[-110.004,76.488],[-110.004,76.228],[-109.432,76.004],[-110.004,75.912]]],[[[-79.56,74.992],[-79.5,75.392],[-81.112,75.78],[-82.332,75.844],[-83.088,75.74],[-83.92,75.816],[-85.3,75.576],[-86.012,75.536],[-86.196,75.416],[-87.112,75.596],[-88.244,75.48],[-88.58,75.66],[-90.188,76.068],[-89.38,76.184],[-89.296,76.3],[-90.448,76.412],[-90.572,76.564],[-91.44,76.692],[-92.692,76.596],[-93.7,76.92],[-95.772,77.076],[-96.852,76.928],[-95.824,76.4],[-94.848,76.268],[-93.592,76.3],[-93.128,76.372],[-92.184,75.896],[-92.004,75.6],[-92.3,75.512],[-92.504,75.22],[-92.06,74.964],[-92.02,74.776],[-91.62,74.712],[-90.896,74.76],[-90.7,74.648],[-89.948,74.532],[-89.148,74.608],[-88.516,74.5],[-87.644,74.46],[-84.26,74.508],[-83.492,74.576],[-81.788,74.46],[-81.32,74.56],[-80.54,74.564],[-80.244,74.76],[-79.396,74.876],[-79.56,74.992]]],[[[-89.66,77.356],[-90.304,77.628],[-91.168,77.616],[-91.2,77.408],[-90.092,77.204],[-89.66,77.356]]],[[[-104.396,77.192],[-104.42,77.308],[-105.504,77.72],[-105.764,77.468],[-105.536,77.304],[-104.756,77.112],[-104.396,77.192]]],[[[-93.252,77.644],[-93.608,77.78],[-95.508,77.812],[-96.236,77.704],[-95.988,77.48],[-93.48,77.488],[-93.252,77.644]]],[[[-110.004,78.688],[-110.004,78.328],[-109.34,78.356],[-109.348,78.536],[-110.004,78.688]]],[[[-96.912,77.796],[-96.632,77.876],[-95.06,77.972],[-94.888,78.108],[-95.368,78.248],[-94.828,78.364],[-96.544,78.684],[-97.452,78.796],[-98.356,78.772],[-98.36,78.452],[-97.768,78.248],[-97.744,78.044],[-96.992,77.924],[-96.912,77.796]]],[[[-105.608,79.104],[-104.952,79.052],[-103.384,78.776],[-103.496,78.508],[-104.64,78.584],[-104.82,78.36],[-103.948,78.244],[-102.744,78.38],[-101.036,78.2],[-100.612,77.864],[-99.94,77.784],[-99.016,77.892],[-99.044,78.08],[-99.804,78.308],[-99.556,78.6],[-101.648,79.08],[-102.608,79.076],[-103.12,79.292],[-103.72,79.364],[-105.448,79.268],[-105.608,79.104]]],[[[-100.152,79.996],[-99.3,79.76],[-98.652,79.792],[-98.872,80.084],[-99.78,80.152],[-100.152,79.996]]],[[[-96.624,80.044],[-96.544,79.848],[-95.612,79.56],[-95.644,79.396],[-92.58,79.384],[-92.628,79.244],[-94.272,78.968],[-92.952,78.436],[-92.116,78.228],[-90.884,78.144],[-89.712,78.228],[-88.772,78.184],[-88.552,78.432],[-88.044,78.48],[-87.86,78.692],[-84.92,79.296],[-85.564,79.58],[-87.188,79.628],[-86.972,79.88],[-87.576,80.18],[-87.7,80.412],[-89.324,80.536],[-90.64,80.568],[-92.236,81.256],[-95.232,81.016],[-95.5,80.808],[-94.376,80.616],[-96.028,80.584],[-96.32,80.26],[-94.844,80.044],[-96.624,80.044]]],[[[-61.084,82.332],[-61.58,82.488],[-63.064,82.536],[-63.448,82.828],[-65.852,82.844],[-69.484,83.044],[-69.688,83.116],[-72.592,83.104],[-74.2,83.004],[-76.136,83.052],[-78.42,82.872],[-79.34,82.976],[-81.576,82.792],[-82.712,82.38],[-85.76,82.468],[-85.352,82.292],[-86.848,82.22],[-86.964,82.052],[-88.68,82.06],[-91.708,81.736],[-91.948,81.632],[-90.832,81.464],[-89.828,81.012],[-86.52,81.124],[-86.7,81.004],[-88.412,81],[-89.388,80.88],[-88.1,80.68],[-86.116,80.536],[-84.396,80.508],[-81.216,80.628],[-79.616,80.828],[-80.352,80.472],[-83.16,80.336],[-83.788,80.252],[-86.436,80.32],[-86.644,80.152],[-86.448,79.756],[-85.32,79.68],[-84.488,79.412],[-84.328,79.192],[-85.756,78.832],[-86.608,78.808],[-87.484,78.452],[-87.488,78.128],[-86.228,78.064],[-85.188,77.8],[-85.284,77.66],[-84.616,77.384],[-85.404,77.4],[-86.216,77.792],[-87.192,77.904],[-88.18,77.8],[-88.188,77.64],[-87.68,77.352],[-87.132,77.212],[-87.476,77.112],[-88.292,77.136],[-89.536,76.856],[-89.656,76.564],[-89.172,76.424],[-87.628,76.336],[-86.216,76.376],[-85.248,76.316],[-84.236,76.448],[-82.8,76.388],[-81.936,76.496],[-80.772,76.42],[-81.096,76.22],[-80.668,76.164],[-78.14,76.528],[-77.716,76.82],[-78.092,77.024],[-78.868,76.924],[-79.432,77.24],[-78.288,77.376],[-77.736,77.6],[-77.98,77.816],[-76.88,77.904],[-75.58,78.112],[-75.108,78.376],[-74.772,78.836],[-75.744,78.896],[-74.468,79.228],[-75.028,79.372],[-73.128,79.56],[-71.144,79.788],[-70.212,80.188],[-69.376,80.396],[-68.28,80.76],[-66.672,81.04],[-65.988,81.228],[-64.692,81.392],[-64.548,81.552],[-66.656,81.5],[-65.36,81.736],[-64.372,81.724],[-62.256,82.024],[-61.084,82.332]]],[[[-80.76,52.92],[-81.124,53.204],[-81.424,53.228],[-81.884,53.18],[-82.064,53.024],[-81.028,52.752],[-80.668,52.744],[-80.76,52.92]]],[[[-79.544,56.044],[-79.468,55.88],[-79.044,56.364],[-79.236,56.552],[-79.408,56.232],[-79.736,56.16],[-80.024,55.9],[-79.868,55.844],[-79.544,56.044]]]]},"properties":{"id":"CA-NU"}},
{"type":"Feature","geometry":{"type":"MultiPolygon","coordinates":[[[[-57.1,51.42],[-56.968,51.424],[-56.336,51.784],[-55.936,51.924],[-55.684,52.112],[-55.82,52.308],[-55.648,52.444],[-56,52.516],[-56.06,52.764],[-55.812,52.832],[-55.956,53.024],[-55.748,53.144],[-55.812,53.332],[-56.036,53.432],[-56.036,53.58],[-57.152,53.74],[-57.356,54.14],[-58.012,54.24],[-58.22,54.064],[-58.852,53.94],[-59.076,53.688],[-59.512,53.556],[-60.04,53.48],[-60.108,53.756],[-59.792,53.848],[-59.532,53.82],[-58.976,53.972],[-58.188,54.36],[-57.68,54.376],[-57.392,54.5],[-57.848,54.74],[-58.68,54.82],[-59.024,55.02],[-59.008,55.152],[-59.864,55.14],[-60.288,55.232],[-60.42,55.428],[-60.356,55.576],[-60.78,55.86],[-61.344,55.968],[-61.548,56.2],[-61.832,56.376],[-61.808,56.788],[-61.38,57.12],[-61.864,57.172],[-61.816,57.376],[-62.288,57.524],[-61.888,57.624],[-62.304,58.032],[-62.66,58.176],[-62.58,58.504],[-63.008,58.428],[-62.848,58.668],[-62.928,58.824],[-63.444,59.12],[-63.728,59.508],[-64.148,59.684],[-64.22,60.048],[-64.452,60.068],[-64.532,60.304],[-64.672,59.884],[-64.892,59.564],[-64.492,59.436],[-64.54,59.284],[-64.412,58.98],[-64.128,58.752],[-63.728,58.88],[-63.532,58.724],[-64.028,58.684],[-63.82,58.488],[-64.388,58.188],[-64.096,57.804],[-63.64,57.64],[-63.764,57.564],[-63.744,57.228],[-64.124,56.688],[-63.944,56.544],[-64.108,56.376],[-63.94,56.252],[-64.02,56.088],[-63.692,55.752],[-63.74,55.44],[-63.392,55.404],[-63.552,55.228],[-63.604,54.904],[-63.816,54.94],[-63.9,54.6],[-64.456,54.796],[-64.576,54.728],[-64.94,54.928],[-65.696,54.724],[-65.848,54.896],[-66.256,55],[-66.588,55.256],[-66.764,55.104],[-66.608,54.804],[-67.016,54.884],[-67.26,54.572],[-67.748,54.428],[-67.64,54.188],[-67.808,54.036],[-67.524,53.836],[-67.324,53.568],[-66.888,53.416],[-66.984,53.104],[-67.384,53.104],[-67.304,52.868],[-66.864,52.66],[-66.624,52.936],[-66.288,52.848],[-66.408,52.588],[-66.372,52.144],[-66.08,52.168],[-65.684,52.024],[-65.46,52.024],[-65.184,51.776],[-64.688,51.724],[-64.532,51.592],[-64.28,51.74],[-64.36,51.968],[-64.156,52.132],[-64.188,52.572],[-64.108,52.72],[-63.604,52.784],[-64.08,52.472],[-63.772,52.336],[-63.672,52.036],[-62.796,52],[-60.46,52],[-59.3,52],[-57.1,52],[-57.1,51.42]]],[[[-52.628,47.528],[-52.704,47.756],[-53.112,47.432],[-53.244,47.592],[-53.052,47.932],[-53.276,48.016],[-53.604,47.54],[-53.848,47.708],[-53.62,48.004],[-53.64,48.168],[-53.06,48.436],[-52.984,48.604],[-53.416,48.624],[-53.52,48.464],[-53.776,48.552],[-53.924,48.916],[-53.608,49.044],[-53.452,49.244],[-54.04,49.48],[-54.744,49.32],[-55.224,49.264],[-55.156,49.548],[-55.584,49.472],[-55.94,49.608],[-55.724,49.932],[-56.148,50.156],[-56.724,49.692],[-56.74,50.028],[-55.872,50.916],[-55.72,51.184],[-55.492,51.388],[-55.516,51.604],[-56.108,51.528],[-56.72,51.32],[-56.976,50.88],[-57.456,50.484],[-57.612,50.164],[-57.94,49.704],[-57.928,49.588],[-58.184,49.444],[-58.136,49.096],[-58.444,49.056],[-58.668,48.724],[-58.704,48.556],[-58.536,48.452],[-59.4,47.88],[-59.3,47.616],[-59.112,47.56],[-58.096,47.696],[-57.328,47.632],[-56.776,47.532],[-56.672,47.628],[-56.236,47.632],[-55.968,47.76],[-55.776,47.456],[-55.436,47.472],[-55.376,47.688],[-55.072,47.596],[-55.3,47.268],[-55.488,47.14],[-55.868,47.076],[-55.852,46.872],[-55.252,46.92],[-54.868,47.38],[-54.46,47.5],[-54.14,47.836],[-54.012,47.808],[-53.884,47.528],[-53.912,47.372],[-54.152,47.004],[-54.052,46.808],[-53.572,47.164],[-53.624,46.656],[-53.372,46.736],[-53.212,46.636],[-52.94,46.792],[-52.784,47.312],[-52.628,47.528]]]]},"properties":{"id":"CA-NL"}},
{"type":"Feature","geometry":{"type":"MultiPolygon","coordinates":[[[[-64.272,45.836],[-64.648,45.56],[-64.388,45.368],[-64.064,45.412],[-64.224,45.108],[-64.512,45.228],[-64.864,45.14],[-65.784,44.696],[-65.848,44.556],[-66.112,44.344],[-66.212,44.104],[-66.12,43.744],[-65.772,43.668],[-65.668,43.5],[-65.464,43.528],[-65.252,43.672],[-65.036,43.712],[-64.816,43.956],[-64.56,44.08],[-64.34,44.332],[-64.352,44.456],[-63.944,44.62],[-63.716,44.456],[-63.28,44.644],[-62.552,44.868],[-61.64,45.088],[-61.332,45.232],[-61.072,45.224],[-61.472,45.684],[-61.62,45.616],[-61.896,45.704],[-61.924,45.888],[-62.472,45.616],[-62.74,45.764],[-63.188,45.736],[-63.804,45.888],[-64.044,45.992],[-64.272,45.836]]],[[[-60.08,45.792],[-59.864,45.936],[-59.884,46.176],[-60.352,46.312],[-60.62,46.1],[-60.732,45.712],[-60.98,45.82],[-60.428,46.284],[-60.508,46.368],[-60.352,46.616],[-60.312,46.856],[-60.604,47.032],[-60.868,46.8],[-61.096,46.452],[-61.54,46.04],[-61.456,45.708],[-61.336,45.568],[-61.008,45.608],[-60.728,45.564],[-60.396,45.644],[-60.08,45.792]]]]},"properties":{"id":"CA-NS"}},
{"type":"Feature","geometry":{"type":"Polygon","coordinates":[[[145.768,43.388],[145.468,43.252],[145.32,43.276],[145.196,43.62],[145.076,43.752],[145.2,44.204],[144.832,43.944],[144.432,43.944],[144.216,44.112],[143.784,44.1],[142.98,44.588],[142.54,45.02],[141.96,45.512],[141.692,45.404],[141.588,45.164],[141.72,44.956],[141.792,44.596],[141.656,44.276],[141.64,43.936],[141.336,43.712],[141.44,43.36],[141.168,43.14],[140.808,43.192],[140.488,43.372],[140.34,43.212],[140.528,43.016],[140.26,42.76],[139.876,42.664],[139.788,42.248],[140.144,41.984],[139.984,41.56],[140.208,41.4],[140.4,41.512],[140.452,41.68],[140.64,41.816],[140.96,41.72],[140.976,41.912],[140.712,42.132],[140.548,42.104],[140.292,42.26],[140.38,42.504],[140.732,42.564],[141.016,42.316],[141.428,42.564],[141.728,42.616],[142.168,42.46],[142.46,42.272],[142.96,42.104],[143.252,41.94],[143.348,42.32],[143.64,42.66],[144.044,42.928],[144.324,43.004],[144.74,42.924],[145,42.988],[145.124,43.12],[145.516,43.176],[145.768,43.388]]]},"properties":{"id":"JP-01"}},
{"type":"Feature","geometry":{"type":"Polygon","coordinates":[[[-56.272,46.896],[-56.312,46.976],[-56.252,47.052],[-56.396,47.112],[-56.336,46.956],[-56.272,46.896]]]},"properties":{"id":"PM"}},
{"type":"Feature","geometry":{"type":"Polygon","coordinates":[[[86.688,22.22],[86.368,22.332],[86.04,22.556],[85.976,22.104],[85.784,22.012],[85.424,22.164],[85.232,22.036],[84.984,22.112],[85.088,22.28],[84.908,22.42],[84.532,22.424],[84.42,22.332],[84.148,22.388],[83.972,22.54],[83.996,22.44],[83.604,22.196],[83.472,21.808],[83.2,21.172],[82.668,21.156],[82.452,20.848],[82.34,20.86],[82.34,20.556],[82.42,20.428],[82.38,19.884],[81.94,20.104],[81.824,19.912],[82.028,19.776],[82.028,19.516],[82.168,19.388],[82.224,19.016],[82.14,18.748],[81.968,18.684],[81.74,18.356],[81.544,18.264],[81.396,17.808],[81.58,17.796],[81.76,17.908],[82.044,18.044],[82.328,18.044],[82.368,18.412],[82.596,18.324],[82.88,18.408],[83.04,18.392],[83.028,18.64],[83.396,18.868],[83.612,19.128],[83.8,19],[83.904,18.804],[84.316,18.808],[84.696,19.16],[84.776,19.116],[85.18,19.476],[85.22,19.736],[85.464,19.904],[85.548,19.692],[86.268,19.912],[86.496,20.184],[86.7,20.284],[86.732,20.464],[87.004,20.656],[86.844,21.084],[86.916,21.328],[87.2,21.552],[87.476,21.612],[87.408,21.788],[87.192,21.956],[86.688,22.22]]]},"properties":{"id":"IN-OR"}},
{"type":"Feature","geometry":{"type":"Polygon","coordinates":[[[119.28,35.076],[119.648,35.584],[119.812,35.648],[120.244,35.972],[120.104,36.2],[120.36,36.192],[120.352,36.04],[120.696,36.144],[120.648,36.332],[120.752,36.46],[121.408,36.752],[121.56,36.768],[122.04,36.984],[122.32,36.824],[122.524,36.944],[122.448,37.148],[122.548,37.312],[122.128,37.484],[121.476,37.468],[121.192,37.576],[121.136,37.7],[120.74,37.832],[120.464,37.748],[120.06,37.44],[119.86,37.36],[119.772,37.152],[119.44,37.12],[119.144,37.18],[118.972,37.28],[118.976,37.612],[119.244,37.768],[118.84,38.152],[118.544,38.068],[118.084,38.14],[117.836,38.272],[117.568,38.048],[117.42,37.848],[116.84,37.832],[116.256,37.388],[115.976,37.32],[115.852,37.056],[115.628,36.792],[115.476,36.752],[115.276,36.476],[115.46,36.156],[115.468,35.912],[115.964,35.984],[115.616,35.732],[115.504,35.724],[115.344,35.496],[115.068,35.38],[114.864,35.188],[114.836,35.016],[115.176,34.944],[115.428,34.78],[115.54,34.576],[116.152,34.568],[116.376,34.64],[116.472,34.9],[116.828,34.96],[117.06,34.708],[117.18,34.452],[117.336,34.588],[117.468,34.476],[117.772,34.528],[117.792,34.652],[118.052,34.652],[118.164,34.4],[118.392,34.444],[118.476,34.688],[118.76,34.748],[118.868,35.036],[119.28,35.076]]]},"properties":{"id":"CN-SD"}},
{"type":"Feature","geometry":{"type":"MultiPolygon","coordinates":[[[[114.156,40.744],[114.284,40.38],[113.936,40.016],[114.084,39.916],[114.384,39.86],[114.404,39.66],[114.54,39.532],[114.392,39.168],[114.216,39.068],[113.852,39.072],[113.824,38.812],[113.536,38.536],[113.556,38.244],[113.792,38.152],[114.1,37.7],[114.052,37.5],[113.756,37.116],[113.776,36.892],[113.452,36.736],[113.536,36.484],[113.72,36.356],[113.988,36.36],[114.156,36.248],[114.548,36.14],[115.348,36.084],[115.46,36.156],[115.276,36.476],[115.476,36.752],[115.628,36.792],[115.852,37.056],[115.976,37.32],[116.256,37.388],[116.84,37.832],[117.42,37.848],[117.568,38.048],[117.836,38.272],[117.544,38.62],[117.272,38.56],[116.88,38.7],[116.712,38.82],[116.712,39.012],[116.892,39.104],[116.792,39.604],[116.428,39.52],[115.944,39.576],[115.756,39.508],[115.464,39.644],[115.512,39.84],[115.428,39.964],[115.576,40.096],[115.82,40.152],[115.944,40.292],[115.728,40.54],[115.996,40.596],[116.208,40.752],[116.46,40.792],[116.676,40.94],[116.912,40.748],[117.244,40.572],[117.252,40.336],[117.356,40.256],[117.748,40.064],[117.5,39.988],[117.632,39.576],[117.892,39.564],[118.008,39.22],[118.344,39.032],[118.62,39.16],[118.94,39.14],[119.304,39.432],[119.34,39.716],[119.536,39.892],[119.852,39.988],[119.636,40.208],[119.564,40.54],[119.292,40.532],[118.856,40.82],[118.964,41.076],[119.232,41.272],[119.152,41.312],[118.48,41.356],[118.16,41.72],[118.324,41.864],[118.132,42.02],[118.024,42.384],[117.8,42.568],[117.452,42.548],[117.412,42.46],[117.056,42.464],[116.888,42.396],[116.86,42.02],[116.6,41.924],[116.376,42.008],[116.036,41.8],[115.86,41.928],[115.34,41.72],[115.224,41.584],[114.888,41.612],[114.92,41.936],[114.804,42.18],[114.596,42.14],[114.256,41.86],[114.196,41.592],[113.928,41.42],[113.984,41.24],[113.88,41.1],[114.156,40.744]]],[[[117.24,40.092],[116.828,40.036],[116.744,39.96],[116.876,39.688],[117.152,39.62],[117.148,39.948],[117.24,40.092]]]]},"properties":{"id":"CN-HE"}},
{"type":"Feature","geometry":{"type":"Polygon","coordinates":[[[117.356,40.256],[117.24,40.092],[117.148,39.948],[117.152,39.62],[116.876,39.688],[116.792,39.604],[116.892,39.104],[116.712,39.012],[116.712,38.82],[116.88,38.7],[117.272,38.56],[117.544,38.62],[117.72,39.092],[118.008,39.22],[117.892,39.564],[117.632,39.576],[117.5,39.988],[117.748,40.064],[117.356,40.256]]]},"properties":{"id":"CN-TJ"}},
{"type":"Feature","geometry":{"type":"Polygon","coordinates":[[[146.888,59.364],[147.592,59.304],[147.912,59.392],[148.392,59.38],[148.788,59.236],[148.992,59.356],[149.132,59.64],[149.596,59.76],[150.456,59.612],[151.636,59.484],[151.76,59.3],[151.216,59.092],[151.36,58.856],[152.02,58.876],[152.404,59.024],[152.916,58.916],[153.368,59.24],[153.804,59.172],[154.048,59.052],[154.5,59.216],[155.196,59.176],[155.208,59.344],[154.964,59.496],[154.428,59.548],[154.22,59.868],[154.488,59.896],[154.564,60.092],[154.952,60.368],[155.92,60.756],[156.008,60.948],[156.548,61.208],[156.68,61.524],[157.464,61.784],[158.08,61.736],[158.26,61.824],[158.852,61.828],[159.36,61.892],[159.576,61.652],[159.968,61.76],[160.412,61.764],[159.964,61.38],[160,61.108],[160.424,60.984],[160.172,60.824],[160.38,60.7],[160.828,60.756],[161.596,61.256],[161.988,61.372],[162.512,61.66],[162.512,62.104],[162.736,62.296],[162.768,62.504],[162.548,62.844],[162.268,62.936],[162.38,63.12],[162.744,63.18],[162.696,63.392],[162.956,63.492],[162.756,63.74],[162.888,63.876],[162.796,64.148],[163.168,64.192],[163.436,64.372],[163.168,64.56],[163.136,64.772],[162.996,64.648],[161.784,64.84],[161.644,65.012],[161.28,65.14],[160.536,65.16],[160.168,65.452],[158.92,65.744],[159.168,66.236],[158.528,66.36],[158.124,66.156],[157.716,66.112],[157.124,65.916],[156.66,66.192],[156.36,66.068],[155.752,66.176],[154.884,66.132],[154.548,66.236],[154.22,66.068],[154.248,65.828],[153.696,65.884],[153.4,65.504],[153.52,65.408],[152.688,65.232],[152.504,64.944],[152.748,64.684],[152.332,64.512],[151.48,64.436],[151.3,64.36],[150.632,64.332],[150.224,64.212],[149.816,64.568],[149.4,64.436],[148.632,64.42],[148.292,64.548],[148,64.364],[148.252,64.256],[147.956,63.944],[147.308,64.132],[146.5,64.208],[146.108,63.94],[145.572,63.836],[145.632,63.66],[145.444,63.516],[145.252,63.18],[145.328,62.756],[145.48,62.548],[145.124,62.488],[145.176,62.284],[144.744,62.048],[145.512,61.964],[145.744,62.06],[146.22,61.904],[146.584,61.636],[146.748,61.224],[146.464,60.708],[146.068,60.74],[145.62,60.556],[145.572,60.336],[145.792,60.2],[146.376,60.272],[146.68,60.096],[146.788,59.9],[147.14,59.848],[147.076,59.412],[146.888,59.364]]]},"properties":{"id":"RU-MAG"}},
{"type":"Feature","geometry":{"type":"Polygon","coordinates":[[[72.948,20.128],[73.168,20.116],[73.048,20.332],[72.948,20.128]]]},"properties":{"id":"IN-DH"}},
{"type":"Feature","geometry":{"type":"Polygon","coordinates":[[[73.168,20.116],[72.948,20.128],[72.708,20.072],[72.652,19.84],[72.824,19.052],[72.852,18.768],[72.976,18.296],[72.98,18.08],[73.124,17.724],[73.132,17.54],[73.236,17.304],[73.32,16.692],[73.32,16.508],[73.448,16.068],[73.7,15.724],[74.1,15.64],[74.332,15.76],[74.468,16.108],[74.292,16.528],[74.432,16.644],[74.556,16.552],[74.684,16.708],[74.868,16.776],[74.96,16.952],[75.168,16.868],[75.452,16.964],[75.648,17.092],[75.552,17.364],[75.612,17.472],[75.936,17.324],[76.212,17.388],[76.324,17.616],[76.512,17.772],[76.676,17.708],[76.884,17.976],[76.892,18.144],[77.088,18.196],[77.232,18.332],[77.552,18.308],[77.592,18.548],[77.912,18.836],[77.752,19.044],[77.92,19.332],[78.168,19.264],[78.384,19.684],[78.32,19.864],[78.848,19.724],[78.872,19.652],[79.196,19.46],[79.268,19.588],[79.54,19.532],[79.736,19.604],[79.932,19.484],[79.96,18.868],[80.092,18.696],[80.272,18.712],[80.272,18.98],[80.396,19.236],[80.576,19.392],[80.716,19.264],[80.892,19.484],[80.564,19.74],[80.532,20.136],[80.624,20.324],[80.624,20.6],[80.552,20.92],[80.436,21],[80.484,21.168],[80.68,21.352],[80.416,21.448],[80.188,21.64],[80.004,21.548],[79.8,21.588],[79.552,21.552],[79.412,21.688],[78.92,21.572],[78.696,21.476],[78.412,21.608],[78.028,21.436],[77.58,21.384],[77.552,21.696],[77.332,21.776],[76.792,21.576],[76.632,21.34],[76.616,21.204],[76.436,21.108],[76.188,21.084],[76.084,21.368],[75.876,21.4],[75.312,21.38],[75.048,21.556],[74.708,21.612],[74.512,21.728],[74.484,21.944],[74.128,21.952],[73.808,21.836],[73.82,21.508],[73.996,21.556],[74.108,21.452],[73.8,21.28],[73.696,21.124],[73.868,20.976],[73.908,20.776],[73.7,20.564],[73.476,20.68],[73.36,20.368],[73.364,20.18],[73.168,20.116]]]},"properties":{"id":"IN-MH"}},
{"type":"Feature","geometry":{"type":"Polygon","coordinates":[[[73.7,15.724],[73.796,15.46],[73.884,15.436],[73.912,15.08],[74.092,14.888],[74.24,14.956],[74.304,15.288],[74.228,15.628],[74.1,15.64],[73.7,15.724]]]},"properties":{"id":"IN-GA"}},
{"type":"Feature","geometry":{"type":"Polygon","coordinates":[[[77.448,15.952],[77.532,16.36],[77.292,16.408],[77.432,16.592],[77.464,17.044],[77.376,17.224],[77.6,17.488],[77.412,17.632],[77.62,17.924],[77.552,18.308],[77.232,18.332],[77.088,18.196],[76.892,18.144],[76.884,17.976],[76.676,17.708],[76.512,17.772],[76.324,17.616],[76.212,17.388],[75.936,17.324],[75.612,17.472],[75.552,17.364],[75.648,17.092],[75.452,16.964],[75.168,16.868],[74.96,16.952],[74.868,16.776],[74.684,16.708],[74.556,16.552],[74.432,16.644],[74.292,16.528],[74.468,16.108],[74.332,15.76],[74.1,15.64],[74.228,15.628],[74.304,15.288],[74.24,14.956],[74.092,14.888],[74.264,14.7],[74.396,14.412],[74.504,14.012],[74.616,13.836],[74.816,12.86],[74.856,12.764],[75.104,12.68],[75.312,12.468],[75.388,12.296],[75.848,11.952],[76.056,11.964],[76.416,11.668],[76.82,11.624],[76.908,11.8],[77.084,11.756],[77.432,11.812],[77.672,11.972],[77.768,12.12],[77.492,12.204],[77.62,12.468],[77.608,12.672],[77.764,12.72],[77.8,12.856],[78.056,12.844],[78.228,12.76],[78.516,13.088],[78.568,13.276],[78.38,13.324],[78.376,13.58],[78.068,13.7],[78.032,13.884],[77.88,13.916],[77.444,13.7],[77.288,14.012],[77.368,14.164],[77.256,14.332],[76.908,14.256],[76.752,14.564],[76.824,14.92],[77.128,15.132],[77.024,15.352],[77.036,15.872],[77.228,15.976],[77.448,15.952]]]},"properties":{"id":"IN-KA"}},
{"type":"Feature","geometry":{"type":"Polygon","coordinates":[[[74.856,12.764],[75.224,12.024],[75.224,12.1],[75.276,12.1],[75.304,12.044],[75.324,11.9],[75.532,11.692],[75.832,11.096],[75.924,10.764],[76.176,10.172],[76.36,9.916],[76.312,9.492],[76.544,8.912],[76.996,8.368],[77.112,8.284],[77.28,8.528],[77.18,8.696],[77.248,8.86],[77.164,9],[77.256,9.124],[77.4,9.5],[77.188,9.612],[77.276,10.212],[77.192,10.352],[76.928,10.236],[76.808,10.436],[76.888,10.78],[76.692,10.932],[76.72,11.14],[76.408,11.436],[76.416,11.668],[76.056,11.964],[75.848,11.952],[75.388,12.296],[75.312,12.468],[75.104,12.68],[74.856,12.764]]]},"properties":{"id":"IN-KL"}},
{"type":"Feature","geometry":{"type":"Polygon","coordinates":[[[75.224,12.024],[75.304,12.044],[75.276,12.1],[75.224,12.1],[75.224,12.024]]]},"properties":{"id":"IN-PY"}},
{"type":"Feature","geometry":{"type":"Polygon","coordinates":[[[78.228,12.76],[78.056,12.844],[77.8,12.856],[77.764,12.72],[77.608,12.672],[77.62,12.468],[77.492,12.204],[77.768,12.12],[77.672,11.972],[77.432,11.812],[77.084,11.756],[76.908,11.8],[76.82,11.624],[76.416,11.668],[76.408,11.436],[76.72,11.14],[76.692,10.932],[76.888,10.78],[76.808,10.436],[76.928,10.236],[77.192,10.352],[77.276,10.212],[77.188,9.612],[77.4,9.5],[77.256,9.124],[77.164,9],[77.248,8.86],[77.18,8.696],[77.28,8.528],[77.112,8.284],[77.316,8.128],[77.512,8.076],[78.064,8.372],[78.128,8.488],[78.176,8.86],[78.448,9.116],[78.956,9.276],[78.912,9.476],[78.98,9.668],[79.28,10.036],[79.236,10.168],[79.4,10.324],[79.76,10.26],[79.864,10.38],[79.848,10.808],[79.848,10.98],[79.82,11.392],[79.752,11.576],[79.812,11.832],[79.848,11.956],[80.156,12.476],[80.228,12.676],[80.348,13.348],[80.26,13.468],[80.096,13.464],[79.816,13.296],[79.448,13.332],[79.42,13.22],[79.16,13.044],[78.944,13.092],[78.644,12.992],[78.584,12.78],[78.42,12.632],[78.228,12.76]]]},"properties":{"id":"IN-TN"}},
{"type":"Feature","geometry":{"type":"MultiPolygon","coordinates":[[[[142.528,54.296],[142.408,54.232],[142.708,53.948],[142.576,53.5],[142.228,53.52],[141.768,53.372],[141.928,53.02],[141.844,52.592],[141.66,52.384],[141.676,51.912],[141.816,51.672],[142.08,51.472],[142.268,51.076],[142.128,50.896],[142.044,50.528],[142.152,50.344],[142.16,49.676],[142.076,49.2],[141.968,48.864],[141.856,48.776],[142.14,48.32],[142.192,47.968],[141.964,47.612],[141.976,47.296],[142.056,47.052],[141.824,46.604],[141.932,46.036],[142.2,46.032],[142.28,46.328],[142.456,46.632],[143.344,46.564],[143.42,46.224],[143.624,46.376],[143.42,46.8],[143.172,46.708],[143.016,47.252],[142.76,47.432],[142.544,47.768],[142.548,48.02],[142.988,48.916],[142.976,49.044],[143.176,49.244],[143.5,49.348],[144.284,49.252],[144.224,49.532],[144.004,50.012],[143.792,50.308],[143.46,51.468],[143.22,51.532],[143.312,51.756],[143.164,51.872],[143.12,52.336],[143.336,52.704],[143.292,53.152],[142.94,53.748],[143.004,54.136],[142.732,54.42],[142.528,54.296]]],[[[146.468,44.428],[146.12,44.508],[145.976,44.292],[146.324,44.292],[146.468,44.428]]],[[[148.8,45.416],[148.62,45.5],[148.312,45.276],[147.888,45.22],[147.264,44.868],[147.388,44.736],[147.992,45.004],[148.216,45.196],[148.8,45.416]]],[[[150.336,46.212],[150.02,46.072],[149.484,45.668],[149.636,45.612],[150.144,45.9],[150.364,46.08],[150.336,46.212]]],[[[156.124,50.636],[155.888,50.692],[155.716,50.424],[155.412,50.36],[155.22,50.108],[155.884,50.252],[156.124,50.636]]]]},"properties":{"id":"RU-SAK"}},
{"type":"Feature","geometry":{"type":"Polygon","coordinates":[[[33.572,44.852],[33.38,44.564],[33.728,44.396],[33.676,44.792],[33.572,44.852]]]},"properties":{"id":"UA-40"}},
{"type":"Feature","geometry":{"type":"MultiPolygon","coordinates":[[[[28.156,41.492],[28.176,41.08],[28.624,40.968],[28.98,41],[29.108,41.236],[28.908,41.268],[28.204,41.54],[28.156,41.492]]],[[[29.252,40.876],[29.452,41.008],[29.58,40.924],[29.848,41.028],[29.884,41.148],[29.232,41.24],[29.028,40.984],[29.252,40.876]]]]},"properties":{"id":"TR-34"}},
{"type":"Feature","geometry":{"type":"Polygon","coordinates":[[[26.808,41.332],[26.828,41.172],[26.716,40.936],[26.788,40.724],[26.964,40.56],[27.176,40.632],[27.524,40.988],[27.94,40.972],[28.176,41.08],[28.156,41.492],[27.6,41.42],[27.396,41.264],[27.24,41.364],[26.808,41.332]]]},"properties":{"id":"TR-59"}},
{"type":"Feature","geometry":{"type":"MultiPolygon","coordinates":[[[[26.78,40.66],[26.828,40.6],[26.22,40.332],[26.376,40.152],[26.684,40.456],[26.964,40.56],[26.788,40.724],[26.78,40.66]]],[[[26.668,39.552],[26.696,39.712],[27.024,39.792],[27.276,39.772],[27.44,39.844],[27.572,40.316],[27.304,40.46],[27.012,40.392],[26.736,40.404],[26.312,40.02],[26.152,39.944],[26.152,39.46],[26.668,39.552]]]]},"properties":{"id":"TR-17"}},
{"type":"Feature","geometry":{"type":"MultiPolygon","coordinates":[[[[-180,68.984],[-180,68.56],[-180,68.06],[-180,67.564],[-180,67.064],[-180,66.564],[-180,66.068],[-180,65.568],[-180,65.068],[-179.664,65.14],[-179.276,65.632],[-179.724,65.78],[-179.768,66.104],[-178.984,66.16],[-178.684,66.1],[-178.872,65.892],[-178.412,65.68],[-178.284,65.444],[-177.416,65.44],[-176.976,65.608],[-175.908,65.404],[-175.74,65.124],[-175.776,64.94],[-175.456,64.796],[-174.652,64.724],[-174.072,64.548],[-173.988,64.412],[-173.108,64.24],[-172.388,64.408],[-172.464,64.56],[-172.816,64.612],[-172.7,64.876],[-172.092,65.052],[-172.164,65.42],[-170.668,65.6],[-170.532,65.852],[-169.7,66.128],[-170.564,66.352],[-171.364,66.676],[-171.896,66.972],[-172.664,66.884],[-173.548,67.092],[-174.028,66.96],[-173.832,66.508],[-174.436,66.356],[-174.436,66.532],[-174.972,66.664],[-174.688,66.764],[-174.908,67.036],[-174.808,67.364],[-175.16,67.336],[-175.288,67.668],[-175.824,67.812],[-176.3,67.724],[-176.716,68.028],[-177.26,68.212],[-177.608,68.196],[-178.04,68.428],[-178.7,68.544],[-178.844,68.752],[-180,68.984]]],[[[169.448,69.848],[168.264,70.024],[167.792,69.808],[168.876,69.568],[169.188,69.576],[169.448,69.848]]],[[[-180,71.536],[-180,71.052],[-180,70.992],[-179.344,70.908],[-177.932,71.04],[-177.444,71.236],[-178.396,71.54],[-179.076,71.6],[-180,71.536]]],[[[163.136,64.772],[163.52,64.932],[163.872,64.864],[164.216,64.924],[164.796,64.772],[165.264,64.852],[166.2,64.608],[166.808,64.532],[167.236,64.624],[167.716,64.34],[168.5,64.316],[168.872,64.02],[169.344,63.948],[169.584,63.644],[168.796,63.304],[168.512,63.056],[169.128,62.972],[169.844,62.656],[170.16,62.34],[170.9,62.28],[171.468,62.312],[172.056,62.468],[172.704,62.404],[172.852,62.332],[173.504,62.536],[174.08,62.448],[174.116,62.072],[174.468,61.98],[174.452,61.816],[175.632,62.192],[176.28,62.316],[176.596,62.484],[177.308,62.584],[178.06,62.54],[179.152,62.34],[179.608,62.704],[179.248,62.984],[179.336,63.196],[178.596,63.412],[178.764,63.644],[178.692,63.912],[178.468,63.992],[178.4,64.244],[178,64.212],[177.452,64.42],[177.492,64.768],[176.984,64.712],[176.728,64.58],[176.212,64.872],[177.296,64.84],[177.744,64.708],[178.756,64.64],[179.48,64.824],[180,65.068],[180,65.568],[180,66.068],[180,66.564],[180,67.064],[180,67.564],[180,68.06],[180,68.56],[180,68.98],[178.772,69.416],[178.212,69.444],[176.504,69.756],[175.928,69.776],[175.5,69.872],[175.088,69.844],[173.46,69.948],[171.996,69.992],[170.612,70.116],[170.584,69.6],[170.912,69.304],[171.028,69.056],[170.352,68.828],[169.624,68.776],[169.42,69.024],[168.852,69.188],[168.288,69.244],[168.24,69.56],[167.676,69.772],[166.94,69.504],[166.076,69.524],[165.676,69.596],[164.836,69.568],[164.028,69.772],[163.772,69.696],[162.432,69.676],[162.316,69.548],[162.776,69.204],[162.556,68.992],[162.848,68.868],[162.536,68.364],[161.408,68.412],[160.996,68.3],[159.852,68.276],[158.276,68.076],[158.092,67.84],[157.692,67.544],[157.96,67.26],[158.704,67.056],[158.904,66.804],[158.472,66.488],[158.528,66.36],[159.168,66.236],[158.92,65.744],[160.168,65.452],[160.536,65.16],[161.28,65.14],[161.644,65.012],[161.784,64.84],[162.996,64.648],[163.136,64.772]]],[[[180,70.992],[180,71.052],[180,71.536],[178.904,71.236],[178.624,71.036],[178.832,70.808],[179.668,70.876],[180,70.992]]]]},"properties":{"id":"RU-CHU"}},
{"type":"Feature","geometry":{"type":"Polygon","coordinates":[[[-14.616,65.988],[-15.076,66.048],[-14.96,66.296],[-15.776,66.288],[-16.024,66.536],[-16.544,66.508],[-16.488,66.188],[-16.92,66.124],[-17.216,66.196],[-17.42,65.996],[-17.912,66.152],[-19.08,66.156],[-19.496,65.976],[-20.032,66.084],[-20.448,66.028],[-20.264,65.744],[-20.92,65.6],[-21.1,65.444],[-21.084,65.168],[-21.368,65.488],[-21.416,65.764],[-21.32,65.988],[-21.748,66.184],[-22.216,66.288],[-22.376,66.432],[-22.852,66.468],[-23.1,66.32],[-23.792,66.072],[-24.196,65.5],[-23.896,65.404],[-22.924,65.572],[-22.2,65.432],[-21.696,65.452],[-22.492,65.232],[-22.032,65.116],[-22.676,65.008],[-24.06,64.892],[-23.832,64.724],[-23.248,64.832],[-22.32,64.752],[-22.392,64.636],[-21.964,64.296],[-21.424,64.376],[-21.876,64.272],[-21.756,64.172],[-22.124,64.044],[-22.684,63.944],[-22.716,63.828],[-21.932,63.848],[-21.168,63.876],[-20.444,63.672],[-20.184,63.544],[-18.732,63.396],[-17.964,63.524],[-17.86,63.736],[-17.384,63.772],[-16.896,63.808],[-16.352,63.964],[-15.992,64.144],[-15.464,64.252],[-14.996,64.264],[-14.512,64.444],[-14.492,64.66],[-14.048,64.72],[-13.528,65.056],[-13.688,65.308],[-13.608,65.516],[-14.396,65.732],[-14.696,65.752],[-14.616,65.988]]]},"properties":{"id":"IS"}},
{"type":"Feature","geometry":{"type":"MultiPolygon","coordinates":[[[[70.132,66.556],[70.084,66.692],[69.424,66.768],[69.544,66.592],[70.132,66.556]]],[[[65.036,69.272],[64.544,69.032],[64.556,68.872],[65.316,68.804],[65.48,68.432],[65.272,68.216],[65.436,67.92],[66.084,67.932],[65.832,67.644],[66.112,67.488],[65.192,67.144],[65.116,66.908],[63.968,66.648],[63.304,66.4],[62.872,66.08],[62.84,65.868],[62.02,65.716],[62.28,65.624],[62.516,65.34],[62.816,65.292],[62.68,64.88],[62.804,64.728],[62.7,64.492],[63.216,64.524],[63.612,64.268],[64.624,64.44],[65.176,64.444],[65.4,64.572],[66.148,64.584],[66.936,64.488],[66.82,64.224],[67.28,64.08],[67.68,64.08],[68.18,64.176],[68.424,64.296],[68.812,64.22],[69.244,64.464],[70,64.316],[70.308,64.344],[70.768,64.192],[70.568,64.016],[70.912,63.692],[71.388,63.676],[71.568,63.552],[71.608,63.184],[72.16,63.3],[72.656,63.28],[73.104,63.436],[73.368,63.208],[74.24,63.172],[74.508,63.044],[74.916,63.032],[75.804,63.112],[76.24,63.02],[77.028,62.976],[77.328,62.712],[77.968,62.476],[78.792,62.616],[79.82,62.604],[79.916,62.792],[80.576,63.02],[81.076,63.116],[81.348,62.82],[81.84,62.692],[82.072,62.8],[82.732,62.756],[83.032,62.528],[83.312,62.456],[83.8,62.56],[84.436,62.176],[85.224,62.8],[85.52,62.932],[85.468,63.148],[85.64,63.376],[85.096,63.536],[85.532,63.936],[85.948,64.052],[86.028,64.28],[85.844,64.5],[85.86,64.756],[85.612,64.828],[85.184,64.752],[84.82,64.932],[84.472,64.892],[84.312,65.1],[84.524,65.212],[84.552,65.432],[84.032,65.792],[83.52,65.824],[83.296,66.06],[83.524,66.172],[83.08,66.58],[83.16,66.816],[82.116,67.244],[82.388,67.524],[81.732,67.908],[82.352,67.944],[82.396,68.176],[82.68,68.284],[82.536,68.612],[83.016,68.684],[82.544,68.84],[82.256,69.156],[81.612,69.288],[80.968,69.208],[80.736,69.308],[79.856,69.356],[79.584,69.588],[78.912,69.86],[79.208,70.052],[80.568,70.46],[80.752,70.636],[80.552,71.044],[79.956,71.136],[79.244,71.316],[79.384,71.616],[80.12,71.676],[80.34,71.888],[79.696,72.056],[78.696,72.18],[78.504,72.38],[77.74,72.216],[78.204,72],[77.584,71.832],[76.948,72.044],[76.028,71.924],[76.324,71.56],[77.672,71.288],[78.28,71.26],[78.612,70.964],[78,70.964],[77.784,71.144],[76.016,71.236],[75.344,71.336],[75.532,71.544],[75.264,71.744],[75.288,71.96],[75.72,72.248],[75.7,72.548],[75.32,72.82],[75,72.672],[75.112,72.348],[74.928,72.1],[73.524,71.824],[73.48,71.652],[73.036,71.44],[73.556,71.256],[73.952,70.836],[74.316,70.668],[74.316,70.52],[73.736,70.18],[73.516,69.748],[73.9,69.416],[73.752,69.184],[74.716,69.084],[75.508,69.26],[76.756,69.124],[76.928,69.008],[77.684,68.884],[77.716,68.62],[78.104,68.248],[77.536,68.128],[77.46,67.788],[78.112,67.656],[78.048,67.544],[77.12,67.768],[77.356,68.232],[77.316,68.532],[76.664,68.764],[76.376,68.992],[75.192,68.876],[74.456,68.692],[74.332,68.384],[74.7,68.18],[74.824,67.94],[74.732,67.688],[73.9,67.296],[73.872,67.008],[73.492,66.824],[72.492,66.62],[72.348,66.308],[71.992,66.232],[71.144,66.364],[70.364,66.336],[69.388,66.512],[69.112,66.62],[69.132,66.832],[69.596,66.788],[69.936,66.864],[70.412,66.564],[70.98,66.536],[71.576,66.66],[71.724,66.916],[72.232,67.168],[72.404,67.48],[73.204,67.864],[73.092,68.216],[73.644,68.5],[72.576,68.94],[72.488,69.2],[72.648,69.292],[72.5,69.648],[72.692,69.836],[72.492,70.04],[72.46,70.304],[72.772,70.424],[72.688,70.636],[72.828,70.888],[72.672,71.108],[72.104,71.292],[71.84,71.532],[72.208,71.616],[72.352,71.864],[72.864,72.272],[72.732,72.616],[72.496,72.788],[71.564,72.916],[70.172,72.9],[69.276,72.84],[68.988,72.704],[68.48,71.836],[67.948,71.528],[66.928,71.3],[66.608,70.88],[67.316,70.784],[67.096,70.22],[67.328,70.108],[66.876,69.996],[66.772,69.74],[67.968,69.492],[68.124,69.224],[68.488,68.972],[69.108,68.88],[68.924,68.636],[68.384,68.228],[67.904,68.472],[67.056,68.78],[65.816,69.144],[65.036,69.272]]],[[[78.28,72.552],[77.612,72.636],[76.916,72.292],[77.588,72.284],[78.28,72.552]]],[[[71.668,73.228],[70.948,73.516],[69.984,73.408],[69.936,73.132],[70.256,73.04],[71.496,73.152],[71.668,73.228]]]]},"properties":{"id":"RU-YAN"}},
{"type":"Feature","geometry":{"type":"MultiPolygon","coordinates":[[[[65.036,69.272],[64.548,69.452],[63.412,69.672],[60.772,69.848],[60.652,69.672],[60.14,69.576],[60.844,69.156],[60.94,68.964],[60.468,68.724],[59.772,68.668],[59.964,68.468],[59.676,68.336],[59.108,68.404],[59.056,68.62],[59.416,68.768],[58.88,69.004],[57.976,68.852],[57.328,68.564],[56.628,68.644],[55.392,68.564],[54.24,68.212],[53.24,68.252],[53.32,68.348],[53.932,68.392],[53.72,68.656],[54.104,69],[53.436,68.92],[52.808,68.768],[52.5,68.62],[52.732,68.476],[52.404,68.336],[52.06,68.544],[51.56,68.484],[50.436,68.22],[49.132,67.864],[48.924,67.688],[48.256,67.684],[47.824,67.56],[47.948,67.444],[47.696,67.204],[47.724,67],[46.928,66.844],[45.852,66.888],[45.592,67.16],[44.952,67.32],[45.028,67.532],[45.352,67.732],[46.724,67.844],[46.536,68.132],[46.028,68.324],[45.944,68.448],[45.308,68.544],[43.984,68.552],[44.244,68.256],[44.004,67.576],[43.76,67.22],[44.208,67.124],[44.5,66.92],[44.488,66.676],[44.216,66.408],[45.74,66.068],[46.348,66.028],[47.112,65.82],[47.66,65.808],[48.156,66.132],[49.008,66.12],[51.512,66.784],[51.496,66.908],[52.244,67.088],[53.772,67],[58.788,67],[60.084,66.988],[61.432,67],[62.82,67.388],[62.872,67.58],[63.944,67.884],[63.828,68.016],[64.532,68.2],[64.744,68.404],[65.48,68.432],[65.316,68.804],[64.556,68.872],[64.544,69.032],[65.036,69.272]]],[[[50.324,69.152],[50.164,69.26],[49.272,69.508],[48.808,69.492],[48.304,69.276],[48.22,68.908],[48.592,68.732],[49.248,68.78],[49.72,68.888],[49.956,69.076],[50.324,69.152]]],[[[60.54,69.82],[60.476,69.92],[59.784,70.132],[59.024,70.48],[58.524,70.332],[58.696,70.004],[59.432,69.888],[59.564,69.716],[60.2,69.684],[60.54,69.82]]]]},"properties":{"id":"RU-NEN"}},
{"type":"Feature","geometry":{"type":"MultiPolygon","coordinates":[[[[-120,60],[-118.124,60],[-116.248,60],[-115,60],[-113.124,60],[-111.876,60],[-110,60],[-109,60],[-106.5,60],[-104.5,60],[-102,60],[-102.004,61.22],[-102.004,62.144],[-102.004,63.18],[-102,64.228],[-105.192,64.484],[-107.444,64.664],[-108.972,64.78],[-109.58,64.932],[-110.704,65.5],[-112.504,65.5],[-114.412,66.088],[-116.592,66.752],[-117.772,67.116],[-119.76,67.724],[-120.68,68.016],[-120.68,69.556],[-121.428,69.768],[-122.952,69.84],[-123.156,69.772],[-123.176,69.496],[-123.544,69.376],[-124.44,69.368],[-124.072,69.664],[-124.508,69.736],[-124.384,70.14],[-124.988,70.044],[-125.032,69.748],[-125.416,69.604],[-125.152,69.456],[-125.448,69.32],[-125.94,69.416],[-126.7,69.768],[-127.136,70.252],[-127.928,70.568],[-128.196,70.448],[-128.032,70.292],[-128.312,69.988],[-128.996,69.68],[-129.172,69.832],[-130.34,69.704],[-130.752,69.456],[-131.596,69.476],[-131.88,69.284],[-132.864,69.072],[-132.772,69.256],[-132.116,69.36],[-131.984,69.536],[-131.084,69.632],[-129.6,69.992],[-130.324,70.14],[-130.944,70.08],[-132.14,69.688],[-132.888,69.66],[-133.196,69.416],[-133.632,69.4],[-134.412,69.656],[-134.64,69.484],[-135.156,69.48],[-135.836,69.308],[-135.992,69.016],[-136.444,68.908],[-136.444,67.724],[-136.188,67.564],[-136.096,67.296],[-136.164,67.004],[-134.032,66.988],[-133.6,66.56],[-133.612,65.96],[-132.56,66.028],[-132.184,65.584],[-132.712,65.228],[-132.352,65.068],[-132.568,64.776],[-132.052,64.696],[-131.62,64.368],[-131.144,64.424],[-130.74,63.972],[-130.096,63.784],[-129.824,63.476],[-130.128,63.316],[-129.844,63.092],[-129.764,62.852],[-129.496,62.608],[-129.196,62.508],[-129.308,62.32],[-129.132,62.116],[-128.548,62.12],[-127.972,61.688],[-127.536,61.512],[-127.144,61.464],[-126.936,61.052],[-126.884,60.78],[-126.66,60.748],[-125.828,60.884],[-125.32,60.788],[-124.568,60.94],[-124.604,60.72],[-124.416,60.48],[-123.82,60],[-121.432,60],[-120,60]]],[[[-110.004,72.984],[-110.484,72.84],[-110.004,72.756],[-110.004,72.984]]],[[[-110.004,72.46],[-110.728,72.572],[-112.076,72.9],[-113.016,73.016],[-113.604,72.776],[-114.024,72.796],[-113.96,73.124],[-114.584,73.384],[-115.572,73.2],[-117.368,72.916],[-118.592,72.428],[-118.128,72.228],[-118.68,72.144],[-119.056,71.936],[-119.052,71.628],[-118.076,71.664],[-118.308,71.432],[-117.552,71.376],[-116.184,71.5],[-115.904,71.392],[-117.476,71.184],[-118.388,71.024],[-118.188,70.84],[-117.584,70.608],[-116.232,70.64],[-115.58,70.58],[-114.184,70.668],[-113.988,70.716],[-112.924,70.564],[-112.144,70.492],[-111.808,70.352],[-112.588,70.2],[-114.184,70.316],[-116.032,70.22],[-116.964,70.128],[-117.444,69.988],[-117.252,69.764],[-116.856,69.648],[-117.124,70],[-114.824,70],[-112.5,70],[-110,70],[-110.004,71.648],[-110.004,72.46]]],[[[-115.324,73.508],[-116.868,74.088],[-117.416,74.232],[-118.064,74.28],[-118.724,74.22],[-120.156,74.28],[-121.58,74.556],[-122.624,74.464],[-124.756,74.348],[-124.144,73.852],[-123.772,73.764],[-124.444,73.42],[-124.86,73.092],[-124.492,72.924],[-125.04,72.832],[-124.944,72.704],[-125.752,72.148],[-125.792,71.948],[-125.232,71.94],[-124.064,71.7],[-123.1,71.084],[-122.156,71.26],[-121.7,71.468],[-121.424,71.38],[-120.636,71.492],[-120.384,71.7],[-120.432,71.964],[-120.196,72.216],[-119.34,72.348],[-119.164,72.628],[-117.216,73.068],[-116.46,73.26],[-115.752,73.356],[-115.324,73.508]]],[[[-117.784,75.896],[-118.62,75.924],[-119.408,75.6],[-118.612,75.504],[-117.932,75.74],[-117.784,75.896]]],[[[-110.004,76.488],[-110.396,76.396],[-110.004,76.228],[-110.004,76.488]]],[[[-110.004,75.544],[-111.276,75.528],[-111.36,75.716],[-112.432,76.172],[-112.996,76.272],[-113.964,76.192],[-114.204,76.472],[-115.512,76.456],[-115.84,76.184],[-116.528,76.16],[-116.708,75.9],[-117.676,75.292],[-117.512,75.2],[-115.716,74.972],[-114.96,74.972],[-113.888,75.06],[-111.028,75.176],[-111.556,75.012],[-112.796,74.984],[-114.44,74.684],[-113.692,74.444],[-112.436,74.412],[-111,74.616],[-110.004,74.852],[-110.004,75.544]]],[[[-119.316,76.2],[-118.008,76.404],[-117.352,76.26],[-116.936,76.356],[-117.076,76.528],[-115.892,76.7],[-115.832,76.972],[-116.248,77.196],[-115.404,77.32],[-116.408,77.564],[-117.232,77.284],[-117.852,77.392],[-118.82,77.36],[-120.092,77.004],[-120.368,76.816],[-121.204,76.68],[-121.552,76.436],[-122.38,76.408],[-122.86,76.184],[-121.436,75.944],[-120.716,76.028],[-120.488,75.848],[-119.864,75.86],[-119.316,76.2]]],[[[-113.688,77.868],[-114.116,78],[-115.12,77.96],[-114.3,77.712],[-113.688,77.868]]],[[[-110.004,78.1],[-112.272,78.016],[-113.24,77.904],[-113.2,77.528],[-112.108,77.324],[-110.236,77.504],[-110.004,77.932],[-110.004,78.1]]],[[[-110.004,78.688],[-110.428,78.768],[-113.216,78.408],[-112.176,78.376],[-111.78,78.272],[-110.004,78.328],[-110.004,78.688]]]]},"properties":{"id":"CA-NT"}},
{"type":"Feature","geometry":{"type":"MultiPolygon","coordinates":[[[[119.9,56.888],[120.304,57.004],[121.02,57.032],[121.408,56.976],[121.608,56.74],[122.16,56.74],[122.588,56.488],[122.92,56.552],[123.132,56.456],[123.916,56.376],[124.36,56.056],[124.448,55.904],[124.956,55.828],[125.248,55.88],[125.548,55.736],[126.04,55.728],[126.048,55.588],[126.436,55.556],[126.952,55.688],[127.328,55.656],[127.488,55.556],[127.792,55.628],[128.292,55.648],[128.5,55.516],[128.976,55.468],[129.048,55.656],[129.652,55.744],[129.996,55.692],[130.74,55.72],[130.924,55.68],[130.86,55.888],[131.092,56.204],[131.184,56.468],[131.392,56.48],[131.796,56.716],[131.752,56.844],[131.18,57.136],[131.508,57.252],[131.692,57.56],[132.036,57.692],[131.612,57.996],[131.476,58.168],[132.196,58.248],[132.128,58.488],[132.564,58.64],[132.6,58.892],[133.124,59.204],[133.544,59.292],[133.768,59.224],[135.208,59.124],[135.42,59.388],[135.792,59.536],[136.052,59.44],[136.76,59.356],[137.184,59.444],[137.616,59.74],[138.252,59.712],[138.2,60.232],[138.244,60.492],[138.428,60.704],[138.184,60.896],[138.384,61.1],[138.704,61.192],[139.12,61.448],[139.548,61.48],[139.92,61.8],[139.988,61.972],[140.256,62.04],[140.404,62.42],[140.704,62.572],[141.068,62.416],[141.304,62.432],[141.544,62.18],[141.836,62.04],[142.188,62.08],[142.436,61.868],[142.928,61.9],[143.128,62.1],[143.572,61.948],[143.956,61.956],[143.928,61.768],[144.54,61.856],[144.744,62.048],[145.176,62.284],[145.124,62.488],[145.48,62.548],[145.328,62.756],[145.252,63.18],[145.444,63.516],[145.632,63.66],[145.572,63.836],[146.108,63.94],[146.5,64.208],[147.308,64.132],[147.956,63.944],[148.252,64.256],[148,64.364],[148.292,64.548],[148.632,64.42],[149.4,64.436],[149.816,64.568],[150.224,64.212],[150.632,64.332],[151.3,64.36],[151.48,64.436],[152.332,64.512],[152.748,64.684],[152.504,64.944],[152.688,65.232],[153.52,65.408],[153.4,65.504],[153.696,65.884],[154.248,65.828],[154.22,66.068],[154.548,66.236],[154.884,66.132],[155.752,66.176],[156.36,66.068],[156.66,66.192],[157.124,65.916],[157.716,66.112],[158.124,66.156],[158.528,66.36],[158.472,66.488],[158.904,66.804],[158.704,67.056],[157.96,67.26],[157.692,67.544],[158.092,67.84],[158.276,68.076],[159.852,68.276],[160.996,68.3],[161.408,68.412],[162.536,68.364],[162.848,68.868],[162.556,68.992],[162.776,69.204],[162.316,69.548],[162.432,69.676],[161.436,69.38],[161.564,69.016],[160.964,69.104],[160.924,69.644],[160.384,69.676],[159.688,69.892],[160.108,70.264],[159.688,70.672],[159.236,70.828],[158.524,70.968],[157.584,71.076],[155.936,71.1],[154.24,70.964],[153.932,70.896],[152.612,70.836],[151.968,70.944],[152.104,71.052],[151.492,71.332],[149.968,71.536],[149.708,71.772],[150.068,71.92],[149.612,72.148],[148.404,72.312],[147.196,72.328],[146.156,71.82],[145.344,71.664],[145.216,71.844],[145.748,71.908],[145.848,72.164],[146.496,72.064],[146.928,72.312],[145.408,72.556],[141.552,72.776],[141.012,72.692],[140.876,72.536],[139.54,72.496],[139.136,72.304],[139.876,72.18],[139.572,71.932],[139.716,71.456],[138.756,71.644],[138.04,71.56],[138.008,71.34],[137.356,71.376],[136.776,71.524],[135.984,71.636],[135.032,71.54],[134.78,71.428],[134.168,71.372],[133.152,71.58],[132.812,71.832],[132.264,71.684],[131.548,70.888],[131.228,70.752],[130.3,70.94],[129.392,71.348],[129.248,71.548],[128.192,72.228],[129.144,72.1],[129.52,72.248],[129.116,72.48],[128.612,72.484],[127.96,72.664],[128.292,72.908],[129.444,73.028],[128.892,73.216],[128.44,73.236],[127.988,73.472],[126.228,73.556],[125.652,73.524],[124.336,73.804],[123.248,73.544],[123.552,73.216],[123.136,72.92],[122.612,73.032],[121.056,72.932],[119.784,73.02],[118.916,73.12],[118.352,73.284],[118.452,73.588],[117.444,73.588],[116.604,73.676],[115.412,73.712],[114.676,73.592],[113.132,73.448],[113.396,73.684],[112.82,73.748],[111.804,73.744],[111.296,73.868],[110.876,73.768],[110.908,73.692],[110.524,73.404],[110.88,73.024],[110.628,72.896],[110.7,72.652],[111.212,72.544],[111.084,72.368],[111.996,72.132],[111.996,71.412],[112.512,71.268],[112.276,71.012],[111.336,70.856],[110.54,70.8],[110.104,70.632],[110.116,70.48],[109.6,70.38],[109.276,70.208],[109.508,70.032],[109.236,69.776],[108.292,69.856],[108.008,69.704],[106.84,69.52],[106.428,69.564],[106.152,69.392],[106.884,68.864],[106.896,68.144],[106.804,67.348],[106.056,67.168],[105.688,66.94],[106.044,66.9],[106.32,66.48],[106.104,66.38],[106.172,66.16],[106.472,66.008],[106.44,65.66],[106.94,65.512],[105.972,65.012],[105.708,64.652],[105.804,64.532],[106.876,64.412],[107.368,64.252],[108.028,64.224],[108.468,64.28],[108.736,63.976],[108.688,63.796],[108.28,63.796],[108.16,63.564],[108.548,63.6],[109.052,63.548],[109.452,63.148],[109.616,62.872],[109.304,62.484],[109.92,62.408],[110,62.164],[109.596,61.872],[109.852,61.556],[109.792,61.324],[110.168,61.164],[110.48,61.16],[110.268,60.7],[109.916,60.452],[109.696,60.128],[109.764,60.028],[109.504,59.764],[109.516,59.628],[109.268,59.448],[109.5,59.296],[109.636,59.064],[110.12,58.98],[110.472,59.032],[110.712,59.26],[111.164,59.188],[111.472,59.268],[111.932,59.272],[112.216,59.5],[112.436,59.328],[112.556,59.032],[113.464,59.268],[113.436,59.404],[114.032,59.68],[114.544,59.984],[114.696,60.22],[115.112,60.396],[115.688,60.528],[116.076,60.408],[116.584,60.36],[116.956,60.168],[117.228,59.8],[117.088,59.588],[117.596,59.472],[118.06,59.584],[118.732,59.42],[118.688,59.192],[118.892,58.816],[118.82,58.576],[119.132,58.472],[119.108,58.224],[119.048,57.728],[119.412,57.616],[119.444,57.372],[119.684,57.156],[119.644,57.004],[119.9,56.888]]],[[[128.316,72.812],[129.208,72.76],[129.22,72.928],[128.316,72.812]]],[[[143.476,73.32],[143.408,73.544],[142.584,73.824],[142.044,73.916],[141.128,73.88],[140.492,73.484],[141.512,73.3],[143.176,73.176],[143.476,73.32]]],[[[141.096,74.148],[140.892,74.276],[140.22,74.22],[140.436,73.908],[141.036,74.004],[141.096,74.148]]],[[[113.404,74.444],[112.112,74.552],[111.58,74.26],[112.776,74.088],[113.404,74.444]]],[[[150.828,75.164],[149.128,75.268],[148.612,75.216],[148.408,75.42],[147.372,75.44],[146.388,75.584],[146.072,75.24],[147.088,75.004],[148.172,74.804],[149.208,74.76],[150.608,74.892],[150.828,75.164]]],[[[145.368,75.54],[143.948,75.836],[142.548,75.864],[141.704,76.12],[140.908,75.984],[140.864,75.74],[140.152,75.8],[139.912,75.936],[139.108,76.096],[138.14,76.12],[137.432,75.952],[137.588,75.772],[137.068,75.724],[137.432,75.388],[136.864,75.364],[137.148,75.136],[137.792,74.976],[138.164,74.776],[139.344,74.688],[140.068,74.828],[141.844,75],[142.356,74.824],[143.464,74.9],[143.448,75.004],[142.628,75.096],[142.084,75.524],[142.324,75.712],[143.012,75.604],[142.496,75.376],[142.872,75.156],[143.416,75.068],[144.332,75.048],[144.688,75.16],[144.728,75.432],[145.368,75.54]]]]},"properties":{"id":"RU-SA"}},
{"type":"Feature","geometry":{"type":"Polygon","coordinates":[[[29.416,60.168],[29.848,60.168],[30.116,59.872],[29.696,59.952],[30.26,59.608],[30.756,59.776],[30.512,59.864],[30.392,60.124],[29.632,60.268],[29.416,60.168]]]},"properties":{"id":"RU-SPE"}},
{"type":"Feature","geometry":{"type":"Polygon","coordinates":[[[16.744,64.016],[16.592,63.736],[15.936,63.664],[16.02,63.46],[16.968,62.992],[16.66,62.924],[16.312,62.724],[14.824,62.584],[15.068,62.296],[15.36,62.28],[15.628,62.356],[16.208,62.26],[17.5,62.148],[17.392,62.328],[18.044,62.592],[17.928,62.824],[18.512,62.904],[18.612,63.18],[19.032,63.184],[19.316,63.456],[18.956,63.772],[18.52,63.852],[18.364,63.984],[17.728,63.888],[16.9,63.96],[16.744,64.016]]]},"properties":{"id":"SE-Y"}},
{"type":"Feature","geometry":{"type":"Polygon","coordinates":[[[14.48,61.592],[14.712,61.492],[15.184,61.544],[15.636,61.248],[15.8,61.064],[16.156,61],[16.404,60.796],[16.204,60.58],[16.716,60.216],[17.228,60.308],[17.376,60.624],[17.16,60.948],[17.212,61.236],[17.096,61.636],[17.4,61.724],[17.344,61.924],[17.5,62.148],[16.208,62.26],[15.628,62.356],[15.36,62.28],[15.456,62.16],[15.124,62],[15.124,61.852],[14.6,61.812],[14.48,61.592]]]},"properties":{"id":"SE-X"}},
{"type":"Feature","geometry":{"type":"Polygon","coordinates":[[[17.228,60.308],[17.384,60.2],[17.18,59.884],[16.796,59.784],[16.968,59.532],[17.444,59.384],[17.58,59.668],[18.388,59.884],[18.556,60.12],[17.968,60.52],[17.64,60.516],[17.376,60.624],[17.228,60.308]]]},"properties":{"id":"SE-C"}},
{"type":"Feature","geometry":{"type":"Polygon","coordinates":[[[17.444,59.384],[17.284,59.228],[17.384,59],[17.588,58.964],[17.932,58.912],[18.044,59.06],[18.392,59.176],[18.276,59.424],[18.688,59.604],[18.86,59.804],[18.824,60.068],[18.556,60.12],[18.388,59.884],[17.58,59.668],[17.444,59.384]]]},"properties":{"id":"SE-AB"}},
{"type":"Feature","geometry":{"type":"Polygon","coordinates":[[[16.968,59.532],[16.288,59.452],[15.78,59.208],[15.724,58.984],[16.3,58.824],[16.452,58.692],[16.78,58.636],[17.092,58.66],[17.46,58.792],[17.588,58.964],[17.384,59],[17.284,59.228],[17.444,59.384],[16.968,59.532]]]},"properties":{"id":"SE-D"}},
{"type":"Feature","geometry":{"type":"Polygon","coordinates":[[[14.428,58.224],[14.596,58.112],[15.1,58.008],[15.152,57.74],[15.444,57.712],[15.632,57.848],[15.932,57.82],[16.3,58.124],[16.688,57.988],[16.82,58.208],[16.72,58.436],[16.78,58.636],[16.452,58.692],[16.3,58.824],[15.724,58.984],[14.812,58.644],[14.428,58.224]]]},"properties":{"id":"SE-E"}},
{"type":"Feature","geometry":{"type":"Polygon","coordinates":[[[15.444,57.712],[15.664,57.604],[15.528,57.44],[15.552,57.212],[15.804,57.02],[15.784,56.908],[15.392,56.756],[15.364,56.484],[15.596,56.5],[16.068,56.336],[16.552,57.112],[16.536,57.36],[16.688,57.472],[16.688,57.988],[16.3,58.124],[15.932,57.82],[15.632,57.848],[15.444,57.712]]]},"properties":{"id":"SE-H"}},
{"type":"Feature","geometry":{"type":"Polygon","coordinates":[[[15.364,56.484],[14.916,56.38],[14.54,56.476],[14.412,56.348],[14.552,56.056],[14.684,56.148],[15.492,56.176],[15.852,56.088],[16.068,56.336],[15.596,56.5],[15.364,56.484]]]},"properties":{"id":"SE-K"}},
{"type":"Feature","geometry":{"type":"Polygon","coordinates":[[[14.54,56.476],[14.096,56.54],[13.5,56.424],[13.232,56.344],[12.912,56.476],[12.832,56.264],[12.608,56.116],[12.924,55.748],[13,55.4],[13.38,55.348],[13.884,55.432],[14.18,55.392],[14.364,55.524],[14.196,55.724],[14.348,55.952],[14.552,56.056],[14.412,56.348],[14.54,56.476]]]},"properties":{"id":"SE-M"}},
{"type":"Feature","geometry":{"type":"Polygon","coordinates":[[[11.912,57.584],[12.108,57.396],[12.376,56.912],[12.6,56.82],[12.912,56.476],[13.232,56.344],[13.5,56.424],[13.308,56.7],[13.352,56.868],[13.692,56.984],[13.592,57.068],[13.116,57.156],[12.944,57.276],[12.416,57.436],[12.3,57.616],[11.912,57.584]]]},"properties":{"id":"SE-N"}},
{"type":"Feature","geometry":{"type":"Polygon","coordinates":[[[10.68,60.152],[10.624,60.156],[10.376,59.976],[10.488,59.804],[10.756,59.844],[10.928,59.992],[10.68,60.152]]]},"properties":{"id":"NO-03"}},
{"type":"Feature","geometry":{"type":"Polygon","coordinates":[[[10.624,60.156],[10.4,60.236],[10.044,60.656],[9.412,60.584],[9.328,60.752],[8.568,61.016],[8.2,61.072],[7.476,60.704],[7.668,60.548],[7.668,60.348],[7.468,60.112],[8.172,60.196],[8.808,60.168],[9.36,59.808],[9.492,59.516],[9.784,59.432],[9.928,59.628],[10.284,59.696],[10.488,59.804],[10.376,59.976],[10.624,60.156]]]},"properties":{"id":"NO-06"}},
{"type":"Feature","geometry":{"type":"Polygon","coordinates":[[[9.784,59.432],[9.884,59.204],[9.828,59.02],[10.28,59.1],[10.46,59.44],[10.284,59.696],[9.928,59.628],[9.784,59.432]]]},"properties":{"id":"NO-07"}},
{"type":"Feature","geometry":{"type":"Polygon","coordinates":[[[7.468,60.112],[7.092,59.796],[7.244,59.692],[7.612,59.508],[7.764,59.172],[7.968,59.004],[8.76,58.856],[8.992,59.008],[9.388,58.784],[9.428,58.892],[9.828,59.02],[9.884,59.204],[9.784,59.432],[9.492,59.516],[9.36,59.808],[8.808,60.168],[8.172,60.196],[7.468,60.112]]]},"properties":{"id":"NO-08"}},
{"type":"Feature","geometry":{"type":"Polygon","coordinates":[[[7.244,59.692],[6.984,59.596],[6.816,59.312],[6.944,59.208],[7.168,59.18],[7.2,58.856],[7.6,58.872],[7.58,58.48],[7.764,58.48],[8.212,58.288],[8.224,58.156],[9.388,58.784],[8.992,59.008],[8.76,58.856],[7.968,59.004],[7.764,59.172],[7.612,59.508],[7.244,59.692]]]},"properties":{"id":"NO-09"}},
{"type":"Feature","geometry":{"type":"Polygon","coordinates":[[[6.944,59.208],[6.572,58.94],[6.628,58.368],[6.396,58.272],[6.628,58.244],[7,58.032],[7.392,58.016],[8.124,58.104],[8.224,58.156],[8.212,58.288],[7.764,58.48],[7.58,58.48],[7.6,58.872],[7.2,58.856],[7.168,59.18],[6.944,59.208]]]},"properties":{"id":"NO-10"}},
{"type":"Feature","geometry":{"type":"Polygon","coordinates":[[[7.092,59.796],[6.668,59.844],[6.296,59.788],[6.172,59.616],[5.528,59.556],[5.408,59.516],[5.188,59.48],[5.476,59.28],[5.86,59.352],[6.112,59.276],[5.628,58.924],[5.476,58.756],[5.704,58.52],[6.396,58.272],[6.628,58.368],[6.572,58.94],[6.944,59.208],[6.816,59.312],[6.984,59.596],[7.244,59.692],[7.092,59.796]]]},"properties":{"id":"NO-11"}},
{"type":"Feature","geometry":{"type":"Polygon","coordinates":[[[7.476,60.704],[6.984,60.748],[6.652,60.972],[6.268,60.916],[6,61.032],[5.268,60.956],[5.104,60.836],[5.096,60.648],[5.3,60.56],[5.74,60.704],[5.616,60.416],[5.24,60.488],[5.304,60.192],[6.096,60.092],[5.772,59.932],[5.832,59.772],[5.528,59.556],[6.172,59.616],[6.296,59.788],[6.668,59.844],[7.092,59.796],[7.468,60.112],[7.668,60.348],[7.668,60.548],[7.476,60.704]]]},"properties":{"id":"NO-12"}},
{"type":"Feature","geometry":{"type":"Polygon","coordinates":[[[8.2,61.072],[8.056,61.24],[8.204,61.524],[7.84,61.752],[7.52,61.756],[7.328,62.048],[6.804,61.972],[6.672,62.08],[5.572,61.964],[5.46,62.008],[5.244,61.816],[5.292,61.48],[4.964,61.264],[5.104,60.836],[5.268,60.956],[6,61.032],[6.268,60.916],[6.652,60.972],[6.984,60.748],[7.476,60.704],[8.2,61.072]]]},"properties":{"id":"NO-14"}},
{"type":"Feature","geometry":{"type":"Polygon","coordinates":[[[8.848,63.204],[8.236,63.152],[7.748,62.944],[7.272,63.016],[6.912,62.928],[6.972,62.724],[6.304,62.46],[5.928,62.2],[5.392,62.132],[5.46,62.008],[5.572,61.964],[6.672,62.08],[6.804,61.972],[7.328,62.048],[8.144,62.34],[9.092,62.38],[9.232,62.572],[8.948,62.744],[9.416,62.832],[9.468,63.192],[8.848,63.204]]]},"properties":{"id":"NO-15"}},
{"type":"Feature","geometry":{"type":"Polygon","coordinates":[[[41.2,41.3],[40.352,40.996],[40.488,40.544],[40.792,40.628],[41.128,40.812],[41.384,41.076],[41.2,41.3]]]},"properties":{"id":"TR-53"}},
{"type":"Feature","geometry":{"type":"Polygon","coordinates":[[[40.352,40.996],[40.144,40.924],[39.592,41.024],[39.432,41.112],[39.148,41.072],[39.144,40.772],[39.58,40.588],[39.832,40.56],[40.184,40.512],[40.488,40.544],[40.352,40.996]]]},"properties":{"id":"TR-61"}},
{"type":"Feature","geometry":{"type":"Polygon","coordinates":[[[39.148,41.072],[38.716,40.956],[38.332,40.916],[38.116,40.96],[38.064,40.604],[38.16,40.524],[38.276,40.188],[38.76,40.056],[38.932,40.072],[38.844,40.48],[38.908,40.688],[39.144,40.772],[39.148,41.072]]]},"properties":{"id":"TR-28"}},
{"type":"Feature","geometry":{"type":"Polygon","coordinates":[[[38.116,40.96],[37.896,40.984],[37.656,41.116],[37.504,41.044],[37.152,41.148],[37,40.98],[36.704,40.864],[37.012,40.7],[37.22,40.696],[37.636,40.46],[37.8,40.336],[38.16,40.524],[38.064,40.604],[38.116,40.96]]]},"properties":{"id":"TR-52"}},
{"type":"Feature","geometry":{"type":"Polygon","coordinates":[[[37.152,41.148],[36.984,41.296],[36.62,41.376],[36.452,41.24],[36.136,41.46],[36.12,41.628],[35.892,41.708],[35.5,41.64],[35.504,41.284],[35.296,41.26],[35.104,41.384],[34.888,41.268],[35.088,41.088],[35.46,41.028],[35.708,40.88],[36.444,40.872],[36.704,40.864],[37,40.98],[37.152,41.148]]]},"properties":{"id":"TR-55"}},
{"type":"Feature","geometry":{"type":"Polygon","coordinates":[[[35.5,41.64],[35.224,41.76],[35.104,42.02],[34.696,41.944],[34.216,41.96],[34.14,41.768],[34.532,41.712],[34.472,41.312],[34.888,41.268],[35.104,41.384],[35.296,41.26],[35.504,41.284],[35.5,41.64]]]},"properties":{"id":"TR-57"}},
{"type":"Feature","geometry":{"type":"Polygon","coordinates":[[[34.216,41.96],[33.324,42.02],[32.8,41.86],[32.816,41.576],[33.06,41.532],[33.116,41.396],[32.92,41.296],[33.068,41.092],[33.408,40.96],[33.792,41.092],[33.82,40.924],[34.028,40.86],[34.472,41.312],[34.532,41.712],[34.14,41.768],[34.216,41.96]]]},"properties":{"id":"TR-37"}},
{"type":"Feature","geometry":{"type":"Polygon","coordinates":[[[32.8,41.86],[32.264,41.72],[32.136,41.6],[32.288,41.332],[32.5,41.348],[32.816,41.576],[32.8,41.86]]]},"properties":{"id":"TR-74"}},
{"type":"Feature","geometry":{"type":"Polygon","coordinates":[[[32.136,41.6],[31.404,41.316],[31.348,41.152],[31.8,41.04],[32.148,41.02],[32.288,41.332],[32.136,41.6]]]},"properties":{"id":"TR-67"}},
{"type":"Feature","geometry":{"type":"Polygon","coordinates":[[[31.348,41.152],[30.956,41.084],[30.892,40.728],[31.248,40.672],[31.512,40.88],[31.732,40.912],[31.8,41.04],[31.348,41.152]]]},"properties":{"id":"TR-81"}},
{"type":"Feature","geometry":{"type":"Polygon","coordinates":[[[30.956,41.084],[30.428,41.172],[30.46,40.936],[30.264,40.856],[30.184,40.648],[29.928,40.576],[29.94,40.532],[30.08,40.392],[30.428,40.396],[30.624,40.332],[30.692,40.576],[30.892,40.728],[30.956,41.084]]]},"properties":{"id":"TR-54"}},
{"type":"Feature","geometry":{"type":"Polygon","coordinates":[[[29.252,40.876],[29.428,40.692],[29.42,40.564],[29.928,40.576],[30.184,40.648],[30.264,40.856],[30.46,40.936],[30.428,41.172],[29.884,41.148],[29.848,41.028],[29.58,40.924],[29.452,41.008],[29.252,40.876]]]},"properties":{"id":"TR-41"}},
{"type":"Feature","geometry":{"type":"Polygon","coordinates":[[[29.428,40.692],[28.988,40.644],[28.98,40.464],[29.42,40.564],[29.428,40.692]]]},"properties":{"id":"TR-77"}},
{"type":"Feature","geometry":{"type":"Polygon","coordinates":[[[29.928,40.576],[29.42,40.564],[28.98,40.464],[28.772,40.404],[28.208,40.4],[28.112,40.152],[28.28,39.896],[28.78,39.62],[28.968,39.588],[29.248,39.58],[29.4,39.896],[29.676,39.908],[29.72,40.184],[29.94,40.532],[29.928,40.576]]]},"properties":{"id":"TR-16"}},
{"type":"Feature","geometry":{"type":"Polygon","coordinates":[[[26.668,39.552],[26.924,39.484],[26.672,39.304],[26.78,39.172],[27.292,39.464],[27.42,39.38],[27.872,39.344],[28.124,39.064],[28.66,39.156],[28.812,39.292],[28.968,39.588],[28.78,39.62],[28.28,39.896],[28.112,40.152],[28.208,40.4],[27.572,40.316],[27.44,39.844],[27.276,39.772],[27.024,39.792],[26.696,39.712],[26.668,39.552]]]},"properties":{"id":"TR-10"}},
{"type":"Feature","geometry":{"type":"Polygon","coordinates":[[[26.78,39.172],[26.808,38.952],[27.012,38.872],[26.72,38.72],[26.94,38.436],[26.768,38.364],[26.504,38.652],[26.348,38.62],[26.476,38.368],[26.264,38.288],[26.608,38.108],[26.76,38.216],[26.948,38.068],[27.24,37.988],[27.26,37.888],[27.584,37.984],[28.256,38.02],[28.564,38.108],[28.448,38.288],[27.9,38.344],[27.38,38.576],[27.228,38.736],[27.328,38.924],[27.536,39.04],[27.42,39.38],[27.292,39.464],[26.78,39.172]]]},"properties":{"id":"TR-35"}},
{"type":"Feature","geometry":{"type":"Polygon","coordinates":[[[27.26,37.888],[27.192,37.356],[27.404,37.412],[27.544,37.556],[27.772,37.476],[28.14,37.468],[28.268,37.576],[28.608,37.476],[28.9,37.708],[28.772,37.844],[28.7,38.104],[28.564,38.108],[28.256,38.02],[27.584,37.984],[27.26,37.888]]]},"properties":{"id":"TR-09"}},
{"type":"Feature","geometry":{"type":"Polygon","coordinates":[[[27.404,37.412],[27.616,37.276],[27.556,37.132],[27.304,37.12],[27.264,36.964],[27.988,37.036],[28.112,36.604],[28.424,36.828],[28.604,36.732],[29.096,36.664],[29.124,36.42],[29.26,36.292],[29.36,36.464],[29.576,36.6],[29.688,36.916],[29.392,37.068],[29.272,36.912],[29.06,37.104],[28.812,37.232],[28.608,37.476],[28.268,37.576],[28.14,37.468],[27.772,37.476],[27.544,37.556],[27.404,37.412]]]},"properties":{"id":"TR-48"}},
{"type":"Feature","geometry":{"type":"Polygon","coordinates":[[[29.26,36.292],[29.668,36.144],[30.256,36.308],[30.44,36.24],[30.568,36.528],[30.568,36.78],[30.688,36.892],[31.34,36.808],[32.028,36.544],[32.364,36.176],[32.572,36.092],[32.652,36.44],[32.456,36.672],[32.324,36.96],[31.816,37.3],[31.416,37.356],[31.332,37.424],[30.936,37.38],[30.784,37.236],[30.44,37.232],[30.296,37.304],[29.908,37.172],[29.688,36.916],[29.576,36.6],[29.36,36.464],[29.26,36.292]]]},"properties":{"id":"TR-07"}},
{"type":"Feature","geometry":{"type":"Polygon","coordinates":[[[32.572,36.092],[32.804,36.028],[32.94,36.104],[33.544,36.144],[34.076,36.328],[34.076,36.412],[34.556,36.768],[34.772,36.816],[34.932,36.728],[35.068,36.796],[35.08,37.024],[34.936,37.084],[34.792,37.388],[34.512,37.352],[34.148,37.156],[33.872,37.056],[33.372,36.988],[32.98,36.804],[33.16,36.62],[33.052,36.468],[32.652,36.44],[32.572,36.092]]]},"properties":{"id":"TR-33"}},
{"type":"Feature","geometry":{"type":"Polygon","coordinates":[[[36.06,37.008],[35.94,37.368],[36.112,37.664],[36.28,37.668],[36.42,38.22],[36.504,38.324],[36.4,38.456],[36.144,38.396],[35.98,38.156],[35.608,37.952],[35.628,37.772],[35.192,37.82],[34.86,37.716],[34.792,37.388],[34.936,37.084],[35.08,37.024],[35.068,36.796],[34.932,36.728],[35.348,36.544],[35.608,36.74],[35.932,36.872],[36.06,37.008]]]},"properties":{"id":"TR-01"}},
{"type":"Feature","geometry":{"type":"MultiPolygon","coordinates":[[[[37.772,61.524],[37.964,61.16],[38.212,60.924],[38.632,60.724],[39.34,60.684],[39.648,60.748],[39.924,60.652],[40.536,60.724],[41.06,60.648],[41.34,60.676],[41.396,60.856],[41.8,60.9],[42.396,60.768],[42.652,60.864],[43.512,60.768],[43.776,61.02],[45.228,60.904],[45.332,61.188],[45.724,61.18],[45.768,61.056],[46.284,60.968],[46.528,61.052],[47.044,60.852],[47.244,61.056],[47.964,61],[48.42,60.852],[48.508,61.048],[49.304,61.176],[49.46,61.588],[49.052,61.692],[49.212,62.092],[49.368,62.148],[49.608,62.772],[48.876,62.828],[48.368,62.728],[48.292,62.32],[47.752,62.32],[47.412,62.192],[47.236,62.352],[47.236,62.636],[47.084,62.84],[47.4,62.956],[47.556,63.148],[46.936,63.352],[47.028,63.532],[46.82,63.748],[46.436,63.888],[45.884,63.964],[45.444,64.188],[45.824,64.284],[46.612,64.328],[48.84,64.356],[48.952,64.492],[49.452,64.464],[49.628,64.592],[50.272,64.512],[50.468,64.792],[50.064,64.892],[49.568,65.292],[48.988,65.268],[49.008,66.12],[48.156,66.132],[47.66,65.808],[47.112,65.82],[46.348,66.028],[45.74,66.068],[44.216,66.408],[44.044,66.08],[43.252,66.436],[42.748,66.396],[42.2,66.532],[41.856,66.296],[41.344,66.064],[40.796,65.992],[40.28,65.728],[39.828,65.608],[39.712,65.4],[40.38,64.924],[40.528,64.576],[40.064,64.62],[39.568,64.544],[39.304,64.648],[38.048,64.852],[37.704,65.016],[37.008,65.172],[36.808,64.96],[36.568,64.904],[37.12,64.396],[37.688,64.432],[38.004,64.316],[38,63.956],[37.292,63.82],[37.168,63.896],[36.524,63.972],[36.556,63.764],[36.376,63.644],[35.884,63.572],[36.22,63.416],[36.26,63.032],[36.5,62.828],[37.08,62.656],[37.504,62.644],[37.572,62.36],[37.928,61.968],[37.772,61.524]]],[[[51.408,71.808],[51.532,71.564],[51.86,71.456],[52.572,71.576],[52.868,71.404],[53.252,71.456],[53.576,71.2],[53.492,71.072],[54.008,70.756],[55.816,70.612],[57.172,70.612],[57.64,70.728],[57.064,70.864],[56.104,71.26],[55.672,71.612],[55.344,72.064],[55.376,72.304],[55.684,72.572],[55.74,72.784],[56.22,72.828],[56.436,73.232],[55.304,73.34],[54.936,73.424],[54.192,73.272],[53.752,73.3],[53.156,73.152],[53.14,72.964],[52.396,72.716],[52.916,72.596],[52.332,72.072],[51.612,72.092],[51.408,71.808]]],[[[56.988,74.692],[56.388,74.72],[55.528,74.656],[55.708,74.524],[55.624,74.192],[55.02,74.172],[54.724,73.976],[53.868,73.78],[54.472,73.392],[55.02,73.444],[56.58,73.26],[57.252,73.456],[57.944,73.808],[57.88,73.936],[58.508,74.216],[58.572,74.388],[59.22,74.616],[59.876,74.628],[60.56,74.868],[60.832,75.152],[62.048,75.452],[63.304,75.588],[66.18,75.96],[68.288,76.28],[68.932,76.72],[68.464,76.968],[67.588,77.012],[66.944,76.948],[65.752,76.684],[65.168,76.476],[62.956,76.208],[61.636,76.312],[61.076,76.28],[60.84,76.124],[60.268,76.112],[58.26,75.692],[58.188,75.588],[57.048,75.4],[56.88,75.224],[55.808,75.156],[55.864,75.004],[56.544,74.924],[56.988,74.692]]],[[[53.232,71.216],[52.74,71.404],[52.256,71.348],[52.8,71.092],[53.232,71.216]]],[[[46.688,80.528],[46.92,80.748],[45.096,80.648],[45.488,80.524],[46.688,80.528]]],[[[62.22,80.812],[59.692,80.836],[59.228,80.644],[59.636,80.432],[61.044,80.404],[62.072,80.616],[62.22,80.812]]],[[[51.688,80.728],[50.724,80.896],[49.004,80.776],[49.632,80.64],[47.428,80.324],[47.632,80.116],[49.108,80.188],[49.728,80.496],[50.948,80.536],[51.688,80.728]]],[[[54.564,80.996],[55.8,80.856],[56.02,81.044],[54.564,80.996]]],[[[55.712,80.104],[56.956,80.068],[57.132,80.308],[55.988,80.336],[55.712,80.104]]],[[[62.772,80.884],[63.132,80.684],[64.424,80.74],[65.444,80.92],[65.228,81.136],[64.424,81.192],[64.036,80.988],[62.772,80.884]]]]},"properties":{"id":"RU-ARK"}},
{"type":"Feature","geometry":{"type":"MultiPolygon","coordinates":[[[[96.684,53.64],[96.504,53.684],[96.08,54.064],[95.68,54.236],[96.04,54.56],[96.496,54.512],[96.712,54.928],[96.72,55.264],[96.92,55.328],[96.752,55.652],[97.124,56.1],[97.352,56.052],[97.564,56.188],[97.592,56.388],[97.84,56.392],[97.764,56.788],[97.468,56.828],[97.356,57.06],[97.936,57.812],[98.768,57.792],[98.96,57.724],[99.412,57.796],[99.704,58.084],[100.016,58.08],[100.42,57.54],[100.716,57.412],[100.956,57.556],[100.8,57.672],[101.136,57.984],[101.296,58.22],[101.532,58.224],[101.772,58.452],[102.16,58.516],[102.52,58.728],[102.456,59.152],[103,59.316],[103.24,59.284],[103.376,59.036],[103.888,58.904],[103.948,58.772],[104.788,58.668],[104.76,58.82],[105.352,59.108],[105.224,59.428],[104.984,59.46],[104.8,59.692],[105.484,60.02],[105.476,60.252],[104.888,60.3],[104.676,60.4],[104.46,60.84],[104.836,61.176],[104.904,61.368],[105.94,61.684],[105.904,61.836],[106.404,62.032],[106.48,62.328],[106.724,62.588],[106.124,63.048],[106.404,63.112],[106.368,63.272],[106.792,63.844],[107.204,63.956],[108.264,63.996],[108.028,64.224],[107.368,64.252],[106.876,64.412],[105.804,64.532],[105.708,64.652],[105.972,65.012],[106.94,65.512],[106.44,65.66],[106.472,66.008],[106.172,66.16],[106.104,66.38],[106.32,66.48],[106.044,66.9],[105.688,66.94],[106.056,67.168],[106.804,67.348],[106.896,68.144],[106.884,68.864],[106.152,69.392],[106.428,69.564],[106.84,69.52],[108.008,69.704],[108.292,69.856],[109.236,69.776],[109.508,70.032],[109.276,70.208],[109.6,70.38],[110.116,70.48],[110.104,70.632],[110.54,70.8],[111.336,70.856],[112.276,71.012],[112.512,71.268],[111.996,71.412],[111.996,72.132],[111.084,72.368],[111.212,72.544],[110.7,72.652],[110.628,72.896],[110.88,73.024],[110.524,73.404],[110.908,73.692],[109.712,73.452],[108.392,73.316],[107.724,73.168],[106.36,73.196],[106.256,72.968],[105.484,72.768],[106.232,73.324],[106.648,73.308],[107.132,73.532],[108.492,73.772],[108.996,74.016],[109.892,74.196],[110,74.372],[111.744,74.664],[112.148,74.88],[112.88,74.992],[113.604,75.284],[113.336,75.536],[113.892,75.852],[113.52,75.932],[113.26,76.268],[112.672,76.364],[111.556,76.684],[109.332,76.76],[107.984,76.624],[107.592,76.504],[106.612,76.56],[107.252,77.008],[106.5,77.02],[105.456,77.24],[105.984,77.44],[104.68,77.708],[104.024,77.732],[102.156,77.404],[100.92,76.976],[101.236,76.768],[101.036,76.52],[99.508,76.468],[99.26,76.128],[98.576,76.232],[96.832,75.916],[96.112,76.112],[95.388,76.164],[93.684,76.132],[93.548,75.852],[91.292,75.628],[90.864,75.668],[89.132,75.452],[88.316,75.18],[87.356,75.044],[87.08,74.772],[86.64,74.696],[86.476,74.46],[86.02,74.264],[86.804,74.184],[86.784,73.904],[83.484,73.656],[81.956,73.664],[80.832,73.572],[80.272,73.308],[80.84,72.924],[80.704,72.544],[81.208,72.356],[82.2,72.28],[82.184,72.092],[82.788,71.904],[83.36,71.84],[83.628,71.612],[83.148,71.244],[83.776,70.476],[83.484,70.336],[82.952,70.324],[83.132,70.884],[82.204,71.016],[82.296,71.288],[82.82,71.392],[83.32,71.684],[82.868,71.788],[81.736,71.7],[79.392,72.384],[78.504,72.38],[78.696,72.18],[79.696,72.056],[80.34,71.888],[80.12,71.676],[79.384,71.616],[79.244,71.316],[79.956,71.136],[80.552,71.044],[80.752,70.636],[80.568,70.46],[79.208,70.052],[78.912,69.86],[79.584,69.588],[79.856,69.356],[80.736,69.308],[80.968,69.208],[81.612,69.288],[82.256,69.156],[82.544,68.84],[83.016,68.684],[82.536,68.612],[82.68,68.284],[82.396,68.176],[82.352,67.944],[81.732,67.908],[82.388,67.524],[82.116,67.244],[83.16,66.816],[83.08,66.58],[83.524,66.172],[83.296,66.06],[83.52,65.824],[84.032,65.792],[84.552,65.432],[84.524,65.212],[84.312,65.1],[84.472,64.892],[84.82,64.932],[85.184,64.752],[85.612,64.828],[85.86,64.756],[85.844,64.5],[86.028,64.28],[85.948,64.052],[85.532,63.936],[85.096,63.536],[85.64,63.376],[85.468,63.148],[85.52,62.932],[85.224,62.8],[84.436,62.176],[84.52,61.944],[85.48,61.628],[85.956,61.552],[85.672,61.288],[84.648,61],[84.26,60.856],[84.78,60.356],[84.532,59.976],[84.692,59.904],[85.496,59.892],[85.968,59.956],[86.624,59.952],[87.084,59.884],[87.212,59.684],[87.552,59.64],[87.936,59.268],[88.584,59.3],[88.824,59.036],[88.384,58.908],[87.932,58.528],[88.156,58.108],[88.852,57.96],[89.328,57.952],[89.38,57.636],[89.168,57.616],[88.86,57.432],[88.728,57.224],[88.624,56.832],[88.516,56.628],[88.592,56.444],[89.2,56.136],[89.364,55.772],[89.06,55.692],[88.608,55.444],[88.952,55.288],[89.2,54.992],[89.656,55.004],[90.128,55.104],[90.436,55.016],[90.46,54.872],[90.916,54.792],[90.856,54.628],[91.16,54.488],[91.464,54.056],[91.328,53.816],[91.468,53.512],[91.744,53.448],[91.84,53.288],[91.352,53.076],[91.396,52.868],[90.7,52.46],[90.476,52.184],[90.744,52.064],[90.84,51.912],[91.544,51.9],[91.988,51.792],[92.844,51.832],[93.36,52.128],[93.68,52.224],[93.772,52.448],[93.988,52.584],[94.292,52.9],[94.604,53.056],[94.596,53.316],[94.74,53.384],[95.38,53.372],[95.768,53.52],[96.048,53.452],[96.684,53.64]]],[[[111.296,73.868],[110.02,74.016],[109.532,73.776],[109.8,73.704],[110.876,73.768],[111.296,73.868]]],[[[79.564,72.768],[79.14,73.096],[78.592,72.864],[78.908,72.74],[79.564,72.768]]],[[[105.416,78.584],[105.176,78.808],[104.5,78.864],[103.988,79.132],[102.744,79.16],[103.14,79.324],[102.304,79.432],[101.308,79.24],[100.256,78.664],[100.048,78.344],[99.268,78.04],[100.036,77.96],[101.208,78.192],[102.864,78.22],[104.788,78.336],[105.416,78.584]]],[[[93.628,79.932],[91.784,80.064],[91.264,79.904],[92.624,79.672],[93.668,79.832],[93.628,79.932]]],[[[99.884,79.04],[99.584,79.172],[99.708,79.568],[100.024,79.824],[99.2,80.048],[98.576,79.984],[97.592,80.176],[94.936,80.072],[94.288,79.9],[93.748,79.544],[94.312,79.48],[94.364,79.236],[95.02,79.04],[96.8,78.988],[97.76,78.808],[99.404,78.824],[99.884,79.04]]],[[[97.748,80.74],[96.972,80.908],[95.776,81.288],[94.888,81.144],[93.052,80.996],[92.72,80.888],[92.74,80.512],[91.92,80.468],[92.504,80.156],[93.696,80],[95.032,80.14],[97.188,80.232],[97.02,80.524],[97.748,80.74]]]]},"properties":{"id":"RU-KYA"}},
{"type":"Feature","geometry":{"type":"Polygon","coordinates":[[[24,40.32],[24.168,40.276],[24.3,40.128],[24.384,40.18],[24.188,40.348],[24.004,40.388],[24,40.32]]]},"properties":{"id":"GR-69"}},
{"type":"Feature","geometry":{"type":"Polygon","coordinates":[[[21.292,39.804],[21.2,39.756],[21.18,39.42],[21.384,39.28],[21.364,39.152],[21.636,39.244],[21.968,39.036],[22.236,39.24],[22.632,39.032],[22.996,38.964],[22.828,39.22],[23.02,39.316],[23.1,39.496],[22.924,39.6],[22.708,39.936],[22.496,39.932],[22.296,40.152],[22.096,40.168],[21.748,39.828],[21.464,39.864],[21.292,39.804]]]},"properties":{"id":"GR-E"}},
{"type":"Feature","geometry":{"type":"MultiPolygon","coordinates":[[[[21.364,39.152],[21.368,39],[21.576,38.864],[21.56,38.732],[22,38.744],[21.984,38.508],[21.852,38.388],[21.988,38.412],[22.544,38.304],[22.692,38.324],[23.212,38.16],[23.552,38.124],[23.768,38.34],[23.292,38.58],[23.204,38.684],[22.768,38.784],[22.996,38.964],[22.632,39.032],[22.236,39.24],[21.968,39.036],[21.636,39.244],[21.364,39.152]]],[[[24.588,38.16],[24.328,38.184],[24.184,38.408],[24.216,38.54],[24.072,38.68],[23.856,38.684],[23.452,38.876],[23.204,38.828],[23.636,38.528],[23.64,38.416],[24.048,38.396],[24.372,37.972],[24.552,37.98],[24.588,38.16]]]]},"properties":{"id":"GR-H"}},
{"type":"Feature","geometry":{"type":"MultiPolygon","coordinates":[[[[23.212,38.16],[23.076,38.06],[23.16,37.94],[23.448,38.02],[23.68,37.944],[23.764,37.816],[24.072,37.688],[23.988,38.124],[23.768,38.34],[23.552,38.124],[23.212,38.16]]],[[[23.188,37.608],[23.18,37.508],[23.44,37.416],[23.376,37.556],[23.188,37.608]]]]},"properties":{"id":"GR-A1"}},
{"type":"Feature","geometry":{"type":"Polygon","coordinates":[[[23.076,38.06],[22.868,37.94],[22.68,38.068],[22.356,38.164],[22.228,37.836],[21.772,37.78],[21.852,37.38],[21.68,37.38],[21.568,37.156],[21.708,36.82],[21.944,36.788],[21.936,36.98],[22.152,37.02],[22.372,36.672],[22.764,36.804],[22.972,36.52],[23.08,36.58],[23.096,36.808],[23,37.032],[22.756,37.4],[22.724,37.54],[23.44,37.416],[23.18,37.508],[23.188,37.608],[23.16,37.94],[23.076,38.06]]]},"properties":{"id":"GR-J"}},
{"type":"Feature","geometry":{"type":"MultiPolygon","coordinates":[[[[22.356,38.164],[21.956,38.336],[21.764,38.296],[21.604,38.152],[21.376,38.204],[21.324,38.02],[21.124,37.836],[21.3,37.672],[21.548,37.56],[21.68,37.38],[21.852,37.38],[21.772,37.78],[22.228,37.836],[22.356,38.164]]],[[[21.06,39.04],[20.764,38.892],[21.024,38.608],[21.156,38.304],[21.368,38.408],[21.536,38.312],[21.852,38.388],[21.984,38.508],[22,38.744],[21.56,38.732],[21.576,38.864],[21.368,39],[21.364,39.152],[21.06,39.04]]]]},"properties":{"id":"GR-G"}},
{"type":"Feature","geometry":{"type":"Polygon","coordinates":[[[13.336,42.688],[13.376,42.604],[13.136,42.54],[13.164,42.34],[13.316,42.196],[13.028,42.116],[13.296,41.948],[13.404,41.832],[13.648,41.812],[13.944,41.688],[14.228,41.876],[14.492,41.776],[14.764,42.076],[14.256,42.448],[14.152,42.532],[13.904,42.9],[13.532,42.808],[13.336,42.688]]]},"properties":{"id":"IT-65"}},
{"type":"Feature","geometry":{"type":"Polygon","coordinates":[[[13.944,41.688],[13.96,41.472],[14.384,41.44],[14.512,41.388],[14.996,41.484],[15.144,41.932],[14.764,42.076],[14.492,41.776],[14.228,41.876],[13.944,41.688]]]},"properties":{"id":"IT-67"}},
{"type":"Feature","geometry":{"type":"Polygon","coordinates":[[[14.996,41.484],[15.144,41.276],[15.208,41.148],[15.56,41.056],[15.86,41.136],[16.196,40.912],[16.244,40.836],[16.396,40.712],[16.716,40.716],[16.712,40.552],[16.864,40.392],[17.048,40.52],[17.512,40.304],[17.764,40.292],[17.912,40.256],[18.008,39.988],[18.384,39.812],[18.516,40.116],[18.304,40.4],[18.1,40.516],[18.008,40.652],[17.392,40.892],[17.056,41.08],[16.544,41.236],[15.972,41.452],[15.892,41.576],[16.192,41.792],[16.028,41.944],[15.448,41.908],[15.144,41.932],[14.996,41.484]]]},"properties":{"id":"IT-75"}},
{"type":"Feature","geometry":{"type":"Polygon","coordinates":[[[15.56,41.056],[15.344,40.82],[15.592,40.432],[15.784,40.268],[15.648,40.048],[15.744,39.924],[15.952,40.004],[16.068,39.908],[16.344,39.932],[16.4,40.056],[16.64,40.12],[16.864,40.392],[16.712,40.552],[16.716,40.716],[16.396,40.712],[16.244,40.836],[16.196,40.912],[15.86,41.136],[15.56,41.056]]]},"properties":{"id":"IT-77"}},
{"type":"Feature","geometry":{"type":"Polygon","coordinates":[[[15.744,39.924],[15.868,39.564],[15.996,39.44],[16.096,39.052],[16.212,38.812],[15.844,38.66],[15.916,38.504],[15.788,38.28],[15.652,38.24],[15.664,37.968],[16.092,37.948],[16.168,38.144],[16.572,38.468],[16.54,38.724],[16.892,38.928],[17.128,38.928],[17.124,39.34],[17.02,39.48],[16.516,39.688],[16.64,40.12],[16.4,40.056],[16.344,39.932],[16.068,39.908],[15.952,40.004],[15.744,39.924]]]},"properties":{"id":"IT-78"}},
{"type":"Feature","geometry":{"type":"Polygon","coordinates":[[[13.96,41.472],[13.872,41.336],[13.744,41.236],[14.012,40.936],[14.296,40.84],[14.472,40.624],[14.752,40.676],[15,40.396],[14.912,40.24],[15.412,39.992],[15.648,40.048],[15.784,40.268],[15.592,40.432],[15.344,40.82],[15.56,41.056],[15.208,41.148],[15.144,41.276],[14.996,41.484],[14.512,41.388],[14.384,41.44],[13.96,41.472]]]},"properties":{"id":"IT-72"}},
{"type":"Feature","geometry":{"type":"Polygon","coordinates":[[[13.196,42.736],[12.9,42.608],[12.464,42.388],[12.236,42.648],[12.032,42.648],[11.888,42.852],[11.748,42.8],[11.788,42.652],[11.588,42.568],[11.452,42.376],[11.74,42.16],[12.148,41.904],[12.24,41.736],[12.62,41.46],[12.776,41.42],[13.044,41.228],[13.324,41.296],[13.744,41.236],[13.872,41.336],[13.96,41.472],[13.944,41.688],[13.648,41.812],[13.404,41.832],[13.296,41.948],[13.028,42.116],[13.316,42.196],[13.164,42.34],[13.136,42.54],[13.376,42.604],[13.336,42.688],[13.196,42.736]]]},"properties":{"id":"IT-62"}},
{"type":"Feature","geometry":{"type":"Polygon","coordinates":[[[9.688,44.356],[10.028,44.048],[10.144,43.976],[10.26,43.816],[10.292,43.58],[10.548,43.148],[10.5,42.94],[10.704,42.94],[10.732,42.804],[10.992,42.712],[11.188,42.52],[11.452,42.376],[11.588,42.568],[11.788,42.652],[11.748,42.8],[11.888,42.852],[11.932,42.872],[11.952,43.172],[12.16,43.264],[12.036,43.416],[12.204,43.616],[12.284,43.768],[12.104,43.76],[11.716,43.88],[11.72,44.132],[11.528,44.164],[11.2,44.104],[11.048,44.092],[10.816,44.112],[10.612,44.124],[10.472,44.224],[10.252,44.272],[10.136,44.34],[9.936,44.472],[9.688,44.356]]]},"properties":{"id":"IT-52"}},
{"type":"Feature","geometry":{"type":"MultiPolygon","coordinates":[[[[0.172,40.732],[-0.164,40.78],[-0.296,40.604],[-0.288,40.388],[-0.792,39.876],[-1.144,39.972],[-1.292,39.672],[-1.496,39.568],[-1.5,39.424],[-1.176,39.304],[-1.264,39.072],[-0.932,38.784],[-1.024,38.656],[-1.076,38.348],[-1.032,38.116],[-0.76,37.844],[-0.608,38.18],[-0.328,38.472],[-0.092,38.536],[0.236,38.756],[-0.032,38.884],[-0.212,39.08],[-0.324,39.516],[-0.196,39.716],[0.524,40.528],[0.172,40.732]]],[[[-1.164,40.012],[-1.448,40.148],[-1.368,40.016],[-1.164,40.012]]]]},"properties":{"id":"ES-VC"}},
{"type":"Feature","geometry":{"type":"Polygon","coordinates":[[[-1.024,38.656],[-1.176,38.756],[-1.432,38.656],[-1.476,38.404],[-2.06,38.292],[-2.34,38.028],[-2.208,37.916],[-1.984,37.872],[-2,37.652],[-1.84,37.456],[-1.64,37.38],[-1.324,37.56],[-0.924,37.556],[-0.76,37.844],[-1.032,38.116],[-1.076,38.348],[-1.024,38.656]]]},"properties":{"id":"ES-MC"}},
{"type":"Feature","geometry":{"type":"Polygon","coordinates":[[[-8.548,38.768],[-8.704,38.836],[-8.924,38.776],[-8.944,38.776],[-9.052,38.692],[-9.252,38.664],[-9.2,38.412],[-8.904,38.512],[-8.776,38.188],[-8.868,37.972],[-8.8,37.828],[-8.596,37.76],[-8.328,37.848],[-8.348,38.144],[-8.164,38.316],[-8.368,38.536],[-8.652,38.608],[-8.548,38.768]]]},"properties":{"id":"PT-15"}},
{"type":"Feature","geometry":{"type":"MultiPolygon","coordinates":[[[[-8.924,38.776],[-8.792,39.072],[-9.012,38.912],[-8.944,38.776],[-8.924,38.776]]],[[[-8.792,39.084],[-8.996,39.3],[-9.168,39.22],[-9.348,39.292],[-9.492,38.708],[-9.112,38.716],[-9.108,38.812],[-8.924,39.048],[-8.792,39.084]]]]},"properties":{"id":"PT-11"}},
{"type":"Feature","geometry":{"type":"Polygon","coordinates":[[[-8.196,39],[-8.332,39.116],[-7.804,39.556],[-8.22,39.648],[-8.28,39.796],[-8.472,39.836],[-8.676,39.76],[-8.672,39.564],[-8.864,39.48],[-8.996,39.3],[-8.792,39.084],[-8.792,39.072],[-8.924,38.776],[-8.704,38.836],[-8.548,38.768],[-8.196,39]]]},"properties":{"id":"PT-14"}},
{"type":"Feature","geometry":{"type":"Polygon","coordinates":[[[-8.128,39.92],[-8.904,40.048],[-9.092,39.58],[-9.348,39.292],[-9.168,39.22],[-8.996,39.3],[-8.864,39.48],[-8.672,39.564],[-8.676,39.76],[-8.472,39.836],[-8.28,39.796],[-8.128,39.92]]]},"properties":{"id":"PT-10"}},
{"type":"Feature","geometry":{"type":"Polygon","coordinates":[[[-7.784,40.232],[-7.824,40.496],[-8.116,40.34],[-8.352,40.372],[-8.676,40.436],[-8.788,40.524],[-8.904,40.048],[-8.128,39.92],[-7.74,40.096],[-7.784,40.232]]]},"properties":{"id":"PT-06"}},
{"type":"Feature","geometry":{"type":"Polygon","coordinates":[[[-8.352,40.372],[-8.316,40.74],[-8.148,40.984],[-8.292,41.084],[-8.656,41.016],[-8.788,40.524],[-8.676,40.436],[-8.352,40.372]]]},"properties":{"id":"PT-01"}},
{"type":"Feature","geometry":{"type":"Polygon","coordinates":[[[-7.976,41.372],[-8.484,41.372],[-8.776,41.468],[-8.656,41.016],[-8.292,41.084],[-7.896,41.16],[-7.976,41.372]]]},"properties":{"id":"PT-13"}},
{"type":"Feature","geometry":{"type":"Polygon","coordinates":[[[-6.828,42.916],[-6.564,42.916],[-6.364,43.052],[-6.08,43.064],[-5.844,42.972],[-4.832,43.188],[-4.512,43.404],[-5.176,43.488],[-5.424,43.56],[-6.224,43.596],[-6.512,43.548],[-7,43.556],[-7.048,43.484],[-7.168,43.388],[-6.828,42.916]]]},"properties":{"id":"ES-AS"}},
{"type":"Feature","geometry":{"type":"Polygon","coordinates":[[[-4.832,43.188],[-4.728,43.016],[-4.464,43.052],[-4.256,42.956],[-4.084,42.764],[-3.816,42.812],[-3.952,43],[-3.648,43.176],[-3.424,43.14],[-3.432,43.244],[-3.152,43.36],[-3.556,43.516],[-4.188,43.404],[-4.512,43.404],[-4.832,43.188]]]},"properties":{"id":"ES-CB"}},
{"type":"Feature","geometry":{"type":"Polygon","coordinates":[[[0.068,47.152],[0.24,47.604],[0.608,47.688],[0.84,47.956],[0.832,48.096],[0.8,48.184],[0.192,48.46],[-0.052,48.38],[-0.172,48.544],[-0.808,48.452],[-0.864,48.5],[-1.08,48.5],[-1.04,48],[-1.244,47.808],[-1.252,47.78],[-1.46,47.824],[-1.684,47.72],[-2.088,47.632],[-2.108,47.544],[-2.46,47.452],[-1.992,47.036],[-2.12,46.82],[-1.856,46.636],[-1.804,46.504],[-1.24,46.284],[-1.12,46.312],[-0.756,46.3],[-0.616,46.548],[-0.712,46.804],[-0.948,47],[-0.556,47.06],[-0.108,47.068],[0.068,47.152]]]},"properties":{"id":"FR-PDL"}},
{"type":"Feature","geometry":{"type":"Polygon","coordinates":[[[-1.08,48.5],[-1.448,48.464],[-1.588,48.64],[-1.948,48.54],[-2.312,48.688],[-2.636,48.54],[-3.076,48.828],[-3.516,48.84],[-3.64,48.688],[-3.972,48.732],[-4.564,48.628],[-4.764,48.52],[-4.784,48.376],[-4.456,48.248],[-4.436,47.976],[-3.54,47.772],[-3.072,47.576],[-2.74,47.552],[-2.46,47.452],[-2.108,47.544],[-2.088,47.632],[-1.684,47.72],[-1.46,47.824],[-1.252,47.78],[-1.244,47.808],[-1.04,48],[-1.08,48.5]]]},"properties":{"id":"FR-BRE"}},
{"type":"Feature","geometry":{"type":"Polygon","coordinates":[[[-1.08,48.5],[-0.864,48.5],[-0.808,48.452],[-0.172,48.544],[-0.052,48.38],[0.192,48.46],[0.8,48.184],[0.788,48.336],[0.98,48.432],[0.816,48.664],[1.26,48.752],[1.492,48.94],[1.62,49.084],[1.7,49.232],[1.716,49.412],[1.756,49.764],[1.372,50.064],[1.172,49.96],[0.676,49.876],[0.236,49.728],[0.08,49.544],[0.492,49.492],[0.296,49.436],[-0.22,49.28],[-0.412,49.344],[-1.072,49.396],[-1.12,49.348],[-1.392,49.712],[-1.812,49.692],[-1.884,49.532],[-1.612,49.216],[-1.588,48.64],[-1.448,48.464],[-1.08,48.5]]]},"properties":{"id":"FR-NOR"}},
{"type":"Feature","geometry":{"type":"Polygon","coordinates":[[[5.184,51.968],[4.832,51.988],[4.768,52.22],[4.508,52.336],[4.14,52.004],[4.012,51.98],[4.112,51.648],[4.196,51.636],[5.008,51.824],[5.184,51.968]]]},"properties":{"id":"NL-ZH"}},
{"type":"Feature","geometry":{"type":"Polygon","coordinates":[[[4.768,52.22],[5.368,52.284],[5.16,52.328],[5.096,52.584],[5.372,52.792],[5.18,53.008],[4.912,52.904],[4.744,52.968],[4.508,52.336],[4.768,52.22]]]},"properties":{"id":"NL-NH"}},
{"type":"Feature","geometry":{"type":"Polygon","coordinates":[[[6.188,53.412],[5.592,53.304],[5.18,53.008],[5.372,52.792],[5.784,52.804],[6.128,52.852],[6.428,52.96],[6.308,53.092],[6.168,53.152],[6.188,53.412]]]},"properties":{"id":"NL-FR"}},
{"type":"Feature","geometry":{"type":"Polygon","coordinates":[[[8.564,53.212],[8.704,53.08],[8.916,53.024],[8.988,53.092],[8.564,53.212]]]},"properties":{"id":"DE-HB"}},
{"type":"Feature","geometry":{"type":"Polygon","coordinates":[[[9.74,53.572],[9.764,53.548],[9.908,53.42],[10.328,53.432],[10.144,53.712],[9.74,53.572]]]},"properties":{"id":"DE-HH"}},
{"type":"Feature","geometry":{"type":"MultiPolygon","coordinates":[[[[-27.912,71.116],[-27.764,71.14],[-27.508,70.944],[-26.424,70.976],[-25.6,71.168],[-25.412,71.352],[-26.176,71.492],[-27.036,71.532],[-27.332,71.72],[-27.968,71.872],[-27.88,71.98],[-26.784,71.548],[-26.076,71.588],[-25.392,71.448],[-24.668,71.272],[-24.264,71.08],[-24.184,70.804],[-23.928,70.612],[-23.344,70.44],[-22.66,70.44],[-21.732,70.58],[-21.572,70.956],[-21.784,71.088],[-21.668,71.4],[-22.532,71.464],[-22.304,71.696],[-23.06,71.712],[-22.516,71.908],[-24.344,72.332],[-24.848,72.724],[-25.524,72.84],[-24.984,73.024],[-25.72,73.14],[-25.704,73.272],[-25.292,73.472],[-24.376,73.56],[-24.408,73.728],[-23.116,73.356],[-22.316,73.252],[-21.28,73.456],[-20.544,73.448],[-20.484,73.76],[-20.688,73.888],[-21.592,74.056],[-22.228,74.1],[-21.772,74.44],[-21.256,74.476],[-20.356,74.444],[-20.2,74.28],[-19.376,74.268],[-18.976,74.484],[-20.072,74.664],[-20.76,74.832],[-20.668,75.292],[-20.168,75.34],[-19.428,75.224],[-19.38,75.54],[-19.748,75.888],[-20.268,75.992],[-19.672,76.128],[-21.568,76.384],[-21.936,76.624],[-20.512,76.944],[-19.896,76.924],[-18.504,76.748],[-18.264,76.92],[-18.324,77.208],[-19.084,77.32],[-20.232,77.372],[-20.776,77.616],[-20.02,77.692],[-20.76,77.972],[-21.628,78],[-20.888,78.564],[-20.98,78.768],[-19.924,78.828],[-19.912,79.02],[-18.956,79.148],[-19.564,79.384],[-19.208,79.708],[-20.424,79.84],[-19.476,80.26],[-17.872,80.16],[-16.448,80.22],[-15.788,80.404],[-16.896,80.584],[-15.42,80.648],[-14.296,80.784],[-14.204,80.916],[-12.54,81.188],[-11.64,81.388],[-12.028,81.636],[-13.92,81.812],[-16.484,81.748],[-17.148,81.412],[-19.248,81.556],[-21.364,81.2],[-21.024,81.772],[-21.388,82.084],[-23.196,82.024],[-23.308,81.792],[-24.708,81.78],[-24.62,81.988],[-27.76,82.064],[-30.804,81.864],[-31.776,81.96],[-29.852,82.14],[-23.888,82.28],[-22.436,82.34],[-21.32,82.604],[-22.564,82.796],[-23.664,82.84],[-25.648,83.296],[-30.648,83.6],[-32.492,83.636],[-35.244,83.536],[-36.74,83.54],[-38.692,83.424],[-38.86,83.256],[-37.628,83.152],[-39.436,82.96],[-40.692,82.988],[-41.74,83.196],[-45.152,83.164],[-46.432,83.064],[-46.556,82.892],[-43.728,82.408],[-44.704,82.256],[-44.4,82.104],[-45.156,81.788],[-46.008,82.036],[-48.736,82.36],[-49.012,82.456],[-51.108,82.508],[-50.58,82.152],[-49.464,81.948],[-50.892,81.88],[-53.024,82.008],[-54.44,82.372],[-58.612,82.104],[-61.28,81.816],[-60.788,81.508],[-61.296,81.372],[-60.94,81.184],[-61.852,81.128],[-62.976,81.228],[-64.752,80.996],[-65.124,80.78],[-66.76,80.552],[-67.456,80.344],[-67.052,80.06],[-64.928,80.072],[-65.128,79.852],[-64.86,79.508],[-66.116,79.104],[-66.68,79.144],[-69.032,78.98],[-69.44,78.808],[-72.592,78.52],[-72.784,78.108],[-70.256,77.556],[-69.224,77.452],[-67.592,77.524],[-66.612,77.672],[-66.052,77.492],[-66.772,77.356],[-68.368,77.376],[-69.06,77.256],[-70.904,77.192],[-71.344,76.992],[-70.66,76.8],[-67.988,76.6],[-69.08,76.5],[-69.636,76.384],[-68.432,76.08],[-66.488,75.948],[-66.412,76.088],[-65.356,76.028],[-64.38,76.26],[-63.724,76.184],[-63.476,76.376],[-62.396,76.244],[-60.872,76.16],[-59.272,75.88],[-59.04,75.7],[-58.168,75.5],[-58.66,75.376],[-58.132,75.108],[-56.848,74.812],[-56.604,74.244],[-55.944,73.86],[-55.844,73.684],[-55.268,73.388],[-55.464,73.072],[-54.652,72.844],[-54.968,72.516],[-55.652,72.452],[-54.884,72.252],[-55.552,72.04],[-55.372,71.824],[-55.848,71.72],[-55.516,71.448],[-54.624,71.352],[-53.952,71.436],[-53.68,71.744],[-52.664,71.68],[-52.7,71.524],[-52.048,71.248],[-51.916,71.02],[-51.188,70.888],[-51.548,70.432],[-52.452,70.704],[-53.432,70.752],[-53.98,70.828],[-54.588,70.684],[-54.02,70.412],[-53.232,70.352],[-52.608,70.216],[-52.328,70.052],[-50.332,69.888],[-50.848,69.628],[-50.888,69.176],[-51.1,68.868],[-50.928,68.676],[-51.568,68.524],[-51.964,68.588],[-52.616,68.524],[-53.088,68.316],[-52.444,68.18],[-51.224,68.276],[-51.216,68.072],[-51.932,68.048],[-52.584,68.192],[-53.136,68.108],[-53.2,67.968],[-53.688,67.812],[-53.576,67.52],[-52.824,67.796],[-51.444,67.748],[-50.552,67.512],[-50.104,67.504],[-50.58,67.484],[-51.256,67.652],[-51.864,67.636],[-52.408,67.768],[-53.048,67.696],[-53.804,67.42],[-53.964,67.104],[-53.648,66.912],[-53.096,66.932],[-52.668,66.692],[-53.428,66.644],[-53.696,66.36],[-53.352,66.112],[-53.456,65.96],[-52.756,65.672],[-52.792,65.536],[-52.272,65.448],[-52.28,65.08],[-51.88,64.836],[-52.024,64.592],[-52.156,64.536],[-52.144,64.224],[-51.836,64.224],[-51.252,64.76],[-50.908,64.684],[-50.656,64.82],[-50.832,64.988],[-50.94,65.128],[-50.724,65.184],[-50.84,65.132],[-50.48,64.712],[-50.784,64.604],[-51.136,64.208],[-51.44,64.084],[-51.404,63.812],[-51.54,63.684],[-51.128,63.496],[-51.056,63.184],[-50.592,63.232],[-50.564,62.98],[-50.18,62.768],[-50.308,62.492],[-50.012,62.32],[-49.696,62.268],[-49.312,61.996],[-49.436,61.848],[-49.24,61.608],[-48.62,61.212],[-47.884,61.008],[-47.932,60.84],[-47.056,60.86],[-46.864,60.8],[-46.376,61.084],[-45.72,60.74],[-45.98,60.58],[-45.392,60.516],[-44.928,60.328],[-45.188,60.212],[-44.976,60.04],[-44.592,59.988],[-44.48,60.124],[-43.992,60.192],[-43.14,60.08],[-43.088,60.26],[-43.316,60.436],[-43.2,60.552],[-42.828,60.612],[-42.884,60.844],[-42.672,61.024],[-42.708,61.292],[-42.116,62.008],[-42.42,62.012],[-42.268,62.248],[-42.384,62.572],[-43.152,62.76],[-42.708,62.692],[-42.424,62.816],[-41.752,62.844],[-41.472,63.224],[-41.908,63.464],[-41.168,63.392],[-40.616,63.808],[-40.56,64.108],[-41.388,64.18],[-40.56,64.516],[-40.628,64.692],[-41.056,64.876],[-41.076,65.068],[-40.184,65.04],[-39.856,65.236],[-39.876,65.504],[-38.22,65.648],[-37.796,66.048],[-37.212,65.776],[-36.388,66.016],[-36.072,65.936],[-35.216,66.24],[-34.644,66.38],[-34.256,66.584],[-33.948,66.928],[-33.752,66.988],[-33.188,67.556],[-32.124,68.052],[-31.412,68.12],[-30.912,68.044],[-30.008,68.128],[-29.008,68.348],[-27.316,68.536],[-27.184,68.608],[-26.416,68.66],[-26.236,68.792],[-25.668,68.872],[-24.616,69.28],[-23.704,69.72],[-22.372,70.116],[-23.56,70.112],[-24.484,70.248],[-25.304,70.412],[-26.328,70.2],[-26.32,70.38],[-26.744,70.484],[-28.232,70.372],[-28.312,70.564],[-27.744,70.948],[-27.912,71.116]]],[[[-37.452,65.792],[-37.956,65.796],[-37.736,65.568],[-37.312,65.68],[-37.452,65.792]]],[[[-25.316,70.748],[-25.704,71.084],[-26.664,70.896],[-27.068,70.892],[-28.068,70.432],[-26.576,70.524],[-25.3,70.656],[-25.316,70.748]]],[[[-44.528,82.412],[-46.324,82.68],[-47.7,82.644],[-46.876,82.36],[-45.072,82.224],[-44.528,82.412]]],[[[-21.948,72.428],[-22.716,72.636],[-23.148,72.84],[-23.932,72.88],[-24.484,72.828],[-24.352,72.592],[-22.252,72.12],[-21.948,72.428]]],[[[-21.928,72.736],[-21.9,72.916],[-23.24,73.076],[-24.536,72.992],[-24.528,72.9],[-23.164,72.876],[-22.656,72.7],[-21.928,72.736]]],[[[-24.524,73.048],[-22.98,73.108],[-23.232,73.252],[-24.46,73.424],[-25.244,73.412],[-25.708,73.184],[-24.524,73.048]]],[[[-20.352,74.252],[-20.548,74.408],[-21.248,74.456],[-21.84,74.352],[-21.932,74.208],[-21.024,74.096],[-20.352,74.252]]],[[[-19.808,74.892],[-20.188,75.044],[-20.68,74.82],[-20.14,74.7],[-19.808,74.892]]],[[[-17.316,75.136],[-17.812,75.088],[-18.512,75.372],[-18.796,75.336],[-18.928,75.048],[-17.496,75],[-17.316,75.136]]],[[[-18.552,76.056],[-18.724,76.512],[-19.108,76.472],[-18.552,76.056]]],[[[-18.764,79.972],[-19.356,79.872],[-18.484,79.688],[-17.836,79.744],[-17.276,80.012],[-17.74,80.092],[-18.764,79.972]]],[[[-52.904,69.344],[-52.14,69.476],[-51.836,69.632],[-52,69.804],[-52.728,69.928],[-53.264,70.204],[-54.452,70.312],[-54.828,70.2],[-54.768,69.968],[-54.992,69.7],[-54.736,69.588],[-53.88,69.56],[-53.588,69.24],[-52.904,69.344]]],[[[-43.172,60.072],[-44.072,60.176],[-43.9,59.992],[-43.172,60.072]]]]},"properties":{"id":"GL"}},
{"type":"Feature","geometry":{"type":"Polygon","coordinates":[[[-128.332,-24.324],[-128.352,-24.34],[-128.32,-24.4],[-128.292,-24.4],[-128.304,-24.336],[-128.332,-24.324]]]},"properties":{"id":"PN"}},
{"type":"Feature","geometry":{"type":"Polygon","coordinates":[[[-149.184,-17.732],[-149.356,-17.54],[-149.604,-17.524],[-149.588,-17.732],[-149.184,-17.732]]]},"properties":{"id":"PF"}},
{"type":"Feature","geometry":{"type":"Polygon","coordinates":[[[70.548,-49.184],[70.272,-49.076],[69.712,-49.308],[69.216,-49.12],[69.084,-48.972],[68.756,-49.048],[68.9,-49.432],[68.78,-49.592],[69.116,-49.604],[70.124,-49.712],[70.14,-49.34],[70.464,-49.356],[70.548,-49.184]]]},"properties":{"id":"TF"}},
{"type":"Feature","geometry":{"type":"Polygon","coordinates":[[[55.48,-4.708],[55.492,-4.736],[55.492,-4.776],[55.524,-4.772],[55.528,-4.736],[55.528,-4.688],[55.528,-4.68],[55.512,-4.668],[55.492,-4.652],[55.476,-4.64],[55.472,-4.636],[55.46,-4.624],[55.46,-4.62],[55.46,-4.6],[55.464,-4.572],[55.432,-4.588],[55.416,-4.612],[55.38,-4.628],[55.448,-4.676],[55.48,-4.708]]]},"properties":{"id":"SC"}},
{"type":"Feature","geometry":{"type":"Polygon","coordinates":[[[-157.192,1.764],[-157.384,1.904],[-157.448,1.8],[-157.192,1.764]]]},"properties":{"id":"KI"}},
{"type":"Feature","geometry":{"type":"Polygon","coordinates":[[[171.392,7.108],[171.228,7.076],[171.264,7.068],[171.292,7.084],[171.368,7.096],[171.392,7.108]]]},"properties":{"id":"MH"}},
{"type":"Feature","geometry":{"type":"Polygon","coordinates":[[[73.076,8.316],[73.072,8.296],[73.064,8.28],[73.048,8.268],[73.028,8.26],[73.032,8.248],[73.044,8.252],[73.068,8.272],[73.084,8.308],[73.076,8.316]]]},"properties":{"id":"IN-LD"}},
{"type":"Feature","geometry":{"type":"Polygon","coordinates":[[[-61.352,10.804],[-61.492,10.756],[-61.548,10.668],[-61.496,10.636],[-61.464,10.54],[-61.464,10.524],[-61.46,10.308],[-61.488,10.248],[-61.52,10.24],[-61.64,10.212],[-61.708,10.164],[-61.504,10.068],[-61.38,10.072],[-61.176,10.076],[-60.996,10.14],[-61.04,10.464],[-61.032,10.684],[-61.172,10.804],[-61.352,10.804]]]},"properties":{"id":"TT"}},
{"type":"Feature","geometry":{"type":"Polygon","coordinates":[[[-61.684,12.024],[-61.624,12.068],[-61.604,12.176],[-61.684,12.224],[-61.716,12.184],[-61.752,12.112],[-61.684,12.024]]]},"properties":{"id":"GD"}},
{"type":"Feature","geometry":{"type":"MultiPolygon","coordinates":[[[[93.92,7.024],[93.812,7.24],[93.676,7.18],[93.812,6.808],[93.92,7.024]]],[[[92.584,10.772],[92.376,10.776],[92.404,10.576],[92.576,10.58],[92.584,10.772]]],[[[93.052,13.284],[92.848,13.344],[92.8,12.856],[92.736,12.808],[92.716,12.364],[92.792,12.208],[92.64,12.136],[92.54,11.896],[92.632,11.584],[92.796,11.864],[92.768,12.084],[92.892,12.216],[92.992,12.52],[92.964,12.864],[93.052,13.284]]]]},"properties":{"id":"IN-AN"}},
{"type":"Feature","geometry":{"type":"Polygon","coordinates":[[[-68.212,12.228],[-68.4,12.304],[-68.416,12.256],[-68.304,12.204],[-68.212,12.228]]]},"properties":{"id":"NL-BQ1"}},
{"type":"Feature","geometry":{"type":"Polygon","coordinates":[[[-61.236,13.164],[-61.136,13.196],[-61.172,13.38],[-61.268,13.264],[-61.272,13.188],[-61.236,13.164]]]},"properties":{"id":"VC"}},
{"type":"Feature","geometry":{"type":"Polygon","coordinates":[[[-59.544,13.244],[-59.568,13.288],[-59.576,13.304],[-59.652,13.272],[-59.652,13.24],[-59.64,13.14],[-59.6,13.084],[-59.476,13.088],[-59.468,13.188],[-59.52,13.216],[-59.544,13.244]]]},"properties":{"id":"BB"}},
{"type":"Feature","geometry":{"type":"Polygon","coordinates":[[[-60.98,14.044],[-61.028,13.988],[-61.068,13.908],[-61.068,13.792],[-61.02,13.756],[-60.968,13.732],[-60.92,13.776],[-60.892,13.832],[-60.892,13.908],[-60.884,13.98],[-60.9,14.072],[-60.98,14.044]]]},"properties":{"id":"LC"}},
{"type":"Feature","geometry":{"type":"Polygon","coordinates":[[[-60.812,14.46],[-61.004,14.812],[-61.16,14.668],[-61.004,14.476],[-60.812,14.46]]]},"properties":{"id":"FR-MQ"}},
{"type":"Feature","geometry":{"type":"Polygon","coordinates":[[[-61.256,15.332],[-61.268,15.508],[-61.448,15.632],[-61.484,15.528],[-61.456,15.468],[-61.416,15.392],[-61.392,15.312],[-61.372,15.26],[-61.372,15.236],[-61.348,15.212],[-61.256,15.332]]]},"properties":{"id":"DM"}},
{"type":"Feature","geometry":{"type":"MultiPolygon","coordinates":[[[[-61.552,16.284],[-61.796,16.252],[-61.696,15.948],[-61.556,16.088],[-61.552,16.284]]],[[[-61.544,16.284],[-61.504,16.212],[-61.188,16.264],[-61.536,16.448],[-61.544,16.284]]]]},"properties":{"id":"FR-GP"}},
{"type":"Feature","geometry":{"type":"Polygon","coordinates":[[[166.62,19.28],[166.644,19.276],[166.64,19.288],[166.62,19.28]]]},"properties":{"id":"UM"}},
{"type":"Feature","geometry":{"type":"Polygon","coordinates":[[[-62.224,16.748],[-62.152,16.72],[-62.172,16.776],[-62.224,16.748]]]},"properties":{"id":"MS"}},
{"type":"Feature","geometry":{"type":"Polygon","coordinates":[[[-61.728,17.04],[-61.716,17.092],[-61.756,17.116],[-61.792,17.164],[-61.868,17.088],[-61.804,17.008],[-61.728,17.04]]]},"properties":{"id":"AG"}},
{"type":"Feature","geometry":{"type":"MultiPolygon","coordinates":[[[[-62.62,17.128],[-62.564,17.1],[-62.536,17.14],[-62.612,17.188],[-62.628,17.14],[-62.62,17.128]]],[[[-62.856,17.38],[-62.832,17.332],[-62.772,17.3],[-62.724,17.292],[-62.68,17.3],[-62.704,17.34],[-62.732,17.364],[-62.768,17.388],[-62.824,17.412],[-62.856,17.38]]]]},"properties":{"id":"KN"}},
{"type":"Feature","geometry":{"type":"Polygon","coordinates":[[[-62.996,17.524],[-62.98,17.468],[-62.944,17.484],[-62.996,17.524]]]},"properties":{"id":"NL-BQ3"}},
{"type":"Feature","geometry":{"type":"Polygon","coordinates":[[[-64.56,17.752],[-64.772,17.792],[-64.876,17.688],[-64.56,17.752]]]},"properties":{"id":"VI"}},
{"type":"Feature","geometry":{"type":"Polygon","coordinates":[[[-62.84,17.88],[-62.792,17.916],[-62.856,17.924],[-62.84,17.88]]]},"properties":{"id":"BL"}},
{"type":"Feature","geometry":{"type":"Polygon","coordinates":[[[-65.628,18.28],[-65.664,18.368],[-65.988,18.464],[-67.1,18.524],[-67.272,18.36],[-67.152,18.204],[-67.216,17.968],[-66.764,17.984],[-66.164,17.928],[-65.832,18.028],[-65.628,18.28]]]},"properties":{"id":"PR"}},
{"type":"Feature","geometry":{"type":"Polygon","coordinates":[[[-63.012,18.272],[-63.024,18.272],[-63.06,18.244],[-63.072,18.232],[-63.076,18.224],[-63.096,18.212],[-63.124,18.208],[-63.124,18.184],[-63.112,18.188],[-63.06,18.2],[-63.032,18.216],[-62.996,18.236],[-62.996,18.276],[-63.008,18.272],[-63.012,18.272]]]},"properties":{"id":"AI"}},
{"type":"Feature","geometry":{"type":"Polygon","coordinates":[[[-64.636,18.404],[-64.584,18.416],[-64.56,18.456],[-64.66,18.44],[-64.636,18.404]]]},"properties":{"id":"VG"}},
{"type":"Feature","geometry":{"type":"Polygon","coordinates":[[[-77.464,18.476],[-77.736,18.508],[-78,18.448],[-78.232,18.444],[-78.348,18.296],[-78.076,18.2],[-77.964,18.052],[-77.724,17.852],[-77.564,17.856],[-77.396,17.852],[-77.216,17.716],[-77.136,17.884],[-76.956,17.832],[-76.848,17.992],[-76.812,17.972],[-76.728,17.952],[-76.656,17.928],[-76.308,17.872],[-76.256,17.996],[-76.352,18.156],[-76.7,18.268],[-76.896,18.408],[-77.072,18.412],[-77.464,18.476]]]},"properties":{"id":"JM"}},
{"type":"Feature","geometry":{"type":"Polygon","coordinates":[[[-81.136,19.356],[-81.288,19.368],[-81.304,19.308],[-81.136,19.292],[-81.136,19.356]]]},"properties":{"id":"KY"}},
{"type":"Feature","geometry":{"type":"Polygon","coordinates":[[[-64.704,32.336],[-64.712,32.328],[-64.732,32.324],[-64.744,32.32],[-64.748,32.316],[-64.78,32.304],[-64.796,32.288],[-64.784,32.292],[-64.78,32.292],[-64.796,32.28],[-64.832,32.26],[-64.864,32.268],[-64.88,32.264],[-64.816,32.256],[-64.788,32.264],[-64.76,32.288],[-64.736,32.304],[-64.708,32.32],[-64.7,32.328],[-64.696,32.34],[-64.708,32.352],[-64.724,32.352],[-64.704,32.336]]]},"properties":{"id":"BM"}},
{"type":"Feature","geometry":{"type":"Polygon","coordinates":[[[46.888,44.752],[47.072,44.784],[47.296,45.188],[47.536,45.508],[47.496,45.564],[47.296,45.648],[46.908,45.636],[47.088,46.12],[46.856,46.244],[46.504,46.272],[46.664,46.428],[47.212,46.744],[46.8,47.004],[46.512,47.408],[46.116,47.504],[45.708,47.908],[45.3,48.096],[44.932,48.136],[44.548,48.064],[44.388,47.868],[44.084,47.908],[43.952,47.756],[43.704,47.684],[43.732,47.476],[43.804,47.284],[44.332,47.476],[44.264,46.9],[43.932,46.724],[43.928,46.52],[43.648,46.216],[43.356,46.172],[42.912,46.436],[42.596,46.412],[42.18,46.576],[42.1,46.408],[41.712,45.996],[42.148,45.948],[42.532,45.996],[42.992,46.18],[43.392,46.016],[43.876,45.944],[44.148,45.652],[44.42,45.528],[44.708,45.508],[45.588,45.16],[45.704,44.976],[45.852,45],[46.432,44.936],[46.888,44.752]]]},"properties":{"id":"RU-KL"}},
{"type":"Feature","geometry":{"type":"Polygon","coordinates":[[[73.736,-53.112],[73.564,-53.016],[73.328,-53.024],[73.472,-53.188],[73.736,-53.112]]]},"properties":{"id":"HM"}},
{"type":"Feature","geometry":{"type":"Polygon","coordinates":[[[-5.72,-15.908],[-5.772,-15.944],[-5.764,-16.016],[-5.664,-15.98],[-5.72,-15.908]]]},"properties":{"id":"SH"}},
{"type":"Feature","geometry":{"type":"Polygon","coordinates":[[[55.788,-21.104],[55.58,-20.876],[55.304,-20.904],[55.224,-21.048],[55.356,-21.276],[55.556,-21.364],[55.82,-21.324],[55.788,-21.104]]]},"properties":{"id":"FR-RE"}},
{"type":"Feature","geometry":{"type":"Polygon","coordinates":[[[57.58,-20],[57.492,-20.124],[57.464,-20.16],[57.372,-20.26],[57.4,-20.496],[57.632,-20.492],[57.78,-20.304],[57.732,-20.096],[57.58,-20]]]},"properties":{"id":"MU"}},
{"type":"Feature","geometry":{"type":"Polygon","coordinates":[[[45.2,-12.724],[45.088,-12.76],[45.132,-12.988],[45.212,-12.852],[45.2,-12.724]]]},"properties":{"id":"FR-YT"}},
{"type":"Feature","geometry":{"type":"Polygon","coordinates":[[[43.468,-11.82],[43.376,-11.604],[43.4,-11.42],[43.276,-11.38],[43.264,-11.82],[43.468,-11.82]]]},"properties":{"id":"KM"}},
{"type":"Feature","geometry":{"type":"MultiPolygon","coordinates":[[[[39.392,-6],[39.356,-5.804],[39.192,-5.916],[39.196,-6.032],[39.308,-6.244],[39.376,-6.364],[39.568,-6.42],[39.524,-6.176],[39.392,-6]]],[[[39.856,-5.184],[39.744,-5.16],[39.644,-5.412],[39.796,-5.408],[39.856,-5.184]]]]},"properties":{"id":"TZ-ZN"}},
{"type":"Feature","geometry":{"type":"Polygon","coordinates":[[[6.68,0.408],[6.46,0.224],[6.516,0.032],[6.74,0.22],[6.68,0.408]]]},"properties":{"id":"ST"}},
{"type":"Feature","geometry":{"type":"MultiPolygon","coordinates":[[[[-24.3,14.956],[-24.428,15.024],[-24.448,14.84],[-24.3,14.896],[-24.3,14.956]]],[[[-23.772,15.184],[-23.716,14.968],[-23.54,14.908],[-23.472,14.972],[-23.484,15.064],[-23.592,15.172],[-23.656,15.228],[-23.772,15.184]]],[[[-22.684,16.112],[-22.924,16.212],[-22.944,16.02],[-22.808,15.984],[-22.684,16.112]]],[[[-25.244,17.136],[-25.188,16.928],[-24.988,17.08],[-25.024,17.144],[-25.244,17.136]]]]},"properties":{"id":"CV"}},
{"type":"Feature","geometry":{"type":"MultiPolygon","coordinates":[[[[-16.428,28.148],[-16.3,28.568],[-16.508,28.424],[-16.916,28.356],[-16.676,27.996],[-16.428,28.148]]],[[[-17.756,28.82],[-18.004,28.748],[-17.832,28.456],[-17.72,28.732],[-17.756,28.82]]],[[[-15.392,28.032],[-15.416,28.14],[-15.708,28.168],[-15.816,27.996],[-15.784,27.844],[-15.576,27.736],[-15.376,27.852],[-15.392,28.032]]],[[[-13.972,28.736],[-14.148,28.424],[-14.212,28.16],[-13.968,28.228],[-13.848,28.396],[-13.836,28.716],[-13.972,28.736]]],[[[-13.484,29.24],[-13.752,29.08],[-13.86,28.86],[-13.484,29],[-13.484,29.24]]]]},"properties":{"id":"ES-CN"}},
{"type":"Feature","geometry":{"type":"Polygon","coordinates":[[[-16.788,32.688],[-16.92,32.84],[-17.252,32.816],[-16.976,32.648],[-16.788,32.688]]]},"properties":{"id":"PT-30"}},
{"type":"Feature","geometry":{"type":"Polygon","coordinates":[[[26.32,35.316],[25.832,35.124],[25.768,35.336],[25.48,35.296],[24.72,35.428],[24.34,35.348],[24.044,35.528],[23.816,35.536],[23.572,35.436],[23.588,35.24],[23.828,35.252],[24.404,35.192],[24.708,35.096],[24.74,34.932],[25.096,34.936],[25.6,35.012],[26.24,35.04],[26.32,35.316]]]},"properties":{"id":"GR-M"}},
{"type":"Feature","geometry":{"type":"Polygon","coordinates":[[[28.24,36.432],[27.9,36.34],[27.7,36.164],[27.78,35.892],[28.132,36.184],[28.24,36.432]]]},"properties":{"id":"GR-L"}},
{"type":"Feature","geometry":{"type":"MultiPolygon","coordinates":[[[[14.524,35.9],[14.512,35.9],[14.512,35.924],[14.5,35.932],[14.464,35.948],[14.44,35.964],[14.404,35.968],[14.34,35.924],[14.344,35.9],[14.364,35.864],[14.388,35.84],[14.428,35.824],[14.452,35.816],[14.496,35.808],[14.54,35.828],[14.564,35.84],[14.56,35.872],[14.556,35.88],[14.548,35.892],[14.524,35.9]]],[[[14.196,36.028],[14.208,36.024],[14.232,36.016],[14.272,36.016],[14.3,36.024],[14.32,36.048],[14.288,36.064],[14.272,36.072],[14.232,36.072],[14.212,36.072],[14.184,36.064],[14.196,36.028]]]]},"properties":{"id":"MT"}},
{"type":"Feature","geometry":{"type":"Polygon","coordinates":[[[12.892,37.572],[13.176,37.488],[13.452,37.3],[13.896,37.1],[14.04,37.116],[14.336,37],[14.488,36.792],[14.78,36.7],[15,36.704],[15.176,36.944],[15.328,37.028],[15.092,37.36],[15.26,37.808],[15.584,38.24],[15.244,38.216],[15.088,38.128],[14.908,38.188],[14.512,38.044],[14.18,38.024],[13.792,37.972],[13.312,38.22],[13.1,38.192],[12.976,38.044],[12.724,38.124],[12.504,38.012],[12.428,37.796],[12.696,37.564],[12.892,37.572]]]},"properties":{"id":"IT-82"}},
{"type":"Feature","geometry":{"type":"Polygon","coordinates":[[[-25.196,37.864],[-25.68,37.844],[-25.504,37.708],[-25.196,37.74],[-25.196,37.864]]]},"properties":{"id":"PT-20"}},
{"type":"Feature","geometry":{"type":"MultiPolygon","coordinates":[[[[26.164,38.544],[25.844,38.516],[26.164,38.304],[26.164,38.544]]],[[[26.612,39.048],[26.344,39.384],[25.86,39.26],[25.888,39.144],[26.424,38.968],[26.612,39.048]]]]},"properties":{"id":"GR-K"}},
{"type":"Feature","geometry":{"type":"MultiPolygon","coordinates":[[[[20.732,38.064],[20.624,38.352],[20.472,38.184],[20.732,38.064]]],[[[20.092,39.432],[19.932,39.48],[19.86,39.66],[19.948,39.792],[19.676,39.796],[19.688,39.676],[20,39.4],[20.092,39.432]]]]},"properties":{"id":"GR-F"}},
{"type":"Feature","geometry":{"type":"MultiPolygon","coordinates":[[[[3.356,39.784],[2.932,39.916],[2.356,39.612],[2.492,39.472],[3.06,39.268],[3.22,39.36],[3.468,39.74],[3.356,39.784]]],[[[4.304,39.924],[4.108,40.068],[3.82,40.048],[4.248,39.816],[4.304,39.924]]]]},"properties":{"id":"ES-IB"}},
{"type":"Feature","geometry":{"type":"Polygon","coordinates":[[[8.612,38.956],[8.84,38.88],[9.02,38.996],[9.08,39.212],[9.556,39.14],[9.648,39.548],[9.732,40.084],[9.628,40.224],[9.828,40.52],[9.748,40.66],[9.572,40.908],[9.548,41.12],[9.232,41.264],[8.812,40.94],[8.52,40.828],[8.312,40.852],[8.132,40.728],[8.392,40.412],[8.492,40.104],[8.4,39.904],[8.548,39.696],[8.4,39.448],[8.372,39.232],[8.612,38.956]]]},"properties":{"id":"IT-88"}},
{"type":"Feature","geometry":{"type":"Polygon","coordinates":[[[8.572,42.38],[8.564,42.176],[8.804,41.908],[8.696,41.728],[8.936,41.488],[9.212,41.44],[9.34,41.568],[9.396,41.86],[9.552,42.112],[9.528,42.564],[9.344,42.748],[9.108,42.724],[8.812,42.6],[8.572,42.38]]]},"properties":{"id":"FR-COR"}},
{"type":"Feature","geometry":{"type":"Polygon","coordinates":[[[-2.084,49.26],[-2.244,49.248],[-2.168,49.18],[-2.024,49.172],[-2.084,49.26]]]},"properties":{"id":"JE"}},
{"type":"Feature","geometry":{"type":"Polygon","coordinates":[[[-2.58,49.492],[-2.668,49.432],[-2.536,49.436],[-2.58,49.492]]]},"properties":{"id":"GG"}},
{"type":"Feature","geometry":{"type":"Polygon","coordinates":[[[-4.612,54.056],[-4.312,54.288],[-4.444,54.404],[-4.712,54.22],[-4.612,54.056]]]},"properties":{"id":"IM"}},
{"type":"Feature","geometry":{"type":"Polygon","coordinates":[[[19.04,57.868],[18.464,57.804],[18.112,57.512],[18.1,57.26],[18.432,57.156],[18.716,57.244],[18.812,57.708],[19.04,57.868]]]},"properties":{"id":"SE-I"}},
{"type":"Feature","geometry":{"type":"Polygon","coordinates":[[[19.912,60.1],[19.964,60.092],[20.032,60.144],[19.944,60.188],[19.812,60.148],[19.912,60.1]]]},"properties":{"id":"AX"}},
{"type":"Feature","geometry":{"type":"Polygon","coordinates":[[[-7.224,62.172],[-7.032,62.116],[-6.856,61.996],[-6.716,62.036],[-6.856,62.148],[-7.224,62.172]]]},"properties":{"id":"FO"}},
{"type":"Feature","geometry":{"type":"MultiPolygon","coordinates":[[[[148,-43.232],[148.004,-42.908],[147.888,-42.82],[148.008,-42.516],[147.984,-42.32],[148.26,-41.8],[148.332,-41.324],[148.332,-41.004],[148.208,-40.84],[147.984,-40.736],[147.82,-40.892],[147.596,-40.848],[147.444,-41.008],[147.284,-40.94],[147.016,-40.976],[146.424,-41.168],[146.216,-41.156],[145.792,-41.016],[145.712,-40.932],[144.984,-40.744],[144.688,-40.704],[144.604,-40.996],[144.928,-41.708],[145.208,-41.968],[145.264,-42.596],[145.872,-43.26],[146.032,-43.484],[146.512,-43.532],[146.712,-43.628],[146.936,-43.496],[147.1,-43.3],[147.256,-43.256],[147.36,-42.924],[147.584,-42.82],[147.84,-42.904],[147.648,-43.072],[147.792,-43.244],[148,-43.232]]],[[[148.016,-40.152],[148.308,-40.236],[148.3,-39.96],[148.168,-39.936],[147.952,-39.712],[147.852,-39.828],[148.016,-40.152]]],[[[144.104,-39.892],[144.084,-39.628],[143.86,-39.7],[143.84,-39.936],[143.924,-40.128],[144.112,-40.032],[144.104,-39.892]]]]},"properties":{"id":"AU-TAS"}},
{"type":"Feature","geometry":{"type":"Polygon","coordinates":[[[105.704,-10.432],[105.628,-10.508],[105.696,-10.528],[105.704,-10.432]]]},"properties":{"id":"IOA"}},
{"type":"Feature","geometry":{"type":"Polygon","coordinates":[[[115.62,-8.288],[115.504,-8.172],[115.216,-8.06],[115.024,-8.172],[114.692,-8.136],[114.468,-8.22],[114.64,-8.4],[114.928,-8.468],[115.252,-8.716],[115.324,-8.624],[115.604,-8.5],[115.62,-8.288]]]},"properties":{"id":"ID-BA"}},
{"type":"Feature","geometry":{"type":"Polygon","coordinates":[[[72.468,-7.384],[72.432,-7.424],[72.44,-7.34],[72.432,-7.316],[72.372,-7.272],[72.38,-7.296],[72.428,-7.324],[72.432,-7.348],[72.428,-7.404],[72.432,-7.432],[72.48,-7.392],[72.468,-7.384]]]},"properties":{"id":"IO"}},
{"type":"Feature","geometry":{"type":"Polygon","coordinates":[[[103.848,1.272],[103.9,1.304],[103.964,1.388],[103.908,1.412],[103.88,1.428],[103.764,1.432],[103.648,1.308],[103.848,1.272]]]},"properties":{"id":"SG"}},
{"type":"Feature","geometry":{"type":"MultiPolygon","coordinates":[[[[-154.9,19.568],[-155.088,19.86],[-155.332,20.048],[-155.868,20.264],[-155.824,20.02],[-156.06,19.732],[-155.884,19.336],[-155.88,19.028],[-155.684,18.932],[-155.504,19.136],[-155.292,19.26],[-154.984,19.34],[-154.9,19.568]]],[[[-156,20.8],[-156.3,20.952],[-156.48,20.904],[-156.408,20.588],[-156.004,20.684],[-156,20.8]]],[[[-156.748,21.172],[-157.26,21.22],[-157.272,21.088],[-156.868,21.052],[-156.748,21.172]]],[[[-157.708,21.352],[-157.964,21.704],[-158.228,21.484],[-158.096,21.292],[-157.796,21.256],[-157.708,21.352]]],[[[-159.3,22.152],[-159.4,22.236],[-159.716,22.156],[-159.76,21.98],[-159.436,21.868],[-159.3,22.152]]]]},"properties":{"id":"US-HI"}},
{"type":"Feature","geometry":{"type":"Polygon","coordinates":[[[128.336,26.796],[128.224,26.8],[127.936,26.532],[127.732,26.44],[127.776,26.232],[127.94,26.448],[128.336,26.796]]]},"properties":{"id":"JP-47"}},
{"type":"Feature","geometry":{"type":"Polygon","coordinates":[[[118.396,24.524],[118.372,24.432],[118.448,24.416],[118.448,24.504],[118.396,24.524]]]},"properties":{"id":"TW-KIN"}},
{"type":"Feature","geometry":{"type":"MultiPolygon","coordinates":[[[[166.664,54.756],[166.252,55.152],[166.288,55.304],[165.956,55.364],[166.084,55.06],[166.356,54.84],[166.664,54.756]]],[[[164.708,58.976],[164.56,59.24],[163.968,59.028],[163.584,58.556],[164.12,58.78],[164.632,58.864],[164.708,58.976]]],[[[162.512,61.66],[162.908,61.58],[163.328,61.656],[162.98,61.808],[163.148,62.036],[163.092,62.228],[163.268,62.52],[164.056,62.656],[164.596,62.672],[164.54,62.452],[164.128,62.264],[164.044,61.684],[163.76,61.48],[164.028,61.348],[163.488,61],[163.344,60.8],[162.888,60.752],[162.752,60.644],[162.208,60.54],[161.94,60.416],[161.896,60.204],[161.532,60.068],[160.804,59.604],[160.496,59.552],[160.312,59.348],[159.864,59.14],[159.752,58.924],[159.024,58.416],[158.168,58.02],[157.724,58.024],[157.468,57.804],[156.932,57.66],[157,57.424],[156.832,57.212],[156.384,56.912],[156.124,56.832],[155.924,56.584],[155.688,56.04],[155.552,55.284],[155.728,54.428],[155.936,53.864],[156.112,52.936],[156.372,52.404],[156.5,51.776],[156.536,51.288],[156.72,51.196],[156.72,50.888],[157.76,51.544],[158.288,51.968],[158.548,52.296],[158.516,52.748],[159.004,53.076],[159.632,53.256],[159.924,53.284],[159.968,53.572],[159.844,53.796],[160.052,54.176],[160.74,54.536],[161.068,54.596],[161.312,54.492],[161.752,54.52],[162.152,54.848],[161.812,55.18],[161.776,55.608],[162.144,56.128],[162.592,56.268],[162.82,56.056],[163.368,56.18],[163.28,56.688],[162.784,56.764],[162.86,57.052],[162.832,57.384],[163.076,57.46],[163.328,57.708],[162.712,57.968],[162.456,57.784],[162.024,57.928],[161.992,58.088],[162.168,58.404],[162.404,58.656],[163.068,58.968],[162.888,59.112],[163.08,59.272],[163.168,59.512],[163.392,59.632],[163.38,59.816],[163.7,59.904],[163.652,60.052],[164.34,59.992],[164.488,60.112],[165.012,59.848],[165.128,60.084],[165.72,60.268],[166.052,60.452],[166.248,60.384],[166.108,59.828],[166.288,59.844],[167.048,60.328],[168.096,60.572],[169.168,60.568],[169.708,60.4],[169.956,60.06],[170.4,59.964],[170.58,60.432],[171.18,60.56],[171.408,60.752],[172.008,60.856],[172.476,61.056],[172.932,61.352],[173.496,61.572],[173.544,61.748],[173.992,61.716],[174.452,61.816],[174.468,61.98],[174.116,62.072],[174.08,62.448],[173.504,62.536],[172.852,62.332],[172.704,62.404],[172.056,62.468],[171.468,62.312],[170.9,62.28],[170.16,62.34],[169.844,62.656],[169.128,62.972],[168.512,63.056],[168.796,63.304],[169.584,63.644],[169.344,63.948],[168.872,64.02],[168.5,64.316],[167.716,64.34],[167.236,64.624],[166.808,64.532],[166.2,64.608],[165.264,64.852],[164.796,64.772],[164.216,64.924],[163.872,64.864],[163.52,64.932],[163.136,64.772],[163.168,64.56],[163.436,64.372],[163.168,64.192],[162.796,64.148],[162.888,63.876],[162.756,63.74],[162.956,63.492],[162.696,63.392],[162.744,63.18],[162.38,63.12],[162.268,62.936],[162.548,62.844],[162.768,62.504],[162.736,62.296],[162.512,62.104],[162.512,61.66]]]]},"properties":{"id":"RU-KAM"}},
{"type":"Feature","geometry":{"type":"MultiPolygon","coordinates":[[[[24.424,77.824],[23.12,77.984],[23.472,78.152],[22.968,78.256],[21.696,78.212],[20.88,78.084],[21.66,77.92],[20.92,77.444],[22.192,77.504],[22.428,77.264],[23.236,77.264],[23.892,77.508],[24.424,77.824]]],[[[21.024,78.22],[22.272,78.268],[22.236,78.488],[21.18,78.624],[20.184,78.496],[21.024,78.22]]],[[[20.208,78.64],[21.036,78.644],[21.524,78.852],[19.908,79.016],[18.944,79.156],[18.88,79.44],[17.564,79.896],[16.616,79.984],[15.652,79.852],[15.96,79.308],[15.496,79.332],[15.264,79.62],[14.548,79.812],[13.796,79.88],[12.768,79.772],[11.824,79.844],[10.708,79.56],[11.28,79.1],[11.856,78.856],[11.644,78.748],[12.86,78.36],[13.856,78.212],[14.384,78.5],[15.208,78.656],[15.796,78.344],[15.036,78.116],[13.588,78.056],[13.72,77.768],[15.116,77.704],[14.776,77.548],[13.912,77.536],[14.372,77.2],[15.04,77.136],[16.336,76.616],[17.324,76.98],[17.484,77.308],[18.196,77.492],[18.332,77.904],[18.92,78.18],[18.992,78.468],[20.208,78.64]]],[[[27.172,80.072],[24.376,80.332],[22.564,80.312],[22.372,80.112],[20.884,80.212],[19.804,80.492],[19.104,80.26],[18.008,80.192],[18.148,79.916],[18.784,79.724],[21.888,79.824],[21.852,79.708],[19.632,79.612],[20.816,79.38],[22.416,79.408],[22.924,79.224],[24.052,79.188],[24.288,79.308],[25.644,79.396],[25.828,79.628],[27.148,79.856],[27.172,80.072]]]]},"properties":{"id":"NO-21"}},
{"type":"Feature","geometry":{"type":"Polygon","coordinates":[[[158.892,-54.512],[158.832,-54.712],[158.892,-54.688],[158.956,-54.552],[158.892,-54.512]]]},"properties":{"id":"AU-MACQUARIE"}},
{"type":"Feature","geometry":{"type":"Polygon","coordinates":[[[159.044,-31.52],[159.076,-31.54],[159.084,-31.56],[159.08,-31.576],[159.088,-31.588],[159.108,-31.568],[159.068,-31.52],[159.044,-31.52]]]},"properties":{"id":"AU-LORDHOWE"}},
{"type":"Feature","geometry":{"type":"Polygon","coordinates":[[[167.984,-29.016],[167.928,-28.996],[167.928,-29.068],[167.984,-29.06],[167.984,-29.016]]]},"properties":{"id":"NF"}},
{"type":"Feature","geometry":{"type":"Polygon","coordinates":[[[-159.796,-21.188],[-159.832,-21.244],[-159.744,-21.256],[-159.744,-21.2],[-159.796,-21.188]]]},"properties":{"id":"CK"}},
{"type":"Feature","geometry":{"type":"MultiPolygon","coordinates":[[[[177.784,-18.224],[178.168,-18.248],[178.276,-18.148],[178.684,-18.072],[178.596,-17.928],[178.604,-17.648],[178.448,-17.552],[178.264,-17.336],[177.832,-17.368],[177.624,-17.456],[177.388,-17.64],[177.436,-17.744],[177.252,-17.952],[177.336,-18.104],[177.784,-18.224]]],[[[180,-16.168],[180,-16.148],[179.764,-16.18],[179.24,-16.4],[178.916,-16.472],[178.604,-16.78],[178.704,-17],[178.884,-16.856],[179.268,-16.688],[179.296,-16.808],[179.904,-16.716],[179.852,-16.508],[179.74,-16.46],[180,-16.168]]]]},"properties":{"id":"FJ"}},
{"type":"Feature","geometry":{"type":"Polygon","coordinates":[[[-175.064,-21.124],[-175.156,-21.172],[-175.248,-21.112],[-175.324,-21.172],[-175.148,-21.268],[-175.064,-21.124]]]},"properties":{"id":"TO"}},
{"type":"Feature","geometry":{"type":"Polygon","coordinates":[[[-178.128,-14.312],[-178.132,-14.256],[-178.184,-14.248],[-178.156,-14.304],[-178.128,-14.312]]]},"properties":{"id":"WF"}},
{"type":"Feature","geometry":{"type":"MultiPolygon","coordinates":[[[[-172.368,-13.464],[-172.64,-13.524],[-172.704,-13.616],[-172.608,-13.692],[-172.524,-13.804],[-172.356,-13.784],[-172.32,-13.772],[-172.212,-13.8],[-172.224,-13.56],[-172.368,-13.464]]],[[[-171.816,-13.812],[-171.856,-13.808],[-171.992,-13.828],[-172.028,-13.84],[-172.056,-13.86],[-172.04,-13.916],[-171.876,-14.004],[-171.856,-14],[-171.652,-14.044],[-171.468,-13.968],[-171.56,-13.924],[-171.568,-13.896],[-171.584,-13.884],[-171.652,-13.872],[-171.792,-13.816],[-171.816,-13.812]]]]},"properties":{"id":"WS"}},
{"type":"Feature","geometry":{"type":"MultiPolygon","coordinates":[[[[160.504,-11.736],[160.004,-11.46],[160.012,-11.588],[160.504,-11.736]]],[[[162.376,-10.824],[162.112,-10.456],[161.836,-10.448],[161.512,-10.364],[161.524,-10.564],[161.792,-10.736],[162.1,-10.82],[162.376,-10.824]]],[[[161.396,-9.412],[161.396,-9.648],[161.544,-9.604],[161.396,-9.412]]],[[[161.36,-9.616],[161.328,-9.44],[161.152,-8.948],[160.948,-8.812],[160.996,-8.604],[160.748,-8.308],[160.592,-8.384],[160.764,-8.948],[160.868,-9.152],[161.236,-9.448],[161.36,-9.616]]],[[[159.94,-9.432],[159.708,-9.248],[159.616,-9.296],[159.6,-9.512],[159.836,-9.792],[160.32,-9.816],[160.644,-9.936],[160.824,-9.868],[160.784,-9.728],[160.368,-9.412],[160.028,-9.424],[159.94,-9.432]]],[[[157.796,-8.564],[157.904,-8.5],[157.744,-8.228],[157.612,-8.168],[157.504,-7.96],[157.384,-8.032],[157.228,-8.316],[157.568,-8.276],[157.676,-8.508],[157.796,-8.564]]],[[[157.104,-8.124],[157.204,-8.048],[157.092,-7.852],[156.948,-7.98],[157.104,-8.124]]],[[[156.808,-7.72],[156.612,-7.568],[156.504,-7.632],[156.66,-7.94],[156.808,-7.72]]],[[[159.86,-8.512],[159.844,-8.324],[159.404,-7.984],[159.084,-7.904],[158.652,-7.56],[158.58,-7.74],[158.844,-7.972],[159.344,-8.26],[159.628,-8.356],[159.86,-8.512]]],[[[157.528,-7.332],[157.304,-7.268],[157.152,-7.124],[157.044,-6.896],[156.488,-6.604],[156.46,-6.732],[156.688,-6.896],[156.928,-7.208],[157.44,-7.416],[157.528,-7.332]]]]},"properties":{"id":"SB"}},
{"type":"Feature","geometry":{"type":"Polygon","coordinates":[[[179.192,-8.544],[179.216,-8.52],[179.204,-8.52],[179.192,-8.544]]]},"properties":{"id":"TV"}},
{"type":"Feature","geometry":{"type":"MultiPolygon","coordinates":[[[[108.292,-2.848],[108.068,-2.596],[107.672,-2.56],[107.58,-3.012],[107.752,-3.2],[108.188,-3.136],[108.292,-2.848]]],[[[106.768,-2.56],[106.356,-2.464],[106.264,-2.352],[106.164,-2.008],[106.176,-1.88],[105.876,-1.488],[105.46,-1.564],[105.348,-1.648],[105.376,-1.82],[105.156,-1.936],[105.148,-2.08],[105.308,-2.136],[105.608,-2.116],[105.796,-2.172],[105.828,-2.396],[105.988,-2.82],[106.448,-2.98],[106.612,-2.944],[106.768,-2.56]]]]},"properties":{"id":"ID-BB"}},
{"type":"Feature","geometry":{"type":"Polygon","coordinates":[[[73.548,4.244],[73.512,4.188],[73.54,4.184],[73.548,4.244]]]},"properties":{"id":"MV"}},
{"type":"Feature","geometry":{"type":"Polygon","coordinates":[[[166.932,-0.492],[166.924,-0.496],[166.92,-0.5],[166.912,-0.5],[166.912,-0.512],[166.908,-0.524],[166.912,-0.536],[166.916,-0.548],[166.932,-0.552],[166.952,-0.532],[166.956,-0.512],[166.956,-0.496],[166.94,-0.492],[166.932,-0.492]]]},"properties":{"id":"NR"}},
{"type":"Feature","geometry":{"type":"Polygon","coordinates":[[[158.292,6.936],[158.124,6.908],[158.192,6.792],[158.292,6.936]]]},"properties":{"id":"FM"}},
{"type":"Feature","geometry":{"type":"Polygon","coordinates":[[[-35.908,-54.688],[-36.04,-54.464],[-36.62,-54.12],[-37.168,-54.044],[-37.388,-54.148],[-36.812,-54.444],[-36.464,-54.536],[-36.1,-54.888],[-35.908,-54.688]]]},"properties":{"id":"GS"}},
{"type":"Feature","geometry":{"type":"Polygon","coordinates":[[[3.456,-54.392],[3.376,-54.392],[3.352,-54.456],[3.468,-54.44],[3.456,-54.392]]]},"properties":{"id":"NO-BOUVET"}},
{"type":"Feature","geometry":{"type":"MultiPolygon","coordinates":[[[[-59.632,-51.74],[-59.256,-51.388],[-59.748,-51.448],[-60.028,-51.392],[-60.248,-51.612],[-60.612,-51.744],[-60.4,-51.916],[-60.888,-52.036],[-60.796,-52.172],[-60.536,-52.216],[-60.26,-51.984],[-59.872,-51.948],[-59.632,-51.74]]],[[[-57.816,-51.692],[-57.908,-51.376],[-58.328,-51.416],[-58.48,-51.3],[-59.084,-51.408],[-59.1,-51.62],[-59.58,-51.912],[-59.628,-52.112],[-59.384,-52.112],[-59.14,-51.984],[-58.948,-52.056],[-58.604,-52.004],[-58.144,-51.764],[-57.816,-51.692]]]]},"properties":{"id":"FK"}},
{"type":"Feature","geometry":{"type":"MultiPolygon","coordinates":[[[[169.336,-18.936],[169.152,-18.636],[168.988,-18.692],[168.988,-18.876],[169.256,-18.984],[169.336,-18.936]]],[[[168.548,-17.692],[168.324,-17.532],[168.18,-17.656],[168.396,-17.824],[168.548,-17.692]]],[[[168.184,-16.348],[168.172,-16.08],[167.92,-16.26],[168.184,-16.348]]],[[[167.812,-16.42],[167.396,-16.088],[167.336,-15.908],[167.184,-15.892],[167.148,-16.084],[167.376,-16.2],[167.46,-16.568],[167.812,-16.42]]],[[[167.14,-15.536],[167.192,-15.304],[167.056,-15.004],[166.92,-15.156],[166.8,-15.152],[166.736,-14.828],[166.524,-14.832],[166.652,-15.264],[166.616,-15.384],[166.792,-15.656],[167.14,-15.536]]]]},"properties":{"id":"VU"}},
{"type":"Feature","geometry":{"type":"Polygon","coordinates":[[[-169.852,-18.964],[-169.952,-19.088],[-169.9,-19.144],[-169.796,-19.048],[-169.852,-18.964]]]},"properties":{"id":"NU"}},
{"type":"Feature","geometry":{"type":"Polygon","coordinates":[[[-170.692,-14.316],[-170.72,-14.288],[-170.832,-14.32],[-170.756,-14.368],[-170.692,-14.316]]]},"properties":{"id":"AS"}},
{"type":"Feature","geometry":{"type":"Polygon","coordinates":[[[134.528,7.516],[134.488,7.468],[134.512,7.404],[134.596,7.42],[134.628,7.488],[134.624,7.532],[134.66,7.592],[134.66,7.688],[134.636,7.684],[134.624,7.624],[134.548,7.58],[134.528,7.516]]]},"properties":{"id":"PW"}},
{"type":"Feature","geometry":{"type":"Polygon","coordinates":[[[144.888,13.64],[144.656,13.44],[144.808,13.444],[144.908,13.516],[144.888,13.64]]]},"properties":{"id":"GU"}},
{"type":"Feature","geometry":{"type":"Polygon","coordinates":[[[145.788,15.268],[145.7,15.204],[145.74,15.136],[145.788,15.268]]]},"properties":{"id":"MP"}},
{"type":"Feature","geometry":{"type":"Polygon","coordinates":[[[111.196,15.776],[111.208,15.784],[111.2,15.788],[111.196,15.776]]]},"properties":{"id":"CN-PARACEL"}},
{"type":"Feature","geometry":{"type":"Polygon","coordinates":[[[50.504,26.244],[50.492,26.048],[50.616,26.096],[50.552,26.196],[50.504,26.244]]]},"properties":{"id":"BH"}},
{"type":"Feature","geometry":{"type":"Polygon","coordinates":[[[-62.004,46.464],[-62.516,46.476],[-63.196,46.432],[-63.832,46.612],[-64.232,46.904],[-64.416,46.684],[-64.108,46.544],[-63.628,46.224],[-63.232,46.144],[-62.996,46.18],[-62.776,45.964],[-62.544,45.972],[-62.576,46.24],[-62.004,46.464]]]},"properties":{"id":"CA-PE"}},
{"type":"Feature","geometry":{"type":"Polygon","coordinates":[[[115.832,10.736],[115.816,10.736],[115.82,10.72],[115.832,10.736]]]},"properties":{"id":"PGA"}},
{"type":"Feature","geometry":{"type":"Polygon","coordinates":[[[-109.212,10.304],[-109.236,10.308],[-109.22,10.28],[-109.212,10.304]]]},"properties":{"id":"CLP"}},
{"type":"Feature","geometry":{"type":"Polygon","coordinates":[[[-63.24,17.648],[-63.252,17.624],[-63.24,17.616],[-63.224,17.628],[-63.24,17.648]]]},"properties":{"id":"NL-BQ2"}},
{"type":"Feature","geometry":{"type":"Polygon","coordinates":[[[113.56,22.164],[113.536,22.16],[113.548,22.104],[113.568,22.124],[113.56,22.164]]]},"properties":{"id":"MO"}},
{"type":"Feature","geometry":{"type":"Polygon","coordinates":[[[123.596,-12.428],[123.576,-12.428],[123.576,-12.436],[123.596,-12.44],[123.596,-12.428]]]},"properties":{"id":"ATC"}},
{"type":"Feature","geometry":{"type":"Polygon","coordinates":[[[8.408,46.656],[8.448,46.768],[8.392,46.776],[8.368,46.788],[8.044,46.788],[7.872,46.852],[7.84,47.232],[7.824,47.268],[7.556,47.32],[6.848,47.164],[7.02,46.988],[7.064,46.98],[7.316,46.856],[7.384,46.692],[7.244,46.556],[7.228,46.332],[7.724,46.42],[8.004,46.556],[8.192,46.52],[8.408,46.656]]]},"properties":{"id":"CH-BE"}},
{"type":"Feature","geometry":{"type":"Polygon","coordinates":[[[7.84,47.232],[7.872,46.852],[8.044,46.788],[8.228,46.972],[8.464,46.992],[8.444,47.112],[8.404,47.144],[8.288,47.268],[7.84,47.232]]]},"properties":{"id":"CH-LU"}},
{"type":"Feature","geometry":{"type":"Polygon","coordinates":[[[8.408,47.244],[8.404,47.144],[8.444,47.112],[8.684,47.164],[8.408,47.244]]]},"properties":{"id":"CH-ZG"}},
{"type":"Feature","geometry":{"type":"Polygon","coordinates":[[[8.476,46.532],[8.676,46.584],[8.872,46.816],[8.932,46.924],[8.56,46.988],[8.472,46.856],[8.448,46.768],[8.408,46.656],[8.476,46.532]]]},"properties":{"id":"CH-UR"}},
{"type":"Feature","geometry":{"type":"Polygon","coordinates":[[[8.684,47.164],[8.444,47.112],[8.464,46.992],[8.56,46.988],[8.932,46.924],[8.984,47.168],[8.776,47.22],[8.684,47.164]]]},"properties":{"id":"CH-SZ"}},
{"type":"Feature","geometry":{"type":"Polygon","coordinates":[[[9.24,46.92],[9.18,47.124],[8.984,47.168],[8.932,46.924],[8.872,46.816],[9.24,46.92]]]},"properties":{"id":"CH-GL"}},
{"type":"Feature","geometry":{"type":"Polygon","coordinates":[[[8.392,46.776],[8.472,46.856],[8.56,46.988],[8.464,46.992],[8.228,46.972],[8.368,46.788],[8.392,46.776]]]},"properties":{"id":"CH-NW"}},
{"type":"Feature","geometry":{"type":"Polygon","coordinates":[[[7.244,46.556],[7.384,46.692],[7.316,46.856],[7.064,46.98],[6.944,46.948],[6.908,46.924],[7,46.84],[6.808,46.58],[7,46.444],[7.244,46.556]]]},"properties":{"id":"CH-FR"}},
{"type":"Feature","geometry":{"type":"MultiPolygon","coordinates":[[[[8.368,46.788],[8.228,46.972],[8.044,46.788],[8.368,46.788]]],[[[8.448,46.768],[8.472,46.856],[8.392,46.776],[8.448,46.768]]]]},"properties":{"id":"CH-OW"}},
{"type":"Feature","geometry":{"type":"Polygon","coordinates":[[[31.8,41.04],[31.732,40.912],[31.512,40.88],[31.248,40.672],[30.892,40.728],[30.692,40.576],[30.624,40.332],[30.74,40.168],[30.864,40.144],[31.068,40.412],[31.568,40.308],[32.176,40.432],[32.476,40.54],[32.508,40.704],[32.528,40.788],[32.148,41.02],[31.8,41.04]]]},"properties":{"id":"TR-14"}},
{"type":"Feature","geometry":{"type":"Polygon","coordinates":[[[30.864,40.144],[30.924,40.02],[31.248,40.056],[31.728,40.024],[31.844,39.876],[32.044,39.276],[31.86,39.172],[32.128,39.036],[32.48,38.996],[32.676,39.032],[33.064,39.224],[33.32,39.12],[33.368,38.8],[33.468,38.644],[33.932,38.792],[33.932,39],[33.524,39.268],[33.272,39.728],[33.372,39.98],[33.564,40.016],[33.596,40.34],[33.272,40.332],[32.96,40.596],[32.508,40.704],[32.476,40.54],[32.176,40.432],[31.568,40.308],[31.068,40.412],[30.864,40.144]]]},"properties":{"id":"TR-06"}},
{"type":"Feature","geometry":{"type":"Polygon","coordinates":[[[29.94,40.532],[29.72,40.184],[29.676,39.908],[29.716,39.708],[29.944,39.608],[30.136,39.64],[30.244,39.848],[30.44,39.936],[30.556,40.116],[30.74,40.168],[30.624,40.332],[30.428,40.396],[30.08,40.392],[29.94,40.532]]]},"properties":{"id":"TR-11"}},
{"type":"Feature","geometry":{"type":"Polygon","coordinates":[[[30.74,40.168],[30.556,40.116],[30.44,39.936],[30.244,39.848],[30.136,39.64],[30.284,39.508],[30.44,39.208],[30.62,39.088],[30.964,39.156],[31.256,39.28],[31.452,39.092],[31.696,39.092],[31.86,39.172],[32.044,39.276],[31.844,39.876],[31.728,40.024],[31.248,40.056],[30.924,40.02],[30.864,40.144],[30.74,40.168]]]},"properties":{"id":"TR-26"}},
{"type":"Feature","geometry":{"type":"Polygon","coordinates":[[[33.068,41.092],[32.528,40.788],[32.508,40.704],[32.96,40.596],[33.272,40.332],[33.596,40.34],[33.964,40.264],[34.152,40.424],[34.028,40.86],[33.82,40.924],[33.792,41.092],[33.408,40.96],[33.068,41.092]]]},"properties":{"id":"TR-18"}},
{"type":"Feature","geometry":{"type":"Polygon","coordinates":[[[32.816,41.576],[32.5,41.348],[32.288,41.332],[32.148,41.02],[32.528,40.788],[33.068,41.092],[32.92,41.296],[33.116,41.396],[33.06,41.532],[32.816,41.576]]]},"properties":{"id":"TR-78"}},
{"type":"Feature","geometry":{"type":"Polygon","coordinates":[[[87.784,25.216],[87.524,25.324],[87.116,24.972],[87.052,24.596],[86.584,24.56],[86.44,24.34],[86.156,24.556],[86.096,24.692],[85.748,24.772],[85.664,24.568],[85.28,24.488],[84.96,24.348],[84.8,24.496],[84.472,24.308],[84.312,24.452],[83.92,24.544],[83.524,24.528],[83.336,24.14],[83.52,24.064],[83.696,23.82],[83.78,23.588],[84.016,23.552],[83.948,23.372],[84.116,23],[84.352,22.884],[83.972,22.54],[84.148,22.388],[84.42,22.332],[84.532,22.424],[84.908,22.42],[85.088,22.28],[84.984,22.112],[85.232,22.036],[85.424,22.164],[85.784,22.012],[85.976,22.104],[86.04,22.556],[86.368,22.332],[86.688,22.22],[86.78,22.288],[86.748,22.544],[86.4,22.784],[86.452,23.004],[86.144,23.028],[85.828,23.26],[85.996,23.512],[86.216,23.448],[86.46,23.64],[86.8,23.724],[86.876,23.912],[87.08,23.816],[87.24,23.852],[87.34,24],[87.66,24.188],[87.896,24.672],[87.876,24.94],[87.784,25.216]]]},"properties":{"id":"IN-JH"}},
{"type":"Feature","geometry":{"type":"Polygon","coordinates":[[[77.2,28.876],[76.936,28.816],[76.872,28.52],[77.328,28.52],[77.2,28.876]]]},"properties":{"id":"IN-DL"}},
{"type":"Feature","geometry":{"type":"Polygon","coordinates":[[[76.828,30.68],[76.816,30.788],[76.704,30.78],[76.776,30.676],[76.828,30.68]]]},"properties":{"id":"IN-CH"}},
{"type":"Feature","geometry":{"type":"Polygon","coordinates":[[[74.324,23.036],[74.46,22.804],[74.376,22.652],[74.16,22.516],[74.224,22.348],[74.056,22.296],[74.128,21.952],[74.484,21.944],[74.512,21.728],[74.708,21.612],[75.048,21.556],[75.312,21.38],[75.876,21.4],[76.084,21.368],[76.188,21.084],[76.436,21.108],[76.616,21.204],[76.632,21.34],[76.792,21.576],[77.332,21.776],[77.552,21.696],[77.58,21.384],[78.028,21.436],[78.412,21.608],[78.696,21.476],[78.92,21.572],[79.412,21.688],[79.552,21.552],[79.8,21.588],[80.004,21.548],[80.188,21.64],[80.416,21.448],[80.68,21.352],[80.732,21.716],[80.92,22.096],[81.12,22.296],[81.124,22.4],[81.416,22.436],[81.768,22.664],[81.788,22.852],[81.948,23.044],[82.128,23.096],[82.188,23.288],[81.908,23.504],[81.592,23.56],[81.78,23.8],[82.532,23.776],[82.8,24],[82.68,24.168],[82.768,24.388],[82.772,24.668],[82.424,24.648],[81.88,24.92],[81.816,25.036],[81.584,25.08],[81.536,25.2],[81.244,25.168],[81.184,24.972],[80.78,24.972],[80.58,25.148],[80.42,25.18],[80.284,25.416],[79.468,25.104],[78.884,25.264],[78.956,25.384],[78.596,25.416],[78.516,25.268],[78.956,24.392],[78.824,24.232],[78.228,24.532],[78.26,24.692],[78.168,24.864],[78.336,25.024],[78.368,25.188],[78.26,25.412],[78.372,25.552],[78.716,25.624],[79.06,26.356],[78.936,26.696],[78.692,26.796],[78.372,26.852],[78.2,26.824],[78.08,26.684],[77.832,26.576],[76.908,26.1],[76.48,25.72],[76.552,25.46],[76.912,25.308],[77.36,25.408],[77.4,25.212],[76.86,25.032],[76.848,24.76],[77.036,24.672],[77.036,24.54],[76.808,24.556],[76.768,24.16],[76.572,24.272],[76.232,24.276],[75.996,23.984],[75.596,23.816],[75.804,24.12],[75.736,24.424],[75.876,24.516],[75.76,24.776],[75.448,24.704],[75.172,24.764],[75.316,24.956],[75.132,25.04],[74.808,24.736],[74.712,24.524],[74.848,24.436],[74.968,24.032],[74.94,23.688],[74.824,23.5],[74.568,23.368],[74.716,23.18],[74.324,23.036]]]},"properties":{"id":"IN-MP"}},
{"type":"Feature","geometry":{"type":"Polygon","coordinates":[[[-114.044,42],[-114.04,40.596],[-114.04,39.188],[-114.04,38.252],[-114.04,37.004],[-112.012,37],[-110.764,37],[-109.048,37],[-109.048,38.376],[-109.048,39.748],[-109.048,41],[-111.048,41],[-111.052,42],[-112.36,42],[-114.044,42]]]},"properties":{"id":"US-UT"}},
{"type":"Feature","geometry":{"type":"Polygon","coordinates":[[[-111.052,42],[-111.048,41],[-109.048,41],[-107.792,41],[-106.064,41],[-104.052,41],[-104.052,42.124],[-104.052,43],[-104.056,43.876],[-104.056,45],[-105.776,45],[-107.192,45],[-108.716,45],[-111.052,45],[-111.052,44.496],[-111.052,43.404],[-111.052,42]]]},"properties":{"id":"US-WY"}},
{"type":"Feature","geometry":{"type":"Polygon","coordinates":[[[-117.016,42],[-118.696,42],[-120,42],[-120,40.352],[-120,39],[-118.828,38.18],[-118.128,37.692],[-117.392,37.14],[-116.176,36.212],[-115.192,35.436],[-114.628,35.004],[-114.572,35.192],[-114.668,35.516],[-114.668,35.872],[-114.72,36.092],[-114.556,36.16],[-114.124,36.044],[-114.044,36.22],[-114.04,37.004],[-114.04,38.252],[-114.04,39.188],[-114.04,40.596],[-114.044,42],[-115.716,42],[-117.016,42]]]},"properties":{"id":"US-NV"}},
{"type":"Feature","geometry":{"type":"Polygon","coordinates":[[[-103,37],[-102.04,37],[-102.044,38.22],[-102.052,40],[-102.052,41],[-104.052,41],[-106.064,41],[-107.792,41],[-109.048,41],[-109.048,39.748],[-109.048,38.376],[-109.048,37],[-107.156,37],[-105.836,37],[-104.512,37],[-103,37]]]},"properties":{"id":"US-CO"}},
{"type":"Feature","geometry":{"type":"Polygon","coordinates":[[[-104.056,45],[-104.056,43.876],[-104.052,43],[-102.156,43],[-100.964,43],[-99.428,43],[-98.484,43],[-98.008,42.784],[-97.84,42.872],[-97.3,42.888],[-97.128,42.788],[-96.708,42.676],[-96.484,42.52],[-96.636,42.752],[-96.456,43.12],[-96.564,43.224],[-96.452,43.5],[-96.452,45.296],[-96.688,45.408],[-96.864,45.6],[-96.636,45.764],[-96.556,45.94],[-97.488,45.94],[-99.12,45.94],[-101.216,45.94],[-102.612,45.94],[-104.044,45.944],[-104.056,45]]]},"properties":{"id":"US-SD"}},
{"type":"Feature","geometry":{"type":"Polygon","coordinates":[[[-104.052,41],[-102.052,41],[-102.052,40],[-100.976,40],[-99.092,40],[-96.996,40],[-95.316,40],[-95.628,40.344],[-95.768,40.6],[-95.828,40.796],[-95.88,41.316],[-96.084,41.548],[-96.064,41.796],[-96.352,42.204],[-96.484,42.52],[-96.708,42.676],[-97.128,42.788],[-97.3,42.888],[-97.84,42.872],[-98.008,42.784],[-98.484,43],[-99.428,43],[-100.964,43],[-102.156,43],[-104.052,43],[-104.052,42.124],[-104.052,41]]]},"properties":{"id":"US-NE"}},
{"type":"Feature","geometry":{"type":"Polygon","coordinates":[[[-102.04,37],[-100.856,37],[-99.472,37],[-97.852,37],[-96.004,37],[-94.62,37],[-94.616,37.892],[-94.616,39.124],[-94.828,39.216],[-95.1,39.532],[-94.884,39.82],[-95.316,40],[-96.996,40],[-99.092,40],[-100.976,40],[-102.052,40],[-102.044,38.22],[-102.04,37]]]},"properties":{"id":"US-KS"}},
{"type":"Feature","geometry":{"type":"Polygon","coordinates":[[[-103,36.5],[-101.808,36.5],[-100.004,36.5],[-100,35.54],[-100,34.576],[-99.68,34.396],[-99.264,34.412],[-99.192,34.232],[-98.952,34.212],[-98.492,34.076],[-98.344,34.144],[-97.8,33.888],[-97.68,33.984],[-97.372,33.832],[-97.212,33.912],[-97.08,33.808],[-96.856,33.876],[-96.204,33.764],[-95.936,33.896],[-95.6,33.952],[-95.356,33.868],[-95.22,33.964],[-94.872,33.756],[-94.484,33.648],[-94.44,35.388],[-94.62,36.5],[-94.62,37],[-96.004,37],[-97.852,37],[-99.472,37],[-100.856,37],[-102.04,37],[-103,37],[-103,36.5]]]},"properties":{"id":"US-OK"}},
{"type":"Feature","geometry":{"type":"Polygon","coordinates":[[[-96.452,43.5],[-96.564,43.224],[-96.456,43.12],[-96.636,42.752],[-96.484,42.52],[-96.352,42.204],[-96.064,41.796],[-96.084,41.548],[-95.88,41.316],[-95.828,40.796],[-95.768,40.6],[-94.48,40.572],[-93.096,40.58],[-91.732,40.62],[-91.44,40.38],[-91.384,40.6],[-91.188,40.652],[-90.968,40.948],[-91.084,41.188],[-90.992,41.432],[-90.704,41.452],[-90.348,41.604],[-90.2,41.812],[-90.168,42.116],[-90.404,42.244],[-90.64,42.512],[-90.704,42.656],[-91.044,42.744],[-91.168,43.16],[-91.084,43.28],[-91.252,43.5],[-92.876,43.5],[-94.828,43.5],[-96.452,43.5]]]},"properties":{"id":"US-IA"}},
{"type":"Feature","geometry":{"type":"Polygon","coordinates":[[[-95.316,40],[-94.884,39.82],[-95.1,39.532],[-94.828,39.216],[-94.616,39.124],[-94.616,37.892],[-94.62,37],[-94.62,36.5],[-93.52,36.5],[-92.152,36.5],[-90.164,36.5],[-90.068,36.288],[-90.372,35.988],[-89.724,36],[-89.696,36.248],[-89.532,36.384],[-89.56,36.5],[-89.496,36.5],[-89.424,36.5],[-89.252,36.568],[-89.14,36.736],[-89.124,36.98],[-89.328,37.016],[-89.524,37.268],[-89.452,37.44],[-89.548,37.696],[-89.924,37.952],[-90.112,38.016],[-90.384,38.3],[-90.196,38.64],[-90.184,38.884],[-90.704,38.996],[-90.82,39.32],[-91.052,39.452],[-91.356,39.712],[-91.52,40.176],[-91.44,40.38],[-91.732,40.62],[-93.096,40.58],[-94.48,40.572],[-95.768,40.6],[-95.628,40.344],[-95.316,40]]]},"properties":{"id":"US-MO"}},
{"type":"Feature","geometry":{"type":"Polygon","coordinates":[[[36.704,40.864],[36.444,40.872],[36.396,40.588],[36.136,40.444],[35.844,40.504],[35.508,40.188],[35.656,40.088],[36.008,40.116],[36.088,39.924],[36.668,40.036],[36.732,40.192],[37.352,40.26],[37.636,40.46],[37.22,40.696],[37.012,40.7],[36.704,40.864]]]},"properties":{"id":"TR-60"}},
{"type":"Feature","geometry":{"type":"Polygon","coordinates":[[[38.16,40.524],[37.8,40.336],[37.636,40.46],[37.352,40.26],[36.732,40.192],[36.668,40.036],[36.088,39.924],[36.212,39.724],[35.82,39.336],[36.112,39.204],[36.9,39.132],[36.936,39.044],[36.748,38.6],[37.284,38.604],[37.596,38.836],[37.552,38.968],[38.36,39.152],[38.356,39.528],[38.408,39.952],[38.736,39.964],[38.76,40.056],[38.276,40.188],[38.16,40.524]]]},"properties":{"id":"TR-58"}},
{"type":"Feature","geometry":{"type":"Polygon","coordinates":[[[34.888,41.268],[34.472,41.312],[34.028,40.86],[34.152,40.424],[33.964,40.264],[34.096,40.024],[34.052,39.908],[34.46,40],[34.792,39.996],[35.176,40.104],[35.328,40.236],[35.432,40.608],[35.108,40.688],[35.032,40.82],[35.088,41.088],[34.888,41.268]]]},"properties":{"id":"TR-19"}},
{"type":"Feature","geometry":{"type":"Polygon","coordinates":[[[35.088,41.088],[35.032,40.82],[35.108,40.688],[35.432,40.608],[35.328,40.236],[35.508,40.188],[35.844,40.504],[36.136,40.444],[36.396,40.588],[36.444,40.872],[35.708,40.88],[35.46,41.028],[35.088,41.088]]]},"properties":{"id":"TR-05"}},
{"type":"Feature","geometry":{"type":"Polygon","coordinates":[[[9.332,47.252],[9.348,47.388],[9.488,47.352],[9.488,47.392],[9.54,47.396],[9.58,47.424],[9.608,47.448],[9.224,47.4],[9.332,47.252]]]},"properties":{"id":"CH-AR"}},
{"type":"Feature","geometry":{"type":"Polygon","coordinates":[[[9.488,47.352],[9.348,47.388],[9.332,47.252],[9.488,47.352]]]},"properties":{"id":"CH-AI"}},
{"type":"Feature","geometry":{"type":"Polygon","coordinates":[[[15.456,59.884],[15.752,59.44],[15.78,59.208],[16.288,59.452],[16.968,59.532],[16.796,59.784],[17.18,59.884],[17.384,60.2],[17.228,60.308],[16.716,60.216],[16.32,60.076],[15.976,60.188],[15.456,59.884]]]},"properties":{"id":"SE-U"}},
{"type":"Feature","geometry":{"type":"Polygon","coordinates":[[[13.116,57.156],[13.592,57.068],[13.692,56.984],[14.808,57.228],[15.552,57.212],[15.528,57.44],[15.664,57.604],[15.444,57.712],[15.152,57.74],[15.1,58.008],[14.596,58.112],[14.428,58.224],[14.212,57.916],[13.752,57.852],[13.684,57.564],[13.116,57.156]]]},"properties":{"id":"SE-F"}},
{"type":"Feature","geometry":{"type":"Polygon","coordinates":[[[14.452,60.036],[14.468,59.5],[14.328,59.3],[14.312,59.016],[14.52,58.728],[14.812,58.644],[15.724,58.984],[15.78,59.208],[15.752,59.44],[15.456,59.884],[15.24,60.016],[14.768,60.1],[14.452,60.036]]]},"properties":{"id":"SE-T"}},
{"type":"Feature","geometry":{"type":"Polygon","coordinates":[[[15.552,57.212],[14.808,57.228],[13.692,56.984],[13.352,56.868],[13.308,56.7],[13.5,56.424],[14.096,56.54],[14.54,56.476],[14.916,56.38],[15.364,56.484],[15.392,56.756],[15.784,56.908],[15.804,57.02],[15.552,57.212]]]},"properties":{"id":"SE-G"}},
{"type":"Feature","geometry":{"type":"Polygon","coordinates":[[[-2.408,42.496],[-2.616,42.508],[-2.836,42.644],[-3.016,42.64],[-3.12,42.196],[-2.912,42.024],[-2.572,42],[-2.512,42.104],[-2.136,42.1],[-2.112,41.964],[-1.856,41.956],[-1.852,42],[-1.696,42.216],[-2.076,42.444],[-2.408,42.496]]]},"properties":{"id":"ES-RI"}},
{"type":"Feature","geometry":{"type":"Polygon","coordinates":[[[-5.036,38.728],[-4.884,38.684],[-4.448,38.396],[-4.276,38.352],[-3.796,38.428],[-3.444,38.408],[-3.36,38.472],[-3.008,38.436],[-2.756,38.532],[-2.572,38.5],[-2.444,38.188],[-2.548,38.08],[-2.34,38.028],[-2.06,38.292],[-1.476,38.404],[-1.432,38.656],[-1.176,38.756],[-1.024,38.656],[-0.932,38.784],[-1.264,39.072],[-1.176,39.304],[-1.5,39.424],[-1.496,39.568],[-1.292,39.672],[-1.144,39.972],[-1.164,40.012],[-1.368,40.016],[-1.448,40.148],[-1.808,40.404],[-1.588,40.572],[-1.544,40.816],[-1.62,40.948],[-1.944,41.164],[-2.052,41.152],[-2.468,41.088],[-2.592,41.22],[-3.2,41.3],[-3.544,41.16],[-3.412,40.988],[-3.5,40.796],[-3.14,40.396],[-3.072,40.156],[-3.164,40.068],[-3.504,40.048],[-4.176,40.284],[-4.572,40.212],[-4.816,40.228],[-4.988,40.116],[-5.328,40.116],[-5.392,39.92],[-5.168,39.792],[-5.196,39.6],[-4.944,39.392],[-4.752,39.42],[-4.692,39.448],[-4.944,39.008],[-5.036,38.728]]]},"properties":{"id":"ES-CM"}},
{"type":"Feature","geometry":{"type":"Polygon","coordinates":[[[28.256,-26.892],[28.4,-26.66],[28.644,-26.508],[28.72,-26.34],[28.532,-26.22],[28.5,-26.08],[28.636,-25.972],[28.872,-26.004],[28.976,-25.672],[28.668,-25.664],[28.628,-25.332],[28.784,-25.228],[28.604,-25.156],[28.664,-25.248],[28.292,-25.316],[28.004,-25.36],[27.944,-25.808],[27.728,-25.88],[27.46,-25.884],[27.324,-26.288],[27.192,-26.38],[27.244,-26.64],[27.568,-26.652],[27.584,-26.736],[27.884,-26.724],[28.256,-26.892]]]},"properties":{"id":"ZA-GT"}},
{"type":"Feature","geometry":{"type":"Polygon","coordinates":[[[9.092,62.38],[8.144,62.34],[7.328,62.048],[7.52,61.756],[7.84,61.752],[8.204,61.524],[8.056,61.24],[8.2,61.072],[8.568,61.016],[9.328,60.752],[9.412,60.584],[10.044,60.656],[10.4,60.236],[10.624,60.156],[10.68,60.152],[10.92,60.372],[10.864,60.492],[11.164,60.624],[10.728,60.804],[10.46,61.036],[10.852,61.28],[10.624,61.708],[10.06,61.756],[10.084,61.904],[9.784,62.284],[9.092,62.38]]]},"properties":{"id":"NO-05"}},
{"type":"Feature","geometry":{"type":"Polygon","coordinates":[[[-7.3,41.16],[-7.432,41.216],[-7.896,41.16],[-8.292,41.084],[-8.148,40.984],[-8.316,40.74],[-8.352,40.372],[-8.116,40.34],[-7.824,40.496],[-7.576,40.572],[-7.58,40.856],[-7.412,40.872],[-7.3,41.16]]]},"properties":{"id":"PT-18"}},
{"type":"Feature","geometry":{"type":"Polygon","coordinates":[[[5.784,52.804],[5.372,52.792],[5.096,52.584],[5.16,52.328],[5.368,52.284],[5.408,52.268],[5.868,52.52],[5.924,52.74],[5.784,52.804]]]},"properties":{"id":"NL-FL"}},
{"type":"Feature","geometry":{"type":"Polygon","coordinates":[[[5.408,52.268],[5.368,52.284],[4.768,52.22],[4.832,51.988],[5.184,51.968],[5.564,52.072],[5.408,52.268]]]},"properties":{"id":"NL-UT"}},
{"type":"Feature","geometry":{"type":"Polygon","coordinates":[[[138.68,36.732],[138.5,36.684],[138.376,36.468],[138.584,36.416],[138.616,36.032],[138.7,35.968],[139.02,36.128],[139.112,36.272],[139.676,36.152],[139.652,36.204],[139.34,36.368],[139.444,36.584],[139.312,36.632],[139.36,36.904],[139.216,36.944],[139.104,37.036],[138.808,36.768],[138.68,36.732]]]},"properties":{"id":"JP-10"}},
{"type":"Feature","geometry":{"type":"Polygon","coordinates":[[[137.564,36.376],[137.624,36.316],[137.444,35.732],[137.584,35.496],[137.548,35.272],[137.804,35.196],[138.084,35.336],[138.196,35.628],[138.216,35.852],[138.716,35.896],[138.7,35.968],[138.616,36.032],[138.584,36.416],[138.376,36.468],[138.5,36.684],[138.68,36.732],[138.556,37],[138.012,36.824],[137.732,36.776],[137.72,36.588],[137.564,36.376]]]},"properties":{"id":"JP-20"}},
{"type":"Feature","geometry":{"type":"Polygon","coordinates":[[[139.36,36.904],[139.312,36.632],[139.444,36.584],[139.34,36.368],[139.652,36.204],[139.952,36.364],[140.18,36.416],[140.268,36.72],[140.236,36.924],[140.1,37.104],[139.86,37.132],[139.36,36.904]]]},"properties":{"id":"JP-09"}},
{"type":"Feature","geometry":{"type":"Polygon","coordinates":[[[136.256,35.644],[136.408,35.392],[136.4,35.204],[136.672,35.14],[136.772,35.352],[137.424,35.216],[137.548,35.272],[137.584,35.496],[137.444,35.732],[137.624,36.316],[137.564,36.376],[137.284,36.452],[136.956,36.272],[136.772,36.292],[136.72,36.076],[136.768,35.792],[136.336,35.768],[136.256,35.644]]]},"properties":{"id":"JP-21"}},
{"type":"Feature","geometry":{"type":"Polygon","coordinates":[[[136.004,34.772],[136.4,34.948],[136.4,35.204],[136.408,35.392],[136.256,35.644],[135.744,35.336],[135.828,35.264],[135.816,35.004],[136.004,34.772]]]},"properties":{"id":"JP-25"}},
{"type":"Feature","geometry":{"type":"Polygon","coordinates":[[[139.676,36.152],[139.112,36.272],[139.02,36.128],[138.7,35.968],[138.716,35.896],[138.924,35.836],[139.012,35.876],[139.384,35.756],[139.864,35.78],[139.752,36.08],[139.676,36.152]]]},"properties":{"id":"JP-11"}},
{"type":"Feature","geometry":{"type":"Polygon","coordinates":[[[138.924,35.836],[138.716,35.896],[138.216,35.852],[138.196,35.628],[138.236,35.304],[138.512,35.208],[138.532,35.408],[138.9,35.38],[139.08,35.504],[139.12,35.656],[138.924,35.836]]]},"properties":{"id":"JP-19"}},
{"type":"Feature","geometry":{"type":"Polygon","coordinates":[[[135.708,34.76],[135.624,34.552],[135.648,34.372],[135.708,34.224],[135.552,34.084],[135.6,33.892],[135.848,33.84],[136.088,34.008],[136.12,34.24],[136.036,34.716],[135.708,34.76]]]},"properties":{"id":"JP-29"}},
{"type":"Feature","geometry":{"type":"Polygon","coordinates":[[[10.056,50.516],[9.912,50.692],[10.052,51.008],[10.232,51.184],[9.948,51.38],[9.596,51.512],[9.44,51.648],[8.936,51.392],[8.684,51.364],[8.752,51.172],[8.136,50.684],[8,50.508],[8.124,50.276],[7.772,50.052],[7.92,49.972],[8.172,50.044],[8.336,49.96],[8.416,49.58],[8.672,49.624],[8.828,49.504],[9.112,49.576],[9.148,49.748],[9.012,50.096],[9.508,50.108],[9.768,50.404],[10.056,50.516]]]},"properties":{"id":"DE-HE"}},
{"type":"Feature","geometry":{"type":"Polygon","coordinates":[[[12.264,51.084],[12.004,50.948],[11.688,51.092],[11.428,51.1],[11.316,51.384],[11,51.408],[10.912,51.572],[10.696,51.636],[9.948,51.38],[10.232,51.184],[10.052,51.008],[9.912,50.692],[10.056,50.516],[10.24,50.512],[10.592,50.324],[10.788,50.388],[11.28,50.36],[11.904,50.416],[11.988,50.548],[12.28,50.68],[12.26,50.792],[12.648,50.9],[12.484,51.06],[12.264,51.084]]]},"properties":{"id":"DE-TH"}},
{"type":"Feature","geometry":{"type":"Polygon","coordinates":[[[13.06,51.616],[13.068,51.852],[12.668,51.996],[12.42,52.012],[12.2,52.192],[12.148,52.52],[12.204,52.864],[11.964,52.884],[11.58,53.044],[11.264,52.876],[11.016,52.912],[10.756,52.788],[10.952,52.592],[11.084,52.224],[10.944,52.056],[10.66,52.044],[10.584,51.776],[10.696,51.636],[10.912,51.572],[11,51.408],[11.316,51.384],[11.428,51.1],[11.688,51.092],[12.004,50.948],[12.264,51.084],[12.132,51.292],[12.236,51.564],[12.916,51.648],[13.06,51.616]]]},"properties":{"id":"DE-ST"}},
{"type":"Feature","geometry":{"type":"Polygon","coordinates":[[[13.628,52.488],[13.504,52.612],[13.156,52.6],[13.092,52.412],[13.628,52.488]]]},"properties":{"id":"DE-BE"}},
{"type":"Feature","geometry":{"type":"Polygon","coordinates":[[[116.792,39.604],[116.876,39.688],[116.744,39.96],[116.828,40.036],[117.24,40.092],[117.356,40.256],[117.252,40.336],[117.244,40.572],[116.912,40.748],[116.676,40.94],[116.46,40.792],[116.208,40.752],[115.996,40.596],[115.728,40.54],[115.944,40.292],[115.82,40.152],[115.576,40.096],[115.428,39.964],[115.512,39.84],[115.464,39.644],[115.756,39.508],[115.944,39.576],[116.428,39.52],[116.792,39.604]]]},"properties":{"id":"CN-BJ"}},
{"type":"Feature","geometry":{"type":"Polygon","coordinates":[[[99.108,29.224],[99.116,28.708],[99.164,28.44],[99.38,28.184],[99.392,28.544],[99.504,28.58],[99.628,28.816],[99.828,28.672],[100.144,28.34],[100.06,28.068],[100.204,27.9],[100.532,27.816],[100.66,27.876],[101.14,27.044],[101.504,26.768],[101.412,26.568],[101.544,26.496],[101.58,26.308],[101.92,26.1],[102.112,26.084],[102.252,26.228],[102.568,26.38],[102.72,26.236],[103.004,26.4],[103.056,26.556],[102.9,26.924],[102.888,27.292],[103.12,27.412],[103.508,27.864],[103.436,28.068],[103.572,28.244],[103.88,28.324],[103.836,28.604],[104.252,28.532],[104.268,28.332],[104.444,28.1],[104.376,27.96],[104.604,27.844],[104.896,27.9],[105.056,28.088],[105.284,28],[105.296,27.72],[105.524,27.776],[105.648,27.68],[106.344,27.836],[106.3,28],[106.108,28.176],[105.908,28.152],[105.668,28.32],[105.684,28.584],[105.892,28.608],[105.984,28.752],[106.188,28.584],[106.384,28.572],[106.26,28.868],[106.008,28.972],[105.744,28.996],[105.7,29.224],[105.424,29.332],[105.292,29.584],[105.708,29.868],[105.74,30.032],[105.556,30.148],[105.792,30.424],[106.124,30.344],[106.24,30.22],[106.532,30.336],[106.716,30.06],[107.032,30.056],[107.228,30.24],[107.476,30.608],[107.508,30.82],[107.736,30.884],[107.848,30.808],[108.008,31.04],[108.032,31.224],[108.224,31.468],[108.408,31.568],[108.5,31.792],[108.268,31.972],[108.388,32.184],[108.52,32.196],[108.236,32.264],[107.96,32.16],[107.66,32.388],[107.068,32.524],[107.064,32.708],[106.712,32.736],[106.228,32.592],[106.056,32.712],[105.812,32.764],[105.568,32.732],[105.5,32.908],[105.268,32.64],[104.9,32.612],[104.56,32.688],[104.288,32.848],[104.404,33.064],[104.292,33.364],[104.092,33.668],[103.744,33.676],[103.184,33.824],[103.12,34.168],[102.932,34.296],[102.78,34.276],[102.172,33.94],[102.48,33.464],[101.864,33.124],[101.924,33.408],[101.776,33.532],[101.664,33.32],[101.164,33.128],[101.172,32.688],[100.904,32.632],[100.696,32.684],[100.56,32.564],[100.4,32.76],[100.16,32.784],[100.048,32.936],[99.768,32.92],[99.7,32.744],[99.288,32.888],[99.224,33],[98.852,33.176],[98.644,33.676],[98.456,33.84],[98.036,33.96],[97.82,33.864],[97.612,33.932],[97.384,33.868],[97.392,33.612],[97.54,33.452],[97.724,33.408],[97.5,33.196],[97.504,33.044],[97.36,32.896],[97.432,32.7],[97.716,32.544],[98.016,32.464],[98.452,31.984],[98.444,31.804],[98.592,31.6],[98.884,31.356],[98.62,31.188],[98.956,30.748],[98.904,30.664],[98.988,30.144],[99.056,29.916],[98.988,29.652],[99.108,29.224]]]},"properties":{"id":"CN-SC"}},
{"type":"Feature","geometry":{"type":"Polygon","coordinates":[[[106.384,28.572],[106.752,28.504],[106.836,28.732],[107.032,28.888],[107.296,28.808],[107.5,28.992],[107.432,29.184],[107.784,29.136],[107.876,28.984],[108.288,29.076],[108.368,28.776],[108.584,28.6],[108.584,28.376],[108.728,28.244],[109.096,28.204],[109.156,28.436],[109.26,28.504],[109.212,28.628],[109.276,29.048],[109.208,29.104],[108.92,29.348],[108.872,29.64],[108.696,29.7],[108.54,29.884],[108.532,30.316],[108.432,30.488],[108.868,30.552],[108.964,30.608],[109.396,30.584],[109.872,30.888],[110.128,30.908],[110.176,31.188],[110.108,31.4],[109.732,31.56],[109.592,31.736],[109.336,31.704],[109.056,31.94],[108.52,32.196],[108.388,32.184],[108.268,31.972],[108.5,31.792],[108.408,31.568],[108.224,31.468],[108.032,31.224],[108.008,31.04],[107.848,30.808],[107.736,30.884],[107.508,30.82],[107.476,30.608],[107.228,30.24],[107.032,30.056],[106.716,30.06],[106.532,30.336],[106.24,30.22],[106.124,30.344],[105.792,30.424],[105.556,30.148],[105.74,30.032],[105.708,29.868],[105.292,29.584],[105.424,29.332],[105.7,29.224],[105.744,28.996],[106.008,28.972],[106.26,28.868],[106.384,28.572]]]},"properties":{"id":"CN-CQ"}},
{"type":"Feature","geometry":{"type":"Polygon","coordinates":[[[104.54,24.74],[104.728,24.632],[105.012,24.796],[105.1,24.956],[105.444,24.924],[105.508,24.816],[106,24.648],[106.176,24.784],[106.308,24.98],[106.668,25.172],[106.996,25.256],[107.02,25.496],[107.244,25.56],[107.5,25.216],[107.64,25.268],[107.86,25.144],[108.128,25.268],[108.292,25.54],[108.568,25.416],[109.024,25.596],[109.148,25.752],[109.3,25.744],[109.456,26.04],[109.404,26.536],[109.296,26.728],[109.504,26.824],[109.44,27.132],[109.096,27.136],[108.952,27.028],[108.792,27.084],[109.208,27.444],[109.42,27.56],[109.328,27.808],[109.26,28.504],[109.156,28.436],[109.096,28.204],[108.728,28.244],[108.584,28.376],[108.584,28.6],[108.368,28.776],[108.288,29.076],[107.876,28.984],[107.784,29.136],[107.432,29.184],[107.5,28.992],[107.296,28.808],[107.032,28.888],[106.836,28.732],[106.752,28.504],[106.384,28.572],[106.188,28.584],[105.984,28.752],[105.892,28.608],[105.684,28.584],[105.668,28.32],[105.908,28.152],[106.108,28.176],[106.3,28],[106.344,27.836],[105.648,27.68],[105.524,27.776],[105.296,27.72],[105.196,27.4],[104.872,27.308],[104.444,27.348],[104.344,27.44],[104.176,27.272],[103.912,27.392],[103.696,27.152],[103.78,26.956],[103.716,26.8],[103.828,26.548],[104.02,26.516],[104.152,26.652],[104.56,26.584],[104.676,26.38],[104.544,26.272],[104.5,26.032],[104.308,25.664],[104.552,25.484],[104.72,25.212],[104.708,25.016],[104.54,24.74]]]},"properties":{"id":"CN-GZ"}},
{"type":"Feature","geometry":{"type":"Polygon","coordinates":[[[111.996,24.736],[112.144,24.792],[112.12,24.948],[112.212,25.2],[112.664,25.112],[112.808,24.944],[112.988,24.964],[112.916,25.324],[113.216,25.504],[113.584,25.324],[113.828,25.356],[113.928,25.448],[113.984,25.58],[113.908,25.748],[114.04,26.068],[113.94,26.208],[114.084,26.576],[113.864,26.656],[113.892,26.944],[113.756,27.14],[113.852,27.344],[113.6,27.368],[113.564,27.592],[113.736,27.98],[113.916,28.02],[114.228,28.408],[114.112,28.616],[114.144,28.788],[113.904,28.956],[113.904,29.068],[113.656,29.124],[113.588,29.292],[113.728,29.436],[113.636,29.684],[113.416,29.764],[113.144,29.472],[112.908,29.6],[112.888,29.792],[112.648,29.628],[112.364,29.572],[112.172,29.648],[111.768,29.92],[111.416,29.924],[111.248,30.032],[110.74,30.096],[110.464,30.012],[110.592,29.772],[110.36,29.652],[110.104,29.784],[109.784,29.736],[109.432,29.532],[109.208,29.104],[109.276,29.048],[109.212,28.628],[109.26,28.504],[109.328,27.808],[109.42,27.56],[109.208,27.444],[108.792,27.084],[108.952,27.028],[109.096,27.136],[109.44,27.132],[109.504,26.824],[109.296,26.728],[109.404,26.536],[109.456,26.04],[109.604,26.052],[109.772,25.908],[109.912,26.18],[110.064,26.148],[110.248,25.98],[110.484,26.172],[110.576,26.352],[110.88,26.276],[110.936,26.384],[111.252,26.28],[111.204,25.932],[111.324,25.728],[111.316,25.504],[110.992,25.152],[111.124,25.044],[111.276,25.148],[111.428,25.108],[111.516,24.644],[111.668,24.78],[111.996,24.736]]]},"properties":{"id":"CN-HN"}},
{"type":"Feature","geometry":{"type":"Polygon","coordinates":[[[104.36,37.4],[104.688,37.412],[104.924,37.096],[105.18,36.972],[105.32,36.78],[105.22,36.692],[105.444,36.256],[105.32,35.932],[105.432,35.756],[106.212,35.396],[106.464,35.332],[106.468,35.728],[106.768,35.708],[106.912,35.788],[106.944,36.076],[106.812,36.212],[106.496,36.268],[106.504,36.708],[106.648,36.836],[106.644,37.18],[107.284,37.068],[107.24,37.3],[107.316,37.592],[107.656,37.852],[107.404,37.92],[107.164,38.14],[106.828,38.152],[106.472,38.292],[106.644,38.46],[106.704,38.636],[106.976,39.036],[106.808,39.2],[106.788,39.36],[106.276,39.268],[106.112,39.12],[105.84,38.572],[105.788,37.804],[105.66,37.74],[105.356,37.752],[104.944,37.544],[104.424,37.5],[104.36,37.4]]]},"properties":{"id":"CN-NX"}},
{"type":"Feature","geometry":{"type":"Polygon","coordinates":[[[107.656,37.852],[107.316,37.592],[107.24,37.3],[107.284,37.068],[107.3,36.908],[107.5,36.892],[107.888,36.756],[108.04,36.596],[108.356,36.548],[108.704,36.36],[108.676,36.004],[108.492,35.88],[108.616,35.392],[108.492,35.272],[108.156,35.292],[107.98,35.224],[107.672,35.228],[107.832,34.976],[107.32,34.944],[107.212,34.892],[106.916,35.088],[106.564,35.08],[106.492,34.74],[106.316,34.584],[106.672,34.384],[106.656,34.256],[106.432,33.944],[106.48,33.7],[106.172,33.564],[106.072,33.616],[105.832,33.496],[105.748,33.292],[105.912,33.232],[105.888,32.98],[105.5,32.908],[105.568,32.732],[105.812,32.764],[106.056,32.712],[106.228,32.592],[106.712,32.736],[107.064,32.708],[107.068,32.524],[107.66,32.388],[107.96,32.16],[108.236,32.264],[108.52,32.196],[109.056,31.94],[109.336,31.704],[109.592,31.736],[109.668,32.044],[109.488,32.336],[109.636,32.592],[110,32.552],[110.168,32.624],[110.096,32.84],[109.74,32.932],[109.66,33.264],[110.236,33.156],[110.548,33.244],[110.712,33.108],[110.976,33.268],[110.968,33.6],[110.592,33.88],[110.608,34.172],[110.328,34.48],[110.336,34.616],[110.252,34.664],[110.26,34.944],[110.336,35.2],[110.62,35.596],[110.448,36.14],[110.484,36.592],[110.388,37.02],[110.664,37.284],[110.632,37.396],[110.788,37.56],[110.752,37.744],[110.516,37.956],[110.512,38.204],[110.9,38.544],[110.996,39.004],[111.12,39.068],[111.224,39.312],[111.112,39.384],[111.012,39.564],[110.684,39.264],[110.496,39.376],[110.176,39.284],[109.676,39.012],[109.536,38.784],[109.16,38.544],[108.988,38.336],[109.028,38.112],[108.956,37.924],[108.792,37.94],[108.764,37.68],[108.04,37.632],[107.884,37.8],[107.656,37.852]]]},"properties":{"id":"CN-SN"}},
{"type":"Feature","geometry":{"type":"Polygon","coordinates":[[[89.676,36.08],[89.436,35.988],[89.484,35.88],[89.788,35.828],[89.692,35.508],[89.484,35.344],[89.456,35.212],[89.584,34.94],[89.788,34.928],[89.724,34.74],[89.84,34.384],[89.788,34.2],[89.636,34.092],[89.876,33.824],[89.976,33.632],[90.14,33.58],[90.204,33.4],[90.66,33.156],[90.804,33.14],[91.188,33.336],[91.376,33.272],[91.544,33.08],[92.22,32.744],[92.464,32.768],[93.004,32.736],[93.512,32.516],[93.736,32.572],[94.112,32.48],[94.584,32.672],[94.94,32.428],[95.06,32.26],[95.26,32.244],[95.424,32.096],[95.408,31.812],[96.096,31.7],[96.28,31.908],[96.484,31.752],[96.796,31.716],[96.756,31.972],[97.256,32.076],[97.36,32.26],[97.36,32.5],[97.716,32.544],[97.432,32.7],[97.36,32.896],[97.504,33.044],[97.5,33.196],[97.724,33.408],[97.54,33.452],[97.392,33.612],[97.384,33.868],[97.612,33.932],[97.82,33.864],[98.036,33.96],[98.456,33.84],[98.644,33.676],[98.852,33.176],[99.224,33],[99.288,32.888],[99.7,32.744],[99.768,32.92],[100.048,32.936],[100.16,32.784],[100.4,32.76],[100.56,32.564],[100.696,32.684],[100.904,32.632],[101.172,32.688],[101.164,33.128],[101.664,33.32],[101.776,33.532],[101.612,33.512],[101.4,33.644],[101.16,33.664],[101.128,33.852],[100.948,33.928],[100.792,34.156],[100.816,34.296],[101.036,34.34],[101.612,34.192],[101.78,34.068],[102.212,34.352],[102.152,34.496],[101.792,34.632],[102.008,34.944],[102.268,35.056],[102.376,35.204],[102.288,35.408],[102.536,35.536],[102.704,35.524],[102.7,35.84],[102.976,35.832],[102.932,36.088],[103.04,36.216],[102.82,36.328],[102.612,36.656],[102.676,36.8],[102.46,36.956],[102.552,37.164],[102.428,37.28],[102.032,37.48],[101.936,37.732],[101.764,37.524],[101.048,37.964],[100.636,38.104],[100.556,38.252],[100.356,38.308],[100.14,38.484],[100.08,38.28],[99.8,38.364],[98.964,38.98],[98.78,39.068],[98.604,38.948],[98.264,38.932],[98.068,38.8],[97.364,39.152],[97.028,39.196],[96.944,38.36],[96.512,38.472],[96.504,38.548],[96.056,38.68],[95.72,38.876],[95.304,39.184],[95.056,39.148],[94.48,39.316],[93.724,39.308],[93.276,39.188],[92.936,39.152],[92.332,39.048],[92.124,38.94],[91.296,38.744],[90.652,38.676],[90.312,38.464],[90.192,38.324],[90.44,37.996],[90.436,37.78],[91.072,37.488],[91.288,37.012],[90.808,36.912],[90.688,36.7],[90.804,36.56],[91.008,36.504],[91.136,36.14],[90.828,36.012],[90.624,36.112],[90.164,36.128],[89.676,36.08]]]},"properties":{"id":"CN-QH"}},
{"type":"Feature","geometry":{"type":"Polygon","coordinates":[[[111.112,39.384],[111.224,39.312],[111.12,39.068],[110.996,39.004],[110.9,38.544],[110.512,38.204],[110.516,37.956],[110.752,37.744],[110.788,37.56],[110.632,37.396],[110.664,37.284],[110.388,37.02],[110.484,36.592],[110.448,36.14],[110.62,35.596],[110.336,35.2],[110.26,34.944],[110.252,34.664],[110.336,34.616],[110.532,34.584],[110.884,34.668],[111.332,34.84],[111.556,34.864],[111.828,35.084],[112.06,35.108],[112.06,35.236],[112.524,35.22],[112.684,35.312],[112.904,35.24],[113.492,35.524],[113.688,36.056],[113.72,36.356],[113.536,36.484],[113.452,36.736],[113.776,36.892],[113.756,37.116],[114.052,37.5],[114.1,37.7],[113.792,38.152],[113.556,38.244],[113.536,38.536],[113.824,38.812],[113.852,39.072],[114.216,39.068],[114.392,39.168],[114.54,39.532],[114.404,39.66],[114.384,39.86],[114.084,39.916],[113.936,40.016],[114.284,40.38],[114.156,40.744],[114.044,40.488],[113.336,40.32],[113.228,40.416],[112.96,40.356],[112.736,40.172],[112.4,40.288],[112.1,40.004],[111.92,39.688],[111.76,39.6],[111.488,39.652],[111.344,39.444],[111.112,39.384]]]},"properties":{"id":"CN-SX"}},
{"type":"Feature","geometry":{"type":"Polygon","coordinates":[[[115.888,24.916],[115.844,25.196],[115.98,25.352],[116.028,25.636],[116.136,25.868],[116.324,25.956],[116.4,26.288],[116.62,26.492],[116.504,26.688],[116.668,26.988],[116.924,27.02],[117.152,27.276],[117.112,27.568],[117.284,27.856],[117.544,27.968],[117.744,27.812],[117.824,27.936],[118.368,28.1],[118.448,28.288],[118.424,28.696],[118.228,28.956],[118,29.144],[118.176,29.408],[117.984,29.572],[117.708,29.556],[117.528,29.624],[117.224,29.908],[116.888,29.56],[116.648,29.628],[116.888,29.92],[116.652,30.052],[116.492,29.884],[116.148,29.788],[115.856,29.74],[115.704,29.86],[115.488,29.864],[115.272,29.616],[114.972,29.56],[114.82,29.392],[114.064,29.204],[113.904,29.068],[113.904,28.956],[114.144,28.788],[114.112,28.616],[114.228,28.408],[113.916,28.02],[113.736,27.98],[113.564,27.592],[113.6,27.368],[113.852,27.344],[113.756,27.14],[113.892,26.944],[113.864,26.656],[114.084,26.576],[113.94,26.208],[114.04,26.068],[113.908,25.748],[113.984,25.58],[113.928,25.448],[114.116,25.308],[114.428,25.384],[114.708,25.288],[114.728,25.12],[114.412,24.98],[114.192,24.696],[114.424,24.5],[114.74,24.624],[114.864,24.588],[115.048,24.708],[115.42,24.784],[115.704,24.544],[115.748,24.748],[115.888,24.916]]]},"properties":{"id":"CN-JX"}},
{"type":"Feature","geometry":{"type":"Polygon","coordinates":[[[115.46,36.156],[115.348,36.084],[114.548,36.14],[114.156,36.248],[113.988,36.36],[113.72,36.356],[113.688,36.056],[113.492,35.524],[112.904,35.24],[112.684,35.312],[112.524,35.22],[112.06,35.236],[112.06,35.108],[111.828,35.084],[111.556,34.864],[111.332,34.84],[110.884,34.668],[110.532,34.584],[110.336,34.616],[110.328,34.48],[110.608,34.172],[110.592,33.88],[110.968,33.6],[110.976,33.268],[111.212,32.932],[111.532,32.612],[112.284,32.352],[112.752,32.348],[113.184,32.412],[113.436,32.288],[113.616,32.384],[113.784,32.36],[113.796,31.972],[113.972,31.748],[114.144,31.848],[114.36,31.736],[114.556,31.736],[114.548,31.572],[114.768,31.492],[115.376,31.416],[115.532,31.736],[115.9,31.796],[115.928,32.024],[115.888,32.392],[115.692,32.492],[115.564,32.404],[115.368,32.56],[115.2,32.592],[115.184,32.86],[114.924,32.96],[114.968,33.124],[115.252,33.12],[115.316,33.372],[115.444,33.548],[115.636,33.592],[115.56,33.9],[115.652,34.048],[115.96,34],[116.184,33.72],[116.42,33.792],[116.64,33.952],[116.4,34.276],[116.156,34.448],[116.152,34.568],[115.54,34.576],[115.428,34.78],[115.176,34.944],[114.836,35.016],[114.864,35.188],[115.068,35.38],[115.344,35.496],[115.504,35.724],[115.616,35.732],[115.964,35.984],[115.468,35.912],[115.46,36.156]]]},"properties":{"id":"CN-HA"}},
{"type":"Feature","geometry":{"type":"Polygon","coordinates":[[[109.208,29.104],[109.432,29.532],[109.784,29.736],[110.104,29.784],[110.36,29.652],[110.592,29.772],[110.464,30.012],[110.74,30.096],[111.248,30.032],[111.416,29.924],[111.768,29.92],[112.172,29.648],[112.364,29.572],[112.648,29.628],[112.888,29.792],[112.908,29.6],[113.144,29.472],[113.416,29.764],[113.636,29.684],[113.728,29.436],[113.588,29.292],[113.656,29.124],[113.904,29.068],[114.064,29.204],[114.82,29.392],[114.972,29.56],[115.272,29.616],[115.488,29.864],[115.704,29.86],[115.856,29.74],[116.148,29.788],[116.04,30.22],[115.876,30.388],[115.948,30.488],[115.768,30.688],[115.86,30.86],[116.036,30.988],[115.668,31.216],[115.548,31.184],[115.376,31.416],[114.768,31.492],[114.548,31.572],[114.556,31.736],[114.36,31.736],[114.144,31.848],[113.972,31.748],[113.796,31.972],[113.784,32.36],[113.616,32.384],[113.436,32.288],[113.184,32.412],[112.752,32.348],[112.284,32.352],[111.532,32.612],[111.212,32.932],[110.976,33.268],[110.712,33.108],[110.548,33.244],[110.236,33.156],[109.66,33.264],[109.74,32.932],[110.096,32.84],[110.168,32.624],[110,32.552],[109.636,32.592],[109.488,32.336],[109.668,32.044],[109.592,31.736],[109.732,31.56],[110.108,31.4],[110.176,31.188],[110.128,30.908],[109.872,30.888],[109.396,30.584],[108.964,30.608],[108.868,30.552],[108.432,30.488],[108.532,30.316],[108.54,29.884],[108.696,29.7],[108.872,29.64],[108.92,29.348],[109.208,29.104]]]},"properties":{"id":"CN-HB"}},
{"type":"Feature","geometry":{"type":"Polygon","coordinates":[[[119.628,31.132],[119.316,31.268],[118.816,31.228],[118.752,31.356],[118.86,31.628],[118.476,31.792],[118.352,31.948],[118.516,32.2],[118.652,32.236],[118.668,32.452],[118.892,32.596],[119.08,32.448],[119.192,32.712],[118.992,32.964],[118.856,32.972],[118.72,32.732],[118.4,32.732],[118.24,32.924],[118.22,33.18],[117.932,33.236],[118.176,33.692],[118.124,33.768],[117.752,33.724],[117.744,33.884],[117.504,34.048],[117.032,34.156],[116.948,34.388],[116.804,34.4],[116.376,34.64],[116.152,34.568],[116.156,34.448],[116.4,34.276],[116.64,33.952],[116.42,33.792],[116.184,33.72],[115.96,34],[115.652,34.048],[115.56,33.9],[115.636,33.592],[115.444,33.548],[115.316,33.372],[115.252,33.12],[114.968,33.124],[114.924,32.96],[115.184,32.86],[115.2,32.592],[115.368,32.56],[115.564,32.404],[115.692,32.492],[115.888,32.392],[115.928,32.024],[115.9,31.796],[115.532,31.736],[115.376,31.416],[115.548,31.184],[115.668,31.216],[116.036,30.988],[115.86,30.86],[115.768,30.688],[115.948,30.488],[115.876,30.388],[116.04,30.22],[116.148,29.788],[116.492,29.884],[116.652,30.052],[116.888,29.92],[116.648,29.628],[116.888,29.56],[117.224,29.908],[117.528,29.624],[117.708,29.556],[117.984,29.572],[118.176,29.408],[118.372,29.452],[118.724,29.732],[118.892,29.984],[118.852,30.16],[118.936,30.352],[119.212,30.312],[119.364,30.404],[119.24,30.552],[119.444,30.64],[119.576,30.848],[119.628,31.132]]]},"properties":{"id":"CN-AH"}},
{"type":"Feature","geometry":{"type":"Polygon","coordinates":[[[-50.96,-19.472],[-50.324,-18.716],[-49.992,-18.612],[-49.796,-18.624],[-49.488,-18.5],[-49.36,-18.624],[-49.132,-18.408],[-48.952,-18.328],[-48.216,-18.36],[-47.9,-18.448],[-47.276,-18.06],[-47.348,-17.88],[-47.288,-17.548],[-47.532,-17.456],[-47.5,-17.328],[-47.152,-16.976],[-47.268,-16.66],[-47.452,-16.492],[-47.348,-16.3],[-47.304,-16.04],[-46.832,-15.844],[-46.936,-15.432],[-46.892,-15.048],[-46.548,-15.04],[-46.58,-14.796],[-46.388,-14.772],[-46.296,-14.908],[-46.024,-14.868],[-45.912,-14.692],[-45.92,-14.352],[-46.128,-14.184],[-46.26,-13.868],[-46.272,-13.656],[-46.088,-12.916],[-46.232,-12.796],[-46.648,-12.924],[-46.828,-13.068],[-47.092,-13.096],[-47.44,-13.248],[-47.72,-13.152],[-47.68,-13.356],[-48.172,-13.172],[-48.656,-13.176],[-48.768,-13.096],[-48.824,-12.872],[-49.06,-12.68],[-49.296,-13.004],[-49.384,-13.248],[-49.684,-13.176],[-50.24,-12.932],[-50.276,-12.788],[-50.136,-12.48],[-50.352,-12.544],[-50.484,-12.844],[-50.588,-13.08],[-50.568,-13.228],[-50.864,-13.712],[-50.856,-14.104],[-50.96,-14.236],[-50.968,-14.52],[-51.1,-14.888],[-51.256,-15.016],[-51.512,-15.064],[-51.656,-15.208],[-51.68,-15.38],[-51.884,-15.804],[-52.252,-15.912],[-52.328,-16.04],[-52.668,-16.292],[-52.632,-16.528],[-52.808,-16.744],[-53.02,-16.868],[-53.048,-17.056],[-53.204,-17.284],[-53.244,-17.564],[-53.052,-18.016],[-53.056,-18.292],[-52.784,-18.392],[-52.892,-18.636],[-52.172,-18.848],[-52.06,-18.944],[-51.644,-19.128],[-51.408,-19.168],[-51.14,-19.284],[-50.96,-19.472]],[[-47.304,-16.04],[-48.184,-16.04],[-48.276,-15.84],[-48.18,-15.488],[-47.424,-15.5],[-47.308,-15.592],[-47.36,-15.984],[-47.304,-16.04]]]},"properties":{"id":"BR-GO"}},
{"type":"Feature","geometry":{"type":"Polygon","coordinates":[[[-47.304,-16.04],[-47.36,-15.984],[-47.308,-15.592],[-47.424,-15.5],[-48.18,-15.488],[-48.276,-15.84],[-48.184,-16.04],[-47.304,-16.04]]]},"properties":{"id":"BR-DF"}},
{"type":"Feature","geometry":{"type":"Polygon","coordinates":[[[-50.992,-20.1],[-50.656,-19.916],[-50.556,-19.808],[-49.884,-19.932],[-49.272,-19.968],[-49.292,-20.164],[-49.148,-20.296],[-48.844,-20.164],[-48.168,-20.104],[-48.084,-20.148],[-47.84,-19.98],[-47.44,-20.036],[-47.236,-20.204],[-47.288,-20.444],[-47.112,-20.632],[-47.212,-20.808],[-47.124,-21.132],[-46.996,-21.344],[-46.508,-21.46],[-46.668,-21.812],[-46.6,-22.132],[-46.696,-22.324],[-46.412,-22.556],[-46.36,-22.844],[-46.124,-22.892],[-45.78,-22.848],[-45.584,-22.616],[-45.412,-22.648],[-45.056,-22.464],[-44.832,-22.408],[-44.444,-22.256],[-44.216,-22.248],[-43.812,-22.064],[-43.132,-22.028],[-42.888,-21.96],[-42.28,-21.712],[-42.368,-21.592],[-42.22,-21.336],[-42.096,-20.924],[-41.864,-20.776],[-41.716,-20.208],[-41.404,-20.212],[-41.304,-19.952],[-41.184,-19.864],[-41.156,-19.66],[-40.956,-19.46],[-40.944,-19.144],[-41.052,-19.036],[-41.092,-18.828],[-41.004,-18.452],[-41.144,-18.296],[-40.912,-18.104],[-40.912,-17.972],[-40.428,-17.892],[-40.208,-17.98],[-40.208,-17.764],[-40.492,-17.548],[-40.576,-17.136],[-40.472,-16.868],[-40.296,-16.88],[-40.252,-16.564],[-40.136,-16.544],[-39.94,-16.312],[-39.864,-16.112],[-40.236,-15.82],[-40.536,-15.796],[-40.944,-15.672],[-41.156,-15.78],[-41.332,-15.716],[-41.36,-15.496],[-41.8,-15.108],[-42.088,-15.18],[-42.632,-14.94],[-42.952,-14.68],[-43.228,-14.636],[-43.492,-14.788],[-43.868,-14.66],[-43.836,-14.316],[-44.32,-14.244],[-44.564,-14.344],[-44.88,-14.6],[-45.224,-14.74],[-45.32,-14.856],[-45.552,-14.936],[-45.716,-15.124],[-46.04,-15.148],[-46.024,-14.868],[-46.296,-14.908],[-46.388,-14.772],[-46.58,-14.796],[-46.548,-15.04],[-46.892,-15.048],[-46.936,-15.432],[-46.832,-15.844],[-47.304,-16.04],[-47.348,-16.3],[-47.452,-16.492],[-47.268,-16.66],[-47.152,-16.976],[-47.5,-17.328],[-47.532,-17.456],[-47.288,-17.548],[-47.348,-17.88],[-47.276,-18.06],[-47.9,-18.448],[-48.216,-18.36],[-48.952,-18.328],[-49.132,-18.408],[-49.36,-18.624],[-49.488,-18.5],[-49.796,-18.624],[-49.992,-18.612],[-50.324,-18.716],[-50.96,-19.472],[-51.028,-19.756],[-50.992,-20.1]]]},"properties":{"id":"BR-MG"}},
{"type":"Feature","geometry":{"type":"Polygon","coordinates":[[[-50.236,-9.844],[-50.376,-10.104],[-50.636,-10.936],[-50.612,-11.032],[-50.744,-11.5],[-50.672,-12.192],[-50.612,-12.432],[-50.664,-12.632],[-50.484,-12.844],[-50.352,-12.544],[-50.136,-12.48],[-50.276,-12.788],[-50.24,-12.932],[-49.684,-13.176],[-49.384,-13.248],[-49.296,-13.004],[-49.06,-12.68],[-48.824,-12.872],[-48.768,-13.096],[-48.656,-13.176],[-48.172,-13.172],[-47.68,-13.356],[-47.72,-13.152],[-47.44,-13.248],[-47.092,-13.096],[-46.828,-13.068],[-46.648,-12.924],[-46.232,-12.796],[-46.16,-12.504],[-46.316,-12.424],[-46.34,-12.132],[-46.076,-11.928],[-46.244,-11.724],[-46.192,-11.544],[-46.428,-11.5],[-46.572,-11.316],[-46.372,-10.968],[-46.304,-10.76],[-45.856,-10.468],[-45.756,-10.332],[-45.948,-10.316],[-46.088,-10.208],[-46.348,-10.168],[-46.508,-9.856],[-46.66,-9.756],[-46.536,-9.556],[-46.752,-9.412],[-46.844,-9.168],[-47.064,-8.976],[-46.904,-8.832],[-46.88,-8.58],[-46.792,-8.436],[-46.544,-8.32],[-46.468,-8.068],[-46.572,-7.908],[-47.08,-7.976],[-47.312,-7.64],[-47.516,-7.444],[-47.512,-7.28],[-47.64,-7.16],[-47.512,-7.008],[-47.488,-6.7],[-47.372,-6.232],[-47.412,-5.868],[-47.536,-5.48],[-47.84,-5.384],[-47.864,-5.28],[-48.152,-5.256],[-48.336,-5.164],[-48.5,-5.188],[-48.724,-5.356],[-48.396,-5.392],[-48.144,-5.648],[-48.288,-5.728],[-48.224,-5.916],[-48.284,-6.096],[-48.428,-6.172],[-48.388,-6.364],[-48.608,-6.436],[-48.684,-6.664],[-49.012,-6.78],[-49.2,-6.904],[-49.184,-7.224],[-49.376,-7.5],[-49.308,-7.712],[-49.164,-7.804],[-49.2,-8.06],[-49.312,-8.384],[-49.38,-8.436],[-49.58,-8.832],[-49.756,-8.924],[-50.052,-9.32],[-50.152,-9.7],[-50.236,-9.844]]]},"properties":{"id":"BR-TO"}},
{"type":"Feature","geometry":{"type":"Polygon","coordinates":[[[149.348,-35.36],[149.104,-35.144],[148.824,-35.312],[148.792,-35.708],[148.948,-35.888],[149.108,-35.828],[149.088,-35.612],[149.188,-35.38],[149.348,-35.36]]]},"properties":{"id":"AU-ACT"}},
{"type":"Feature","geometry":{"type":"Polygon","coordinates":[[[16.484,48.288],[16.188,48.232],[16.232,48.148],[16.572,48.152],[16.484,48.288]]]},"properties":{"id":"AT-9"}},
{"type":"Feature","geometry":{"type":"Polygon","coordinates":[[[-59.66,-30.336],[-59.6,-30.012],[-59.664,-29.88],[-59.588,-29.412],[-59.512,-29.208],[-59.196,-29.024],[-59.1,-28.664],[-59.08,-28.156],[-58.864,-28],[-60.04,-28],[-61.708,-28],[-61.864,-28.916],[-62.088,-30.156],[-62.124,-30.456],[-61.864,-30.788],[-62.12,-31.608],[-62.224,-31.708],[-62.22,-32.14],[-61.916,-32.464],[-61.732,-32.828],[-61.764,-33],[-61.92,-33.116],[-62.852,-34.384],[-61.712,-34.376],[-60.964,-33.676],[-60.912,-33.564],[-60.468,-33.612],[-60.296,-33.256],[-60.496,-33.124],[-60.676,-32.848],[-60.764,-32.54],[-60.668,-32.048],[-60.724,-31.948],[-60.648,-31.716],[-60.416,-31.672],[-60.096,-31.352],[-59.66,-30.736],[-59.66,-30.336]]]},"properties":{"id":"AR-S"}},
{"type":"Feature","geometry":{"type":"Polygon","coordinates":[[[-66.052,-26.252],[-66.156,-26.496],[-65.852,-26.724],[-65.872,-26.916],[-66.192,-27.308],[-65.988,-27.428],[-65.928,-27.656],[-65.712,-27.808],[-65.572,-28.052],[-65.332,-27.864],[-65.168,-27.908],[-65,-27.764],[-65.064,-27.472],[-64.88,-27.308],[-64.676,-26.804],[-64.504,-26.684],[-64.488,-26.22],[-64.768,-26.212],[-64.968,-26.268],[-65.664,-26.076],[-65.712,-26.296],[-66.052,-26.252]]]},"properties":{"id":"AR-T"}},
{"type":"Feature","geometry":{"type":"Polygon","coordinates":[[[-64.488,-26.22],[-64.504,-26.684],[-64.676,-26.804],[-64.88,-27.308],[-65.064,-27.472],[-65,-27.764],[-65.168,-27.908],[-65.08,-28.276],[-65.104,-28.696],[-65.036,-29.292],[-64.884,-29.556],[-64.296,-29.424],[-63.808,-29.648],[-63.464,-29.656],[-63.364,-29.772],[-62.288,-29.776],[-62.088,-30.156],[-61.864,-28.916],[-61.708,-28],[-61.708,-26.792],[-61.724,-25.744],[-61.752,-25.66],[-63.4,-25.66],[-63.924,-25.652],[-64.212,-25.604],[-64.488,-26.22]]]},"properties":{"id":"AR-G"}},
{"type":"Feature","geometry":{"type":"Polygon","coordinates":[[[-66.732,-31.876],[-67.344,-31.848],[-67.392,-32.264],[-67.192,-32.76],[-67.228,-32.916],[-67.144,-33.452],[-66.928,-33.836],[-66.748,-34.064],[-66.82,-34.228],[-66.736,-34.616],[-66.572,-34.852],[-66.508,-35.14],[-66.524,-35.516],[-66.616,-36],[-65.088,-36],[-65.088,-35],[-65.088,-33.964],[-65.132,-33.204],[-65.004,-32.984],[-64.876,-32.544],[-64.944,-32.292],[-65.176,-32.328],[-65.256,-32.112],[-65.588,-31.916],[-65.76,-31.884],[-66.216,-31.924],[-66.732,-31.876]]]},"properties":{"id":"AR-D"}},
{"type":"Feature","geometry":{"type":"Polygon","coordinates":[[[-68.248,-37.556],[-67.852,-37.6],[-67.712,-37.78],[-67.844,-38.056],[-67.556,-38.26],[-67.176,-38.224],[-67.068,-38.408],[-66.648,-38.556],[-66.56,-38.7],[-65.96,-38.744],[-65.368,-38.84],[-65.116,-38.804],[-64.472,-38.852],[-63.996,-39.008],[-63.48,-39.32],[-63.388,-39.324],[-63.388,-37.78],[-63.388,-35.984],[-63.384,-35.004],[-65.088,-35],[-65.088,-36],[-66.616,-36],[-68.248,-36],[-68.248,-37.556]]]},"properties":{"id":"AR-L"}},
{"type":"Feature","geometry":{"type":"Polygon","coordinates":[[[-65.4,-30.14],[-65.52,-30.404],[-65.768,-31.096],[-65.76,-31.884],[-65.588,-31.916],[-65.256,-32.112],[-65.176,-32.328],[-64.944,-32.292],[-64.876,-32.544],[-65.004,-32.984],[-65.132,-33.204],[-65.088,-33.964],[-65.088,-35],[-63.384,-35.004],[-63.372,-34.412],[-62.852,-34.384],[-61.92,-33.116],[-61.764,-33],[-61.732,-32.828],[-61.916,-32.464],[-62.22,-32.14],[-62.224,-31.708],[-62.12,-31.608],[-61.864,-30.788],[-62.124,-30.456],[-62.088,-30.156],[-62.288,-29.776],[-63.364,-29.772],[-63.464,-29.656],[-63.808,-29.648],[-64.296,-29.424],[-64.884,-29.556],[-64.96,-29.612],[-64.944,-29.88],[-65.14,-30.064],[-65.4,-30.14]]]},"properties":{"id":"AR-X"}},
{"type":"Feature","geometry":{"type":"Polygon","coordinates":[[[28.968,39.588],[28.812,39.292],[28.66,39.156],[28.908,39.06],[29.032,38.732],[29.528,38.764],[29.84,38.852],[29.888,38.708],[30.096,38.804],[30.252,39.08],[30.44,39.208],[30.284,39.508],[30.136,39.64],[29.944,39.608],[29.716,39.708],[29.676,39.908],[29.4,39.896],[29.248,39.58],[28.968,39.588]]]},"properties":{"id":"TR-43"}},
{"type":"Feature","geometry":{"type":"Polygon","coordinates":[[[32.456,36.672],[32.712,36.856],[32.628,37.076],[33.012,37.46],[33.412,37.512],[33.64,37.648],[34.056,37.284],[34.148,37.156],[34.512,37.352],[34.388,37.488],[34.444,37.716],[34.16,38.004],[33.456,37.932],[33.264,38.204],[33.368,38.532],[33.468,38.644],[33.368,38.8],[33.32,39.12],[33.064,39.224],[32.676,39.032],[32.48,38.996],[32.128,39.036],[31.86,39.172],[31.696,39.092],[31.716,38.928],[31.596,38.668],[31.256,38.424],[31.62,38.104],[31.448,38.004],[31.452,37.78],[31.328,37.64],[31.332,37.424],[31.416,37.356],[31.816,37.3],[32.324,36.96],[32.456,36.672]]]},"properties":{"id":"TR-42"}},
{"type":"Feature","geometry":{"type":"Polygon","coordinates":[[[32.652,36.44],[33.052,36.468],[33.16,36.62],[32.98,36.804],[33.372,36.988],[33.872,37.056],[34.148,37.156],[34.056,37.284],[33.64,37.648],[33.412,37.512],[33.012,37.46],[32.628,37.076],[32.712,36.856],[32.456,36.672],[32.652,36.44]]]},"properties":{"id":"TR-70"}},
{"type":"Feature","geometry":{"type":"Polygon","coordinates":[[[34.792,37.388],[34.86,37.716],[35.192,37.82],[35.204,38.176],[35.044,38.18],[34.916,38.38],[34.488,38.388],[34.16,38.004],[34.444,37.716],[34.388,37.488],[34.512,37.352],[34.792,37.388]]]},"properties":{"id":"TR-51"}},
{"type":"Feature","geometry":{"type":"Polygon","coordinates":[[[36.504,38.324],[36.748,38.6],[36.936,39.044],[36.9,39.132],[36.112,39.204],[35.82,39.336],[35.736,39.244],[35.256,39.012],[35.028,39.04],[34.952,38.848],[35.072,38.564],[34.916,38.38],[35.044,38.18],[35.204,38.176],[35.192,37.82],[35.628,37.772],[35.608,37.952],[35.98,38.156],[36.144,38.396],[36.4,38.456],[36.504,38.324]]]},"properties":{"id":"TR-38"}},
{"type":"Feature","geometry":{"type":"Polygon","coordinates":[[[31.332,37.424],[31.328,37.64],[31.452,37.78],[31.448,38.004],[31.62,38.104],[31.256,38.424],[31.1,38.516],[30.78,38.276],[30.532,38.192],[30.016,37.776],[30.336,37.848],[30.708,37.672],[30.936,37.38],[31.332,37.424]]]},"properties":{"id":"TR-32"}},
{"type":"Feature","geometry":{"type":"Polygon","coordinates":[[[27.42,39.38],[27.536,39.04],[27.328,38.924],[27.228,38.736],[27.38,38.576],[27.9,38.344],[28.448,38.288],[28.564,38.108],[28.7,38.104],[28.932,38.256],[28.916,38.652],[29.032,38.732],[28.908,39.06],[28.66,39.156],[28.124,39.064],[27.872,39.344],[27.42,39.38]]]},"properties":{"id":"TR-45"}},
{"type":"Feature","geometry":{"type":"Polygon","coordinates":[[[28.608,37.476],[28.812,37.232],[29.06,37.104],[29.272,36.912],[29.392,37.068],[29.584,37.408],[29.54,37.576],[29.844,37.76],[29.664,37.956],[30.012,38.168],[29.892,38.424],[29.752,38.452],[29.628,38.308],[29.22,38.212],[28.932,38.256],[28.7,38.104],[28.772,37.844],[28.9,37.708],[28.608,37.476]]]},"properties":{"id":"TR-20"}},
{"type":"Feature","geometry":{"type":"Polygon","coordinates":[[[29.688,36.916],[29.908,37.172],[30.296,37.304],[30.44,37.232],[30.784,37.236],[30.936,37.38],[30.708,37.672],[30.336,37.848],[30.016,37.776],[29.844,37.76],[29.54,37.576],[29.584,37.408],[29.392,37.068],[29.688,36.916]]]},"properties":{"id":"TR-15"}},
{"type":"Feature","geometry":{"type":"Polygon","coordinates":[[[33.468,38.644],[33.368,38.532],[33.264,38.204],[33.456,37.932],[34.16,38.004],[34.488,38.388],[34.388,38.572],[34.22,38.652],[34.236,38.928],[33.932,39],[33.932,38.792],[33.468,38.644]]]},"properties":{"id":"TR-68"}},
{"type":"Feature","geometry":{"type":"Polygon","coordinates":[[[34.916,38.38],[35.072,38.564],[34.952,38.848],[35.028,39.04],[34.972,39.188],[34.736,39.4],[34.592,39.372],[34.672,39.112],[34.236,38.928],[34.22,38.652],[34.388,38.572],[34.488,38.388],[34.916,38.38]]]},"properties":{"id":"TR-50"}},
{"type":"Feature","geometry":{"type":"Polygon","coordinates":[[[35.508,40.188],[35.328,40.236],[35.176,40.104],[34.792,39.996],[34.46,40],[34.052,39.908],[34.072,39.824],[34.396,39.7],[34.736,39.4],[34.972,39.188],[35.028,39.04],[35.256,39.012],[35.736,39.244],[35.82,39.336],[36.212,39.724],[36.088,39.924],[36.008,40.116],[35.656,40.088],[35.508,40.188]]]},"properties":{"id":"TR-66"}},
{"type":"Feature","geometry":{"type":"Polygon","coordinates":[[[33.932,39],[34.236,38.928],[34.672,39.112],[34.592,39.372],[34.736,39.4],[34.396,39.7],[34.072,39.824],[33.524,39.268],[33.932,39]]]},"properties":{"id":"TR-40"}},
{"type":"Feature","geometry":{"type":"Polygon","coordinates":[[[29.032,38.732],[28.916,38.652],[28.932,38.256],[29.22,38.212],[29.628,38.308],[29.752,38.452],[29.888,38.708],[29.84,38.852],[29.528,38.764],[29.032,38.732]]]},"properties":{"id":"TR-64"}},
{"type":"Feature","geometry":{"type":"Polygon","coordinates":[[[38.76,40.056],[38.736,39.964],[38.408,39.952],[38.356,39.528],[38.36,39.152],[38.688,39.024],[38.744,39.036],[38.836,39.34],[39.32,39.5],[39.704,39.5],[40.184,39.584],[40.556,39.548],[40.62,39.532],[40.68,39.688],[40.28,40.048],[39.868,40.016],[39.624,39.892],[39.384,39.892],[38.932,40.072],[38.76,40.056]]]},"properties":{"id":"TR-24"}},
{"type":"Feature","geometry":{"type":"Polygon","coordinates":[[[38.744,39.036],[38.812,38.876],[39,38.896],[39.476,38.764],[39.852,38.896],[40.016,39.096],[40.04,39.34],[40.556,39.548],[40.184,39.584],[39.704,39.5],[39.32,39.5],[38.836,39.34],[38.744,39.036]]]},"properties":{"id":"TR-62"}},
{"type":"Feature","geometry":{"type":"Polygon","coordinates":[[[30.44,39.208],[30.252,39.08],[30.096,38.804],[29.888,38.708],[29.752,38.452],[29.892,38.424],[30.012,38.168],[29.664,37.956],[29.844,37.76],[30.016,37.776],[30.532,38.192],[30.78,38.276],[31.1,38.516],[31.256,38.424],[31.596,38.668],[31.716,38.928],[31.696,39.092],[31.452,39.092],[31.256,39.28],[30.964,39.156],[30.62,39.088],[30.44,39.208]]]},"properties":{"id":"TR-03"}},
{"type":"Feature","geometry":{"type":"Polygon","coordinates":[[[33.524,39.268],[34.072,39.824],[34.052,39.908],[34.096,40.024],[33.964,40.264],[33.596,40.34],[33.564,40.016],[33.372,39.98],[33.272,39.728],[33.524,39.268]]]},"properties":{"id":"TR-71"}},
{"type":"Feature","geometry":{"type":"Polygon","coordinates":[[[37.624,37.52],[37.424,37.696],[37.564,37.82],[37.784,38.28],[37.732,38.348],[37.224,38.528],[37.284,38.604],[36.748,38.6],[36.504,38.324],[36.42,38.22],[36.28,37.668],[36.22,37.508],[36.304,37.348],[36.552,37.388],[36.72,37.272],[36.936,37.344],[37.136,37.308],[37.616,37.416],[37.624,37.52]]]},"properties":{"id":"TR-46"}},
{"type":"Feature","geometry":{"type":"Polygon","coordinates":[[[42.432,39.492],[42.2,39.428],[42.156,39.3],[41.836,39.168],[41.664,39.2],[41.444,39.372],[41.204,39.364],[41.272,39.116],[41.164,38.888],[41.26,38.74],[41.42,38.536],[41.532,38.556],[41.868,38.604],[42,38.796],[42.312,38.944],[42.628,39.004],[42.64,39.236],[42.432,39.492]]]},"properties":{"id":"TR-49"}},
{"type":"Feature","geometry":{"type":"Polygon","coordinates":[[[42.28,40.924],[42.024,40.912],[41.82,40.588],[41.656,40.64],[41.4,40.556],[41.364,40.756],[41.128,40.812],[40.792,40.628],[40.488,40.544],[40.576,40.284],[40.748,40.148],[40.48,40.036],[40.28,40.048],[40.68,39.688],[40.62,39.532],[40.856,39.58],[41.204,39.364],[41.444,39.372],[41.664,39.2],[41.836,39.168],[42.156,39.3],[42.2,39.428],[42.432,39.492],[42.564,39.952],[42.232,40.16],[42.18,40.296],[42.54,40.432],[42.536,40.6],[42.28,40.924]]]},"properties":{"id":"TR-25"}},
{"type":"Feature","geometry":{"type":"Polygon","coordinates":[[[37.284,38.604],[37.224,38.528],[37.732,38.348],[37.784,38.28],[37.564,37.82],[38.128,37.904],[38.432,38.216],[38.804,38.092],[39.116,38.192],[39.116,38.344],[38.812,38.44],[38.48,38.476],[38.348,38.596],[38.62,38.748],[38.688,39.024],[38.36,39.152],[37.552,38.968],[37.596,38.836],[37.284,38.604]]]},"properties":{"id":"TR-44"}},
{"type":"Feature","geometry":{"type":"Polygon","coordinates":[[[38.688,39.024],[38.62,38.748],[38.348,38.596],[38.48,38.476],[38.812,38.44],[39.116,38.344],[39.42,38.34],[39.968,38.468],[40.3,38.476],[40.232,38.632],[40.384,38.824],[40.304,38.916],[40.36,39.228],[40.016,39.096],[39.852,38.896],[39.476,38.764],[39,38.896],[38.812,38.876],[38.744,39.036],[38.688,39.024]]]},"properties":{"id":"TR-23"}},
{"type":"Feature","geometry":{"type":"Polygon","coordinates":[[[42.628,39.004],[42.312,38.944],[42,38.796],[41.868,38.604],[41.532,38.556],[41.676,38.22],[42.06,38.228],[42.668,37.944],[42.788,38.18],[42.68,38.404],[42.876,38.544],[43.16,38.872],[42.972,39.104],[42.628,39.004]]]},"properties":{"id":"TR-13"}},
{"type":"Feature","geometry":{"type":"Polygon","coordinates":[[[40.556,39.548],[40.04,39.34],[40.016,39.096],[40.36,39.228],[40.304,38.916],[40.384,38.824],[40.232,38.632],[40.3,38.476],[40.644,38.62],[40.9,38.6],[41.26,38.74],[41.164,38.888],[41.272,39.116],[41.204,39.364],[40.856,39.58],[40.62,39.532],[40.556,39.548]]]},"properties":{"id":"TR-12"}},
{"type":"Feature","geometry":{"type":"Polygon","coordinates":[[[36.72,37.272],[36.552,37.388],[36.304,37.348],[36.22,37.508],[36.28,37.668],[36.112,37.664],[35.94,37.368],[36.06,37.008],[36.452,36.96],[36.72,37.272]]]},"properties":{"id":"TR-80"}},
{"type":"Feature","geometry":{"type":"Polygon","coordinates":[[[39.188,38.044],[39.116,38.192],[38.804,38.092],[38.432,38.216],[38.128,37.904],[37.564,37.82],[37.424,37.696],[37.624,37.52],[37.844,37.536],[38.04,37.444],[38.516,37.512],[38.644,37.624],[38.868,37.652],[39.06,37.988],[39.188,38.044]]]},"properties":{"id":"TR-02"}},
{"type":"Feature","geometry":{"type":"Polygon","coordinates":[[[41.076,37.764],[41.036,37.864],[41.216,38.116],[41.272,38.452],[41.42,38.536],[41.26,38.74],[40.9,38.6],[40.644,38.62],[40.3,38.476],[39.968,38.468],[39.42,38.34],[39.116,38.344],[39.116,38.192],[39.188,38.044],[39.464,37.976],[39.864,37.776],[39.884,37.552],[40,37.376],[40.096,37.476],[40.552,37.728],[41.076,37.764]]]},"properties":{"id":"TR-21"}},
{"type":"Feature","geometry":{"type":"Polygon","coordinates":[[[41.816,37.712],[41.42,37.944],[41.676,38.22],[41.532,38.556],[41.42,38.536],[41.272,38.452],[41.216,38.116],[41.036,37.864],[41.076,37.764],[41.26,37.572],[41.52,37.544],[41.816,37.712]]]},"properties":{"id":"TR-72"}},
{"type":"Feature","geometry":{"type":"Polygon","coordinates":[[[43.024,37.732],[43.016,38.152],[42.788,38.18],[42.668,37.944],[42.06,38.228],[41.676,38.22],[41.42,37.944],[41.816,37.712],[42.156,37.648],[42.236,37.708],[42.952,37.624],[43.024,37.732]]]},"properties":{"id":"TR-56"}},
{"type":"Feature","geometry":{"type":"Polygon","coordinates":[[[39.832,40.56],[39.868,40.016],[40.28,40.048],[40.48,40.036],[40.748,40.148],[40.576,40.284],[40.488,40.544],[40.184,40.512],[39.832,40.56]]]},"properties":{"id":"TR-69"}},
{"type":"Feature","geometry":{"type":"Polygon","coordinates":[[[39.144,40.772],[38.908,40.688],[38.844,40.48],[38.932,40.072],[39.384,39.892],[39.624,39.892],[39.868,40.016],[39.832,40.56],[39.58,40.588],[39.144,40.772]]]},"properties":{"id":"TR-29"}},
{"type":"Feature","geometry":{"type":"Polygon","coordinates":[[[59.028,56.168],[58.748,56.064],[57.804,56.152],[57.536,56.1],[57.408,56.328],[57.212,56.184],[56.864,56.108],[56.404,56.388],[56.072,56.288],[55.876,56.436],[55.448,56.34],[54.968,56.32],[54.532,56.516],[54.352,56.36],[54.344,56.252],[54.048,56.056],[53.632,55.908],[53.976,55.852],[54.176,55.708],[53.892,55.38],[53.592,55.212],[53.148,55.148],[53.42,54.984],[53.608,54.728],[53.348,54.38],[53.472,54.044],[53.656,53.752],[53.876,53.66],[54.108,53.416],[54.52,53.36],[54.664,53.236],[54.928,53.22],[55.16,52.824],[55.408,52.836],[55.544,52.384],[55.776,52.344],[56.076,52.604],[56.364,52.524],[56.496,52.16],[56.684,52.044],[56.608,51.828],[56.78,51.592],[57.036,51.66],[57.208,51.576],[57.652,51.864],[58.236,51.74],[58.576,51.792],[58.608,52.18],[58.856,52.264],[58.828,52.432],[58.724,52.644],[58.9,53.064],[58.868,53.5],[58.908,53.86],[59.344,54.184],[59.8,54.244],[59.68,54.5],[59.976,54.8],[59.612,54.868],[59.228,54.612],[59.06,54.632],[58.612,54.472],[58.364,54.548],[57.972,54.392],[57.74,54.584],[57.164,54.82],[57.136,55.092],[57.264,55.26],[57.516,55.336],[58.032,55.276],[58.62,54.948],[58.816,55.024],[58.872,55.324],[59.16,55.332],[59.256,55.616],[59.164,55.788],[59.268,56.048],[59.028,56.168]]]},"properties":{"id":"RU-BA"}},
{"type":"Feature","geometry":{"type":"Polygon","coordinates":[[[65.936,58.616],[65.668,58.664],[65.384,58.92],[65.184,59.224],[65,59.336],[63.824,59.476],[63.796,59.792],[63.588,60.156],[63.22,60.3],[62.88,60.64],[62.76,60.86],[62.86,61],[62.42,61.304],[61.9,61.432],[61.164,61.684],[60.432,61.748],[60.056,61.72],[59.984,61.904],[59.484,61.992],[59.348,61.684],[59.428,61.508],[59.26,61.224],[59.468,60.808],[59.188,60.276],[58.804,59.864],[58.404,59.552],[58.668,59.292],[59.176,59.148],[59.084,58.768],[59.388,58.704],[59.456,58.492],[59.204,58.304],[58.68,58.108],[58.604,57.996],[58.828,57.728],[58.58,57.596],[58.268,57.668],[57.996,57.476],[58.028,57.1],[57.56,56.888],[57.22,56.852],[57.356,56.68],[57.408,56.328],[57.536,56.1],[57.804,56.152],[58.748,56.064],[59.028,56.168],[59.124,56.316],[59.7,56.308],[60.24,56.208],[60.752,56.236],[61.384,56.368],[62.072,56.132],[62.084,56.292],[62.332,56.468],[63,56.596],[63.448,56.608],[63.768,56.508],[64.172,56.468],[64.336,56.752],[64.824,56.84],[64.996,56.768],[64.992,57.22],[64.84,57.64],[66.196,58.032],[66,58.296],[65.936,58.616]]]},"properties":{"id":"RU-SVE"}},
{"type":"Feature","geometry":{"type":"Polygon","coordinates":[[[75.16,58.652],[75.64,58.984],[75.628,59.236],[76.172,59.544],[76.644,59.584],[76.74,59.756],[76.848,60.268],[76.78,60.452],[77.136,60.856],[78.808,60.78],[79.168,60.836],[79.36,60.664],[80.164,60.664],[80.724,60.796],[81.14,60.636],[81.832,60.644],[82.14,60.532],[82.408,60.724],[83.144,61.028],[83.504,61.048],[83.996,60.828],[84.26,60.856],[84.648,61],[85.672,61.288],[85.956,61.552],[85.48,61.628],[84.52,61.944],[84.436,62.176],[83.8,62.56],[83.312,62.456],[83.032,62.528],[82.732,62.756],[82.072,62.8],[81.84,62.692],[81.348,62.82],[81.076,63.116],[80.576,63.02],[79.916,62.792],[79.82,62.604],[78.792,62.616],[77.968,62.476],[77.328,62.712],[77.028,62.976],[76.24,63.02],[75.804,63.112],[74.916,63.032],[74.508,63.044],[74.24,63.172],[73.368,63.208],[73.104,63.436],[72.656,63.28],[72.16,63.3],[71.608,63.184],[71.568,63.552],[71.388,63.676],[70.912,63.692],[70.568,64.016],[70.768,64.192],[70.308,64.344],[70,64.316],[69.244,64.464],[68.812,64.22],[68.424,64.296],[68.18,64.176],[67.68,64.08],[67.28,64.08],[66.82,64.224],[66.936,64.488],[66.148,64.584],[65.4,64.572],[65.176,64.444],[64.624,64.44],[63.612,64.268],[63.216,64.524],[62.7,64.492],[62.804,64.728],[62.68,64.88],[62.816,65.292],[62.516,65.34],[62.28,65.624],[62.02,65.716],[61.512,65.5],[61.24,65.192],[60.676,64.912],[60.148,65.064],[59.648,64.772],[59.484,64.496],[59.588,64.232],[59.84,64.08],[59.584,63.94],[59.492,63.612],[59.292,63.344],[59.28,62.972],[59.396,62.732],[59.644,62.512],[59.404,62.108],[59.484,61.992],[59.984,61.904],[60.056,61.72],[60.432,61.748],[61.164,61.684],[61.9,61.432],[62.42,61.304],[62.86,61],[62.76,60.86],[62.88,60.64],[63.22,60.3],[63.588,60.156],[63.796,59.792],[63.824,59.476],[65,59.336],[65.184,59.224],[65.384,58.92],[65.668,58.664],[65.936,58.616],[66.38,58.588],[66.74,58.668],[66.772,58.928],[67.072,58.924],[67.744,59.212],[68.36,59.284],[68.544,59.552],[69.616,59.904],[70.156,59.9],[70.4,59.816],[70.796,59.864],[71.296,59.8],[72,59.564],[72.656,59.108],[72.976,59.1],[73.032,58.864],[73.62,58.852],[74.1,58.74],[74.744,58.748],[75.16,58.652]]]},"properties":{"id":"RU-KHM"}},
{"type":"Feature","geometry":{"type":"Polygon","coordinates":[[[38.3,51.96],[38.696,52.096],[38.996,52],[39.184,52.1],[39.496,51.972],[40.504,51.952],[40.696,52.268],[40.332,52.404],[39.952,52.656],[40.08,52.804],[40.16,53.344],[39.916,53.416],[39.74,53.588],[39.416,53.412],[39.16,53.396],[38.896,53.564],[38.76,53.384],[38.476,53.312],[38.632,53.124],[38.308,52.976],[38.108,53.06],[37.84,53.008],[37.728,52.596],[38.04,52.344],[37.776,52.16],[37.748,52.016],[37.996,51.88],[38.3,51.96]]]},"properties":{"id":"RU-LIP"}},
{"type":"Feature","geometry":{"type":"Polygon","coordinates":[[[42.488,51.608],[42.804,52.012],[42.752,52.172],[43.08,52.404],[43.04,52.56],[43.236,52.66],[42.904,52.968],[42.748,53.024],[42.092,53.54],[42.136,53.812],[41.4,53.784],[41.352,53.556],[41.176,53.432],[40.74,53.56],[40.16,53.344],[40.08,52.804],[39.952,52.656],[40.332,52.404],[40.696,52.268],[40.504,51.952],[40.936,51.892],[41.068,51.712],[41.312,51.792],[41.952,51.656],[42.248,51.696],[42.488,51.608]]]},"properties":{"id":"RU-TAM"}},
{"type":"Feature","geometry":{"type":"Polygon","coordinates":[[[75.104,58.58],[75.092,58.112],[75.544,57.94],[75.58,57.676],[76.108,57.252],[76.92,57.188],[78.444,57.16],[78.448,57.12],[79.588,56.928],[80.248,56.456],[81.124,56.532],[81.556,56.26],[82.828,56.44],[83.096,56.548],[83.352,55.968],[83.224,55.736],[83.568,55.692],[83.952,56.004],[84.412,56.044],[85.608,56.324],[86.112,56.496],[86.708,56.632],[87.128,56.54],[87.62,56.64],[87.78,56.548],[88.42,56.828],[88.624,56.832],[88.728,57.224],[88.86,57.432],[89.168,57.616],[89.38,57.636],[89.328,57.952],[88.852,57.96],[88.156,58.108],[87.932,58.528],[88.384,58.908],[88.824,59.036],[88.584,59.3],[87.936,59.268],[87.552,59.64],[87.212,59.684],[87.084,59.884],[86.624,59.952],[85.968,59.956],[85.496,59.892],[84.692,59.904],[84.532,59.976],[84.78,60.356],[84.26,60.856],[83.996,60.828],[83.504,61.048],[83.144,61.028],[82.408,60.724],[82.14,60.532],[81.832,60.644],[81.14,60.636],[80.724,60.796],[80.164,60.664],[79.36,60.664],[79.168,60.836],[78.808,60.78],[77.136,60.856],[76.78,60.452],[76.848,60.268],[76.74,59.756],[76.644,59.584],[76.172,59.544],[75.628,59.236],[75.64,58.984],[75.16,58.652],[75.104,58.58]]]},"properties":{"id":"RU-TOM"}},
{"type":"Feature","geometry":{"type":"Polygon","coordinates":[[[53.472,54.044],[53.348,54.38],[53.608,54.728],[53.42,54.984],[53.148,55.148],[53.592,55.212],[53.892,55.38],[54.176,55.708],[53.976,55.852],[53.632,55.908],[53.276,55.936],[53.272,56.084],[52.96,56.252],[52.656,56.016],[52.196,56.076],[52.064,55.896],[51.4,55.992],[51.436,56.144],[51.072,56.132],[50.588,56.368],[50.348,56.668],[50.072,56.624],[49.016,56.232],[48.696,55.964],[48.412,55.828],[48.024,55.632],[47.836,55.344],[48.016,55.276],[47.996,54.968],[47.728,54.832],[47.488,54.856],[47.24,54.676],[47.368,54.528],[47.636,54.564],[47.752,54.732],[48.084,54.768],[48.468,54.636],[48.828,54.648],[49.292,54.884],[49.616,54.564],[50.076,54.516],[50.696,54.428],[51.168,54.636],[51.936,54.528],[52.1,54.388],[52.54,54.376],[53,54.272],[53.14,54.076],[53.472,54.044]]]},"properties":{"id":"RU-TA"}},
{"type":"Feature","geometry":{"type":"Polygon","coordinates":[[[48.436,52.78],[48.52,52.98],[48.22,53],[48.036,53.316],[48.056,53.476],[48.492,53.772],[48.876,53.716],[49.028,53.856],[49.624,53.816],[50.196,54.04],[50.256,54.304],[50.076,54.516],[49.616,54.564],[49.292,54.884],[48.828,54.648],[48.468,54.636],[48.084,54.768],[47.752,54.732],[47.636,54.564],[47.368,54.528],[47.24,54.676],[46.868,54.632],[46.44,54.772],[46.544,54.408],[46.38,54.232],[46.02,54.188],[45.792,54.004],[45.956,54.004],[46.468,53.656],[46.492,53.512],[46.904,53.336],[46.984,52.772],[46.832,52.616],[47.06,52.572],[47.732,52.588],[47.776,52.68],[48.252,52.812],[48.436,52.78]]]},"properties":{"id":"RU-ULY"}},
{"type":"Feature","geometry":{"type":"Polygon","coordinates":[[[46.832,52.616],[46.984,52.772],[46.904,53.336],[46.492,53.512],[46.468,53.656],[45.956,54.004],[45.792,54.004],[45.34,53.884],[45.176,53.98],[44.616,53.892],[44.532,53.664],[44.1,53.736],[43.752,53.964],[43.18,54],[43.172,53.84],[42.632,53.808],[42.308,53.848],[42.136,53.812],[42.092,53.54],[42.748,53.024],[42.904,52.968],[43.236,52.66],[43.04,52.56],[43.08,52.404],[43.748,52.432],[44.348,52.316],[44.5,52.52],[44.908,52.376],[45.432,52.4],[45.644,52.52],[45.972,52.484],[46.288,52.672],[46.832,52.616]]]},"properties":{"id":"RU-PNZ"}},
{"type":"Feature","geometry":{"type":"Polygon","coordinates":[[[88.364,52.168],[89.116,52.628],[89.236,52.812],[88.896,52.988],[89.052,53.248],[88.832,53.584],[89.26,53.836],[88.98,54.064],[89.188,54.148],[89.128,54.352],[88.52,54.416],[88.612,54.696],[88.752,54.804],[88.396,55.28],[88.608,55.444],[89.06,55.692],[89.364,55.772],[89.2,56.136],[88.592,56.444],[88.516,56.628],[88.624,56.832],[88.42,56.828],[87.78,56.548],[87.62,56.64],[87.128,56.54],[86.708,56.632],[86.112,56.496],[85.608,56.324],[84.412,56.044],[84.568,55.96],[84.564,55.708],[84.772,55.54],[84.732,55.392],[84.916,55.164],[84.884,54.984],[85.076,54.868],[84.948,54.604],[85.08,54.468],[85.436,54.212],[85.576,54.232],[86.116,54],[86.404,53.752],[86.456,53.616],[86.984,53.408],[86.704,53.196],[87.076,53.076],[86.944,52.864],[87.172,52.612],[87.636,52.448],[87.924,52.548],[88.2,52.416],[88.412,52.456],[88.364,52.168]]]},"properties":{"id":"RU-KEM"}},
{"type":"Feature","geometry":{"type":"Polygon","coordinates":[[[34.896,52.352],[35.396,52.416],[35.892,52.276],[36.356,52.364],[36.552,52.216],[37.16,52.072],[37.352,51.936],[37.748,52.016],[37.776,52.16],[38.04,52.344],[37.728,52.596],[37.84,53.008],[37.56,53.168],[36.808,53.296],[36.668,53.416],[36.4,53.428],[36.008,53.62],[35.636,53.544],[35.356,53.284],[35.104,53.312],[35.156,52.968],[34.804,52.868],[35.092,52.696],[34.896,52.352]]]},"properties":{"id":"RU-ORL"}},
{"type":"Feature","geometry":{"type":"Polygon","coordinates":[[[115.712,56.964],[116.124,56.812],[116.36,56.848],[116.816,56.728],[117.18,56.864],[117.572,56.852],[117.672,56.976],[117.14,57.668],[117.312,57.848],[117.472,58.304],[117.684,58.396],[118.144,58.384],[118.632,58.176],[119.108,58.224],[119.132,58.472],[118.82,58.576],[118.892,58.816],[118.688,59.192],[118.732,59.42],[118.06,59.584],[117.596,59.472],[117.088,59.588],[117.228,59.8],[116.956,60.168],[116.584,60.36],[116.076,60.408],[115.688,60.528],[115.112,60.396],[114.696,60.22],[114.544,59.984],[114.032,59.68],[113.436,59.404],[113.464,59.268],[112.556,59.032],[112.436,59.328],[112.216,59.5],[111.932,59.272],[111.472,59.268],[111.164,59.188],[110.712,59.26],[110.472,59.032],[110.12,58.98],[109.636,59.064],[109.5,59.296],[109.268,59.448],[109.516,59.628],[109.504,59.764],[109.764,60.028],[109.696,60.128],[109.916,60.452],[110.268,60.7],[110.48,61.16],[110.168,61.164],[109.792,61.324],[109.852,61.556],[109.596,61.872],[110,62.164],[109.92,62.408],[109.304,62.484],[109.616,62.872],[109.452,63.148],[109.052,63.548],[108.548,63.6],[108.16,63.564],[108.28,63.796],[108.688,63.796],[108.736,63.976],[108.468,64.28],[108.028,64.224],[108.264,63.996],[107.204,63.956],[106.792,63.844],[106.368,63.272],[106.404,63.112],[106.124,63.048],[106.724,62.588],[106.48,62.328],[106.404,62.032],[105.904,61.836],[105.94,61.684],[104.904,61.368],[104.836,61.176],[104.46,60.84],[104.676,60.4],[104.888,60.3],[105.476,60.252],[105.484,60.02],[104.8,59.692],[104.984,59.46],[105.224,59.428],[105.352,59.108],[104.76,58.82],[104.788,58.668],[103.948,58.772],[103.888,58.904],[103.376,59.036],[103.24,59.284],[103,59.316],[102.456,59.152],[102.52,58.728],[102.16,58.516],[101.772,58.452],[101.532,58.224],[101.296,58.22],[101.136,57.984],[100.8,57.672],[100.956,57.556],[100.716,57.412],[100.42,57.54],[100.016,58.08],[99.704,58.084],[99.412,57.796],[98.96,57.724],[98.768,57.792],[97.936,57.812],[97.356,57.06],[97.468,56.828],[97.764,56.788],[97.84,56.392],[97.592,56.388],[97.564,56.188],[97.352,56.052],[97.124,56.1],[96.752,55.652],[96.92,55.328],[96.72,55.264],[96.712,54.928],[96.496,54.512],[96.04,54.56],[95.68,54.236],[96.08,54.064],[96.504,53.684],[96.684,53.64],[96.876,53.728],[97.328,53.596],[97.448,53.46],[97.972,53.352],[98.28,53.224],[98.304,53.104],[98.696,53.156],[99.248,52.952],[99.38,53.112],[99.692,53.132],[99.88,53.3],[100.26,53.376],[100.364,53.136],[100.608,52.944],[101.476,52.572],[102.044,52.212],[102.188,52.276],[102.544,52.228],[102.776,51.984],[103.22,51.788],[103.18,51.62],[103.336,51.436],[103.576,51.48],[103.82,51.388],[103.812,51.132],[104.212,51.28],[104.608,51.268],[104.648,51.624],[105.124,51.732],[105.752,52.032],[106.2,52.44],[108.04,53.192],[108.424,53.784],[109.008,54.424],[108.672,54.548],[108.692,55.064],[108.784,55.168],[108.624,55.456],[108.992,56.04],[108.8,56.256],[108.556,56.344],[108.72,56.5],[109.412,56.736],[109.78,56.712],[109.988,56.968],[111.132,56.816],[111.364,56.896],[111.464,57.104],[111.856,56.912],[112.108,56.944],[112.764,56.752],[113.356,56.628],[113.548,56.672],[114.012,56.544],[114.128,56.676],[114.796,56.708],[115.084,57.12],[115.448,57.096],[115.852,57.24],[116.172,57.14],[115.712,56.964]]]},"properties":{"id":"RU-IRK"}},
{"type":"Feature","geometry":{"type":"Polygon","coordinates":[[[88.736,51.56],[89.232,51.644],[89.58,51.552],[89.944,51.752],[90.124,52.128],[90.476,52.184],[90.7,52.46],[91.396,52.868],[91.352,53.076],[91.84,53.288],[91.744,53.448],[91.468,53.512],[91.328,53.816],[91.464,54.056],[91.16,54.488],[90.856,54.628],[90.916,54.792],[90.46,54.872],[90.436,55.016],[90.128,55.104],[89.656,55.004],[89.2,54.992],[88.952,55.288],[88.608,55.444],[88.396,55.28],[88.752,54.804],[88.612,54.696],[88.52,54.416],[89.128,54.352],[89.188,54.148],[88.98,54.064],[89.26,53.836],[88.832,53.584],[89.052,53.248],[88.896,52.988],[89.236,52.812],[89.116,52.628],[88.364,52.168],[88.12,52.1],[87.84,51.812],[88.088,51.712],[87.86,51.548],[88.132,51.384],[88.508,51.316],[88.736,51.56]]]},"properties":{"id":"RU-KK"}},
{"type":"Feature","geometry":{"type":"Polygon","coordinates":[[[46.44,54.772],[46.416,54.896],[46.056,55.044],[45.816,55],[45.712,55.176],[45.44,55.032],[44.916,54.476],[44.108,54.644],[43.948,54.808],[43.368,54.948],[43.096,54.8],[42.636,54.788],[42.468,54.872],[42.7,54.584],[42.464,54.252],[42.596,54.176],[42.308,53.848],[42.632,53.808],[43.172,53.84],[43.18,54],[43.752,53.964],[44.1,53.736],[44.532,53.664],[44.616,53.892],[45.176,53.98],[45.34,53.884],[45.792,54.004],[46.02,54.188],[46.38,54.232],[46.544,54.408],[46.44,54.772]]]},"properties":{"id":"RU-MO"}},
{"type":"Feature","geometry":{"type":"Polygon","coordinates":[[[33.5,54.016],[33.86,53.88],[34.2,53.892],[34.488,53.668],[34.672,53.392],[35.104,53.312],[35.356,53.284],[35.636,53.544],[36.008,53.62],[35.932,53.788],[36.112,53.96],[36.236,54.228],[36.964,54.396],[37.26,54.836],[37.12,54.992],[36.904,55.228],[36.424,55.32],[36.24,55.192],[35.58,55.292],[35.368,55.24],[34.816,54.708],[34.5,54.632],[34.416,54.452],[34.108,54.552],[33.728,54.56],[33.684,54.32],[33.5,54.016]]]},"properties":{"id":"RU-KLU"}},
{"type":"Feature","geometry":{"type":"Polygon","coordinates":[[[40.928,58.58],[41.164,58.36],[40.628,57.94],[40.624,57.656],[40.384,57.496],[40.444,57.276],[41.072,57.348],[41.604,57.524],[41.884,57.684],[42.188,57.56],[42.852,57.668],[42.852,57.396],[43.264,57.424],[43.544,57.568],[43.728,57.464],[44.304,57.516],[44.864,57.88],[44.864,58.076],[45.464,58.036],[46.34,58.076],[46.424,58.348],[46.688,58.568],[46.948,58.608],[47.572,59.06],[47.056,59.38],[47.112,59.612],[46.408,59.632],[46.356,59.348],[45.92,59.184],[45.092,59.184],[44.992,59.12],[44.208,59.172],[43.5,59.296],[42.8,59.172],[42.632,59.308],[42.196,59.304],[42.012,59.12],[41.52,59.036],[41.244,58.904],[41.216,58.74],[40.928,58.58]]]},"properties":{"id":"RU-KOS"}},
{"type":"Feature","geometry":{"type":"Polygon","coordinates":[[[40.928,58.58],[40.16,58.56],[39.968,58.76],[39.62,58.896],[39.12,58.952],[38.916,58.744],[38.48,58.708],[38.048,58.736],[37.716,58.62],[37.628,58.492],[37.348,58.24],[37.672,58.084],[37.368,57.976],[37.392,57.828],[37.812,57.608],[37.796,57.444],[38.308,57.276],[38.2,56.896],[38.256,56.772],[38.376,56.696],[38.628,56.58],[39,56.544],[39.416,56.772],[39.52,57.028],[40.444,57.276],[40.384,57.496],[40.624,57.656],[40.628,57.94],[41.164,58.36],[40.928,58.58]]]},"properties":{"id":"RU-YAR"}},
{"type":"Feature","geometry":{"type":"Polygon","coordinates":[[[38.376,56.696],[38.404,56.264],[38.604,55.96],[39.36,55.76],[39.824,55.832],[40.084,55.612],[40.208,55.308],[40.516,55.328],[40.612,55.208],[40.964,55.26],[41.412,55.132],[41.784,55.12],[42.116,55.42],[42.056,55.612],[42.696,56.004],[42.76,56.308],[42.588,56.42],[41.932,56.516],[41.052,56.476],[40.716,56.6],[40.156,56.436],[39.944,56.528],[39.86,56.78],[39.416,56.772],[39,56.544],[38.628,56.58],[38.376,56.696]]]},"properties":{"id":"RU-VLA"}},
{"type":"Feature","geometry":{"type":"Polygon","coordinates":[[[40.16,53.344],[40.74,53.56],[41.176,53.432],[41.352,53.556],[41.4,53.784],[42.136,53.812],[42.308,53.848],[42.596,54.176],[42.464,54.252],[42.7,54.584],[42.468,54.872],[41.784,55.12],[41.412,55.132],[40.964,55.26],[40.612,55.208],[40.516,55.328],[40.208,55.308],[39.888,55.08],[39.396,54.876],[39.216,54.632],[38.82,54.6],[38.676,54.244],[38.712,54],[38.908,53.752],[38.896,53.564],[39.16,53.396],[39.416,53.412],[39.74,53.588],[39.916,53.416],[40.16,53.344]]]},"properties":{"id":"RU-RYA"}},
{"type":"Feature","geometry":{"type":"Polygon","coordinates":[[[40.444,57.276],[39.52,57.028],[39.416,56.772],[39.86,56.78],[39.944,56.528],[40.156,56.436],[40.716,56.6],[41.052,56.476],[41.932,56.516],[42.588,56.42],[42.88,56.472],[42.828,56.804],[43.34,56.86],[43.668,57.044],[43.516,57.116],[43.728,57.464],[43.544,57.568],[43.264,57.424],[42.852,57.396],[42.852,57.668],[42.188,57.56],[41.884,57.684],[41.604,57.524],[41.072,57.348],[40.444,57.276]]]},"properties":{"id":"RU-IVA"}},
{"type":"Feature","geometry":{"type":"Polygon","coordinates":[[[46.056,55.044],[46.096,55.204],[46.384,55.464],[45.92,55.688],[46.212,56.048],[45.872,56.26],[45.948,56.432],[45.86,56.628],[45.96,56.872],[46.716,56.968],[46.752,57.516],[47.472,57.528],[47.704,57.96],[47.356,58.024],[46.428,58.02],[46.34,58.076],[45.464,58.036],[44.864,58.076],[44.864,57.88],[44.304,57.516],[43.728,57.464],[43.516,57.116],[43.668,57.044],[43.34,56.86],[42.828,56.804],[42.88,56.472],[42.588,56.42],[42.76,56.308],[42.696,56.004],[42.056,55.612],[42.116,55.42],[41.784,55.12],[42.468,54.872],[42.636,54.788],[43.096,54.8],[43.368,54.948],[43.948,54.808],[44.108,54.644],[44.916,54.476],[45.44,55.032],[45.712,55.176],[45.816,55],[46.056,55.044]]]},"properties":{"id":"RU-NIZ"}},
{"type":"Feature","geometry":{"type":"Polygon","coordinates":[[[38.896,53.564],[38.908,53.752],[38.712,54],[38.676,54.244],[38.392,54.468],[38.464,54.64],[38.04,54.712],[37.94,54.832],[37.564,54.736],[37.26,54.836],[36.964,54.396],[36.236,54.228],[36.112,53.96],[35.932,53.788],[36.008,53.62],[36.4,53.428],[36.668,53.416],[36.808,53.296],[37.56,53.168],[37.84,53.008],[38.108,53.06],[38.308,52.976],[38.632,53.124],[38.476,53.312],[38.76,53.384],[38.896,53.564]]]},"properties":{"id":"RU-TUL"}},
{"type":"Feature","geometry":{"type":"Polygon","coordinates":[[[48.412,55.828],[48.024,55.936],[47.904,56.112],[47.436,56.188],[47.384,56.332],[47.056,56.288],[46.656,56.12],[46.212,56.048],[45.92,55.688],[46.384,55.464],[46.096,55.204],[46.056,55.044],[46.416,54.896],[46.44,54.772],[46.868,54.632],[47.24,54.676],[47.488,54.856],[47.728,54.832],[47.996,54.968],[48.016,55.276],[47.836,55.344],[48.024,55.632],[48.412,55.828]]]},"properties":{"id":"RU-CU"}},
{"type":"Feature","geometry":{"type":"Polygon","coordinates":[[[35.604,61.188],[35.44,60.86],[35.156,60.788],[35.26,60.584],[35.156,60.068],[35.384,59.876],[35.496,59.552],[35.3,59.3],[34.9,59.236],[34.728,59.104],[35.132,58.936],[35.124,58.816],[35.752,58.828],[36.128,58.696],[36.172,58.524],[36.52,58.56],[36.864,58.844],[37.188,58.772],[37.628,58.492],[37.716,58.62],[38.048,58.736],[38.48,58.708],[38.916,58.744],[39.12,58.952],[39.62,58.896],[39.968,58.76],[40.16,58.56],[40.928,58.58],[41.216,58.74],[41.244,58.904],[41.52,59.036],[42.012,59.12],[42.196,59.304],[42.632,59.308],[42.8,59.172],[43.5,59.296],[44.208,59.172],[44.992,59.12],[45.092,59.184],[45.92,59.184],[46.356,59.348],[46.408,59.632],[47.112,59.612],[46.924,59.844],[47.036,60.1],[46.404,60.108],[46.44,60.272],[46.748,60.26],[47.044,60.852],[46.528,61.052],[46.284,60.968],[45.768,61.056],[45.724,61.18],[45.332,61.188],[45.228,60.904],[43.776,61.02],[43.512,60.768],[42.652,60.864],[42.396,60.768],[41.8,60.9],[41.396,60.856],[41.34,60.676],[41.06,60.648],[40.536,60.724],[39.924,60.652],[39.648,60.748],[39.34,60.684],[38.632,60.724],[38.212,60.924],[37.964,61.16],[37.772,61.524],[37.28,61.5],[36.996,61.596],[36.576,61.528],[36.468,61.408],[35.604,61.188]]]},"properties":{"id":"RU-VLG"}},
{"type":"Feature","geometry":{"type":"Polygon","coordinates":[[[31,56.964],[31.544,56.94],[31.724,57.104],[31.968,57.116],[32.668,57.348],[32.808,57.46],[33.216,57.452],[33.324,57.656],[33.536,57.72],[33.7,57.928],[33.72,58.16],[34.14,58.208],[34.488,58.148],[34.784,58.24],[35.268,58.272],[35.396,58.432],[35.936,58.424],[36.172,58.524],[36.128,58.696],[35.752,58.828],[35.124,58.816],[35.132,58.936],[34.728,59.104],[34.248,59.196],[33.856,59.2],[33.52,59.372],[33.244,59.328],[32.956,59.42],[32.584,59.18],[32.292,59.208],[32.124,59.396],[31.828,59.316],[31.564,59.368],[31.452,59.092],[31.16,59.072],[30.688,58.744],[30.1,58.728],[30.168,58.532],[29.976,58.444],[29.66,58.244],[29.952,57.944],[30.528,57.888],[30.472,57.684],[30.516,57.32],[30.644,56.98],[31,56.964]]]},"properties":{"id":"RU-NGR"}},
{"type":"Feature","geometry":{"type":"Polygon","coordinates":[[[31.468,55.728],[31.892,55.772],[32.092,55.676],[32.72,55.688],[33.188,55.652],[33.504,55.756],[33.916,56.072],[34.2,56.076],[34.632,55.916],[35.176,55.948],[35.644,56.476],[35.984,56.388],[36.536,56.476],[36.832,56.584],[37.136,56.56],[37.232,56.772],[37.5,56.784],[37.656,56.944],[38.256,56.772],[38.2,56.896],[38.308,57.276],[37.796,57.444],[37.812,57.608],[37.392,57.828],[37.368,57.976],[37.672,58.084],[37.348,58.24],[37.628,58.492],[37.188,58.772],[36.864,58.844],[36.52,58.56],[36.172,58.524],[35.936,58.424],[35.396,58.432],[35.268,58.272],[34.784,58.24],[34.488,58.148],[34.14,58.208],[33.72,58.16],[33.7,57.928],[33.536,57.72],[33.324,57.656],[33.216,57.452],[32.808,57.46],[32.668,57.348],[31.968,57.116],[31.724,57.104],[31.544,56.94],[31,56.964],[30.816,56.72],[31.232,56.348],[31.492,56.3],[31.496,56.028],[31.344,55.964],[31.468,55.728]]]},"properties":{"id":"RU-TVE"}},
{"type":"Feature","geometry":{"type":"Polygon","coordinates":[[[35.368,55.24],[35.58,55.292],[36.24,55.192],[36.424,55.32],[36.904,55.228],[36.916,55.424],[37.176,55.448],[37.432,55.876],[37.8,55.836],[37.424,55.184],[37.12,54.992],[37.26,54.836],[37.564,54.736],[37.94,54.832],[38.04,54.712],[38.464,54.64],[38.392,54.468],[38.676,54.244],[38.82,54.6],[39.216,54.632],[39.396,54.876],[39.888,55.08],[40.208,55.308],[40.084,55.612],[39.824,55.832],[39.36,55.76],[38.604,55.96],[38.404,56.264],[38.376,56.696],[38.256,56.772],[37.656,56.944],[37.5,56.784],[37.232,56.772],[37.136,56.56],[36.832,56.584],[36.536,56.476],[35.984,56.388],[35.644,56.476],[35.176,55.948],[35.352,55.78],[35.3,55.3],[35.368,55.24]]]},"properties":{"id":"RU-MOW"}},
{"type":"Feature","geometry":{"type":"Polygon","coordinates":[[[37.12,54.992],[37.424,55.184],[37.8,55.836],[37.432,55.876],[37.176,55.448],[36.916,55.424],[36.904,55.228],[37.12,54.992]]]},"properties":{"id":"RU-MOS"}},
{"type":"Feature","geometry":{"type":"Polygon","coordinates":[[[50.072,56.624],[50.1,56.792],[49.74,56.9],[49.7,57.072],[49.284,57.04],[49.036,57.288],[48.824,57.164],[48.292,57.164],[48.204,57.028],[47.768,57.06],[47.508,56.892],[46.716,56.968],[45.96,56.872],[45.86,56.628],[45.948,56.432],[45.872,56.26],[46.212,56.048],[46.656,56.12],[47.056,56.288],[47.384,56.332],[47.436,56.188],[47.904,56.112],[48.024,55.936],[48.412,55.828],[48.696,55.964],[49.016,56.232],[50.072,56.624]]]},"properties":{"id":"RU-ME"}},
{"type":"Feature","geometry":{"type":"Polygon","coordinates":[[[47.044,60.852],[46.748,60.26],[46.44,60.272],[46.404,60.108],[47.036,60.1],[46.924,59.844],[47.112,59.612],[47.056,59.38],[47.572,59.06],[46.948,58.608],[46.688,58.568],[46.424,58.348],[46.34,58.076],[46.428,58.02],[47.356,58.024],[47.704,57.96],[47.472,57.528],[46.752,57.516],[46.716,56.968],[47.508,56.892],[47.768,57.06],[48.204,57.028],[48.292,57.164],[48.824,57.164],[49.036,57.288],[49.284,57.04],[49.7,57.072],[49.74,56.9],[50.1,56.792],[50.072,56.624],[50.348,56.668],[50.588,56.368],[51.072,56.132],[51.436,56.144],[51.42,56.284],[51.144,56.516],[51.54,56.884],[51.36,56.928],[51.12,57.264],[51.18,57.448],[51.6,57.456],[51.864,57.648],[51.884,57.988],[51.672,58.168],[51.972,58.464],[52.872,58.412],[53.132,58.536],[53.34,58.388],[53.784,58.44],[53.704,58.596],[53.924,58.784],[53.728,58.916],[53.876,59.092],[53.432,59.144],[53.204,59.364],[53.42,59.68],[53.592,59.708],[53.708,60],[53.608,60.144],[52.452,60.2],[52.296,60.24],[52.06,60.316],[51.52,59.948],[51.076,60.06],[50.832,59.872],[50.388,59.84],[49.832,59.64],[49.796,59.232],[49.524,59.396],[49.152,59.504],[49.072,59.66],[48.508,59.716],[48.456,60.116],[48.756,60.36],[48.52,60.476],[48.42,60.852],[47.964,61],[47.244,61.056],[47.044,60.852]]]},"properties":{"id":"RU-KIR"}},
{"type":"Feature","geometry":{"type":"Polygon","coordinates":[[[54.352,56.36],[53.868,56.712],[54.088,56.772],[54.1,56.964],[54.34,57.012],[54.316,57.292],[54.096,57.608],[54.088,57.996],[53.812,58.228],[53.784,58.44],[53.34,58.388],[53.132,58.536],[52.872,58.412],[51.972,58.464],[51.672,58.168],[51.884,57.988],[51.864,57.648],[51.6,57.456],[51.18,57.448],[51.12,57.264],[51.36,56.928],[51.54,56.884],[51.144,56.516],[51.42,56.284],[51.436,56.144],[51.4,55.992],[52.064,55.896],[52.196,56.076],[52.656,56.016],[52.96,56.252],[53.272,56.084],[53.276,55.936],[53.632,55.908],[54.048,56.056],[54.344,56.252],[54.352,56.36]]]},"properties":{"id":"RU-UD"}},
{"type":"Feature","geometry":{"type":"Polygon","coordinates":[[[65.48,68.432],[64.744,68.404],[64.532,68.2],[63.828,68.016],[63.944,67.884],[62.872,67.58],[62.82,67.388],[61.432,67],[60.084,66.988],[58.788,67],[53.772,67],[52.244,67.088],[51.496,66.908],[51.512,66.784],[49.008,66.12],[48.988,65.268],[49.568,65.292],[50.064,64.892],[50.468,64.792],[50.272,64.512],[49.628,64.592],[49.452,64.464],[48.952,64.492],[48.84,64.356],[46.612,64.328],[45.824,64.284],[45.444,64.188],[45.884,63.964],[46.436,63.888],[46.82,63.748],[47.028,63.532],[46.936,63.352],[47.556,63.148],[47.4,62.956],[47.084,62.84],[47.236,62.636],[47.236,62.352],[47.412,62.192],[47.752,62.32],[48.292,62.32],[48.368,62.728],[48.876,62.828],[49.608,62.772],[49.368,62.148],[49.212,62.092],[49.052,61.692],[49.46,61.588],[49.304,61.176],[48.508,61.048],[48.42,60.852],[48.52,60.476],[48.756,60.36],[48.456,60.116],[48.508,59.716],[49.072,59.66],[49.152,59.504],[49.524,59.396],[49.796,59.232],[49.832,59.64],[50.388,59.84],[50.832,59.872],[51.076,60.06],[51.52,59.948],[52.06,60.316],[52.296,60.24],[52.324,60.432],[51.776,60.604],[51.888,60.876],[52.356,60.844],[52.444,60.98],[52.788,60.948],[52.876,61.092],[53.348,61.036],[53.352,60.892],[53.792,60.848],[53.852,60.98],[54.98,60.864],[55.316,61.124],[55.692,61.088],[55.84,61.248],[56.256,61.208],[56.392,61.42],[56.704,61.524],[58.692,61.504],[59.348,61.684],[59.484,61.992],[59.404,62.108],[59.644,62.512],[59.396,62.732],[59.28,62.972],[59.292,63.344],[59.492,63.612],[59.584,63.94],[59.84,64.08],[59.588,64.232],[59.484,64.496],[59.648,64.772],[60.148,65.064],[60.676,64.912],[61.24,65.192],[61.512,65.5],[62.02,65.716],[62.84,65.868],[62.872,66.08],[63.304,66.4],[63.968,66.648],[65.116,66.908],[65.192,67.144],[66.112,67.488],[65.832,67.644],[66.084,67.932],[65.436,67.92],[65.272,68.216],[65.48,68.432]]]},"properties":{"id":"RU-KO"}},
{"type":"Feature","geometry":{"type":"Polygon","coordinates":[[[57.408,56.328],[57.356,56.68],[57.22,56.852],[57.56,56.888],[58.028,57.1],[57.996,57.476],[58.268,57.668],[58.58,57.596],[58.828,57.728],[58.604,57.996],[58.68,58.108],[59.204,58.304],[59.456,58.492],[59.388,58.704],[59.084,58.768],[59.176,59.148],[58.668,59.292],[58.404,59.552],[58.804,59.864],[59.188,60.276],[59.468,60.808],[59.26,61.224],[59.428,61.508],[59.348,61.684],[58.692,61.504],[56.704,61.524],[56.392,61.42],[56.256,61.208],[55.84,61.248],[55.692,61.088],[55.316,61.124],[54.98,60.864],[53.852,60.98],[53.792,60.848],[53.352,60.892],[53.348,61.036],[52.876,61.092],[52.788,60.948],[52.444,60.98],[52.356,60.844],[51.888,60.876],[51.776,60.604],[52.324,60.432],[52.296,60.24],[52.452,60.2],[53.608,60.144],[53.708,60],[53.592,59.708],[53.42,59.68],[53.204,59.364],[53.432,59.144],[53.876,59.092],[53.728,58.916],[53.924,58.784],[53.704,58.596],[53.784,58.44],[53.812,58.228],[54.088,57.996],[54.096,57.608],[54.316,57.292],[54.34,57.012],[54.1,56.964],[54.088,56.772],[53.868,56.712],[54.352,56.36],[54.532,56.516],[54.968,56.32],[55.448,56.34],[55.876,56.436],[56.072,56.288],[56.404,56.388],[56.864,56.108],[57.212,56.184],[57.408,56.328]]]},"properties":{"id":"RU-PER"}},
{"type":"Feature","geometry":{"type":"Polygon","coordinates":[[[52.54,54.376],[52.1,54.388],[51.936,54.528],[51.168,54.636],[50.696,54.428],[50.076,54.516],[50.256,54.304],[50.196,54.04],[49.624,53.816],[49.028,53.856],[48.876,53.716],[48.492,53.772],[48.056,53.476],[48.036,53.316],[48.22,53],[48.52,52.98],[48.436,52.78],[48.936,52.476],[49.344,52.468],[49.628,52.368],[49.812,52.192],[50.22,52.128],[50.236,52.036],[50.732,51.916],[50.768,51.76],[51.416,52.104],[51.472,52.568],[51.732,52.668],[51.716,52.84],[52.06,53],[52.192,53.376],[52.08,53.5],[52.252,53.656],[52.476,54.076],[52.272,54.328],[52.54,54.376]]]},"properties":{"id":"RU-SAM"}},
{"type":"Feature","geometry":{"type":"Polygon","coordinates":[[[41.728,44.46],[42.556,44.244],[42.304,44.128],[42.66,43.916],[42.684,43.808],[43.268,43.908],[43.728,43.84],[43.908,43.996],[44.26,43.924],[44.284,43.82],[44.692,43.828],[44.84,43.66],[45.508,44.016],[45.404,44.316],[45.436,44.616],[45.612,44.768],[45.704,44.976],[45.588,45.16],[44.708,45.508],[44.42,45.528],[44.148,45.652],[43.876,45.944],[43.392,46.016],[42.992,46.18],[42.532,45.996],[42.148,45.948],[41.712,45.996],[41.164,45.952],[41.276,45.756],[40.872,45.696],[40.84,45.54],[41.008,45.384],[41.04,45.22],[41.36,45.212],[41.468,44.988],[41.652,44.896],[41.54,44.736],[41.568,44.548],[41.728,44.46]]]},"properties":{"id":"RU-STA"}},
{"type":"Feature","geometry":{"type":"Polygon","coordinates":[[[39.752,45.128],[39.64,45.192],[39.324,45],[38.76,44.94],[39.064,44.812],[39.552,44.808],[39.488,44.968],[39.884,45.008],[40.02,44.724],[39.792,44.356],[39.728,43.916],[39.932,43.9],[40.28,43.752],[40.456,43.98],[40.392,44.724],[40.528,44.916],[40.176,45.108],[39.752,45.128]]]},"properties":{"id":"RU-AD"}},
{"type":"Feature","geometry":{"type":"Polygon","coordinates":[[[21.524,53.444],[21.096,53.324],[20.704,53.276],[20.24,53.1],[19.748,53.092],[19.508,52.896],[19.496,52.704],[19.296,52.336],[19.64,52.22],[19.92,52.268],[20.216,51.976],[20.612,51.796],[20.66,51.616],[20.42,51.588],[20.432,51.288],[20.752,51.116],[21.012,51.116],[21.496,51.012],[21.816,51.056],[21.82,51.564],[21.988,52.004],[22.9,52.104],[23.088,52.292],[22.584,52.396],[22.412,52.6],[22.376,52.796],[21.976,52.86],[21.692,53.096],[21.524,53.444]]]},"properties":{"id":"PL-MZ"}},
{"type":"Feature","geometry":{"type":"Polygon","coordinates":[[[19.752,50.804],[20.056,51.16],[20.432,51.288],[20.42,51.588],[20.66,51.616],[20.612,51.796],[20.216,51.976],[19.92,52.268],[19.64,52.22],[19.296,52.336],[19.04,52.28],[18.66,51.784],[18.456,51.78],[18.364,51.452],[18.056,51.304],[18.152,51.136],[18.656,50.996],[18.912,51.036],[19.356,50.972],[19.752,50.804]]]},"properties":{"id":"PL-LD"}},
{"type":"Feature","geometry":{"type":"Polygon","coordinates":[[[19.128,53.556],[18.584,53.604],[18.256,53.696],[17.924,53.696],[17.396,53.432],[17.444,53.204],[17.332,52.956],[17.536,52.84],[17.52,52.652],[18.16,52.452],[18.352,52.488],[18.74,52.328],[19.04,52.28],[19.296,52.336],[19.496,52.704],[19.508,52.896],[19.748,53.092],[19.68,53.264],[19.284,53.364],[19.128,53.556]]]},"properties":{"id":"PL-KP"}},
{"type":"Feature","geometry":{"type":"Polygon","coordinates":[[[17.716,51.152],[17.916,51.064],[18.152,51.136],[18.056,51.304],[18.364,51.452],[18.456,51.78],[18.66,51.784],[19.04,52.28],[18.74,52.328],[18.352,52.488],[18.16,52.452],[17.52,52.652],[17.536,52.84],[17.332,52.956],[17.444,53.204],[17.396,53.432],[16.948,53.588],[16.544,53.368],[16.676,53.188],[16.28,52.992],[16.04,53.008],[15.832,52.692],[15.9,52.288],[15.856,52.104],[16.112,51.864],[16.372,51.748],[16.944,51.512],[17.348,51.596],[17.556,51.536],[17.716,51.152]]]},"properties":{"id":"PL-WP"}},
{"type":"Feature","geometry":{"type":"Polygon","coordinates":[[[19.956,50.484],[20.284,50.4],[20.428,50.204],[21.18,50.336],[21.296,50.412],[21.596,50.524],[21.844,50.828],[21.816,51.056],[21.496,51.012],[21.012,51.116],[20.752,51.116],[20.432,51.288],[20.056,51.16],[19.752,50.804],[19.956,50.484]]]},"properties":{"id":"PL-SK"}},
{"type":"Feature","geometry":{"type":"Polygon","coordinates":[[[-100.624,18.872],[-100.456,18.844],[-100.432,18.648],[-100.276,18.392],[-100.072,18.608],[-99.748,18.692],[-99.496,18.676],[-99.308,18.936],[-99.284,19.144],[-99.332,19.296],[-99.124,19.572],[-98.96,19.26],[-98.964,19.088],[-98.816,18.976],[-98.648,19.024],[-98.64,19.46],[-98.66,19.584],[-98.604,19.74],[-99.016,20.044],[-99.204,19.98],[-99.388,19.756],[-99.548,20.156],[-99.844,20.308],[-100.124,19.94],[-100.216,19.564],[-100.16,19.42],[-100.624,18.872]]]},"properties":{"id":"MX-MEX"}},
{"type":"Feature","geometry":{"type":"Polygon","coordinates":[[[-98,20.484],[-98.16,20.328],[-98.1,20.088],[-98.244,19.872],[-98.144,19.672],[-97.94,19.58],[-97.828,19.312],[-98.192,19.108],[-98.464,19.44],[-98.64,19.46],[-98.648,19.024],[-98.808,18.496],[-99.048,18.348],[-99.032,18.252],[-98.788,18.036],[-98.348,17.892],[-98.172,18.016],[-97.924,18.036],[-97.724,18.304],[-97.428,17.992],[-97.312,18.144],[-97.024,18.124],[-96.788,18.284],[-96.728,18.412],[-96.8,18.552],[-96.988,18.512],[-97.136,18.648],[-97.312,18.684],[-97.228,18.912],[-97.264,19.16],[-97.108,19.18],[-97.392,19.576],[-97.312,19.892],[-97.152,20.144],[-97.404,20.26],[-97.544,20.136],[-97.776,20.272],[-97.768,20.44],[-97.56,20.504],[-97.78,20.812],[-97.896,20.808],[-98,20.484]]]},"properties":{"id":"MX-PUE"}},
{"type":"Feature","geometry":{"type":"Polygon","coordinates":[[[-99.048,18.348],[-98.808,18.496],[-98.648,19.024],[-98.816,18.976],[-98.964,19.088],[-99.284,19.144],[-99.308,18.936],[-99.496,18.676],[-99.332,18.452],[-99.14,18.496],[-99.048,18.348]]]},"properties":{"id":"MX-MOR"}},
{"type":"Feature","geometry":{"type":"Polygon","coordinates":[[[-100.124,19.94],[-99.844,20.308],[-99.82,20.512],[-99.492,20.66],[-99.364,21.112],[-99.044,21.176],[-99.044,21.268],[-99.2,21.624],[-99.38,21.432],[-99.792,21.42],[-99.828,21.16],[-100.052,21.16],[-100.184,20.88],[-100.472,20.952],[-100.564,20.74],[-100.484,20.436],[-100.284,20.212],[-100.124,19.94]]]},"properties":{"id":"MX-QUE"}},
{"type":"Feature","geometry":{"type":"Polygon","coordinates":[[[-98.516,21.4],[-98.592,21.212],[-98.824,21.176],[-99.044,21.268],[-99.044,21.176],[-99.364,21.112],[-99.492,20.66],[-99.82,20.512],[-99.844,20.308],[-99.548,20.156],[-99.388,19.756],[-99.204,19.98],[-99.016,20.044],[-98.604,19.74],[-98.66,19.584],[-98.332,19.608],[-98.144,19.672],[-98.244,19.872],[-98.1,20.088],[-98.16,20.328],[-98,20.484],[-98.112,20.688],[-98.336,20.436],[-98.568,20.472],[-98.436,20.676],[-98.392,20.876],[-98.128,21.072],[-98.412,21.176],[-98.516,21.4]]]},"properties":{"id":"MX-HID"}},
{"type":"Feature","geometry":{"type":"Polygon","coordinates":[[[-102.1,20.388],[-101.948,20.368],[-101.904,20.204],[-101.688,20.2],[-101.608,20.32],[-101.384,20.288],[-101.42,20.052],[-101.016,19.952],[-100.396,19.964],[-100.284,20.212],[-100.484,20.436],[-100.564,20.74],[-100.472,20.952],[-100.184,20.88],[-100.052,21.16],[-99.828,21.16],[-99.792,21.42],[-100.404,21.676],[-100.628,21.492],[-100.96,21.752],[-101.52,21.84],[-101.54,21.636],[-101.636,21.516],[-101.572,21.348],[-101.856,21.148],[-102.084,20.728],[-101.98,20.556],[-102.1,20.388]]]},"properties":{"id":"MX-GUA"}},
{"type":"Feature","geometry":{"type":"Polygon","coordinates":[[[-100.056,23.24],[-100.44,23.228],[-100.488,23.82],[-100.58,23.932],[-100.612,24.284],[-100.828,24.564],[-101.244,23.992],[-101.828,23.58],[-102.072,23.356],[-102.192,23.404],[-102.252,22.984],[-102.116,22.756],[-101.832,22.484],[-101.632,22.5],[-101.512,22.608],[-101.352,22.588],[-101.38,22.36],[-101.324,22.1],[-101.52,21.84],[-100.96,21.752],[-100.628,21.492],[-100.404,21.676],[-99.792,21.42],[-99.38,21.432],[-99.2,21.624],[-99.044,21.268],[-98.824,21.176],[-98.592,21.212],[-98.516,21.4],[-98.644,21.608],[-98.488,21.752],[-98.372,22.264],[-98.616,22.42],[-98.94,22.372],[-99.248,22.46],[-99.38,22.684],[-99.556,22.62],[-99.988,22.776],[-99.916,22.956],[-100.056,23.24]]]},"properties":{"id":"MX-SLP"}},
{"type":"Feature","geometry":{"type":"Polygon","coordinates":[[[-102.668,25.08],[-102.492,24.824],[-102.492,24.476],[-102.8,24.408],[-103.248,24.492],[-103.516,24.34],[-103.672,24.16],[-103.836,24.084],[-103.94,23.568],[-104.108,23.436],[-104.188,23.116],[-104.208,22.644],[-104.312,22.32],[-104.328,22.264],[-103.948,22.38],[-103.984,22.772],[-103.78,22.736],[-103.852,22.568],[-103.608,22.524],[-103.68,22.136],[-103.488,22.136],[-103.36,22.348],[-103.044,22.252],[-103.156,22],[-103.288,21.984],[-103.528,21.816],[-103.52,21.6],[-103.668,21.488],[-103.748,21.296],[-103.592,21.192],[-103.232,21.08],[-103.048,21.072],[-103.056,21.264],[-102.684,21.4],[-102.64,21.568],[-102.76,21.748],[-102.84,21.932],[-102.648,22.212],[-102.344,22.396],[-101.988,22.252],[-101.844,22.016],[-101.52,21.84],[-101.324,22.1],[-101.38,22.36],[-101.352,22.588],[-101.512,22.608],[-101.632,22.5],[-101.832,22.484],[-102.116,22.756],[-102.252,22.984],[-102.192,23.404],[-102.072,23.356],[-101.828,23.58],[-101.244,23.992],[-100.828,24.564],[-101.096,24.64],[-101.196,24.796],[-101.46,24.748],[-101.768,24.94],[-101.86,25.076],[-102.172,25.164],[-102.668,25.08]]]},"properties":{"id":"MX-ZAC"}},
{"type":"Feature","geometry":{"type":"Polygon","coordinates":[[[-101.844,22.016],[-101.988,22.252],[-102.344,22.396],[-102.648,22.212],[-102.84,21.932],[-102.76,21.748],[-102.232,21.676],[-101.844,22.016]]]},"properties":{"id":"MX-AGU"}},
{"type":"Feature","geometry":{"type":"Polygon","coordinates":[[[-106.936,25.64],[-107.096,25.42],[-107.128,25.188],[-107.036,24.92],[-106.756,24.704],[-106.596,24.368],[-106.404,24.288],[-106.196,24.388],[-106.052,24.284],[-105.948,24.072],[-105.896,23.712],[-105.716,23.464],[-105.688,23.296],[-105.388,23.032],[-105.132,23.016],[-104.668,22.624],[-104.588,22.46],[-104.336,22.476],[-104.312,22.32],[-104.208,22.644],[-104.188,23.116],[-104.108,23.436],[-103.94,23.568],[-103.836,24.084],[-103.672,24.16],[-103.516,24.34],[-103.248,24.492],[-102.8,24.408],[-102.492,24.476],[-102.492,24.824],[-102.668,25.08],[-102.816,24.904],[-102.844,24.728],[-103.252,24.924],[-103.276,25.072],[-103.508,25.296],[-103.488,25.54],[-103.32,25.7],[-103.324,26.408],[-103.628,26.644],[-103.94,26.76],[-104.236,26.724],[-104.52,26.372],[-105.116,26.552],[-105.328,26.46],[-105.808,26.692],[-106.028,26.84],[-106.4,26.38],[-106.38,26.132],[-106.524,25.992],[-106.544,25.78],[-106.72,25.632],[-106.936,25.64]]]},"properties":{"id":"MX-DUR"}},
{"type":"Feature","geometry":{"type":"Polygon","coordinates":[[[-98.64,19.46],[-98.464,19.44],[-98.192,19.108],[-97.828,19.312],[-97.94,19.58],[-98.144,19.672],[-98.332,19.608],[-98.66,19.584],[-98.64,19.46]]]},"properties":{"id":"MX-TLA"}},
{"type":"Feature","geometry":{"type":"Polygon","coordinates":[[[-99.284,19.144],[-98.964,19.088],[-98.96,19.26],[-99.124,19.572],[-99.332,19.296],[-99.284,19.144]]]},"properties":{"id":"MX-DIF"}},
{"type":"Feature","geometry":{"type":"Polygon","coordinates":[[[66.052,52.404],[66.036,52.18],[65.86,51.896],[65.432,51.696],[65.644,51.556],[65.504,51.264],[65.708,50.972],[65.72,50.792],[66.06,50.896],[66.476,50.664],[66.836,50.588],[67.124,50.616],[67.336,50.332],[68.096,50.504],[68.78,50.752],[68.996,50.7],[68.82,50.188],[69.156,50.116],[69.5,50.332],[69.752,50.188],[70.248,50.22],[70.292,49.988],[70.616,50.072],[70.676,50.236],[70.952,50.416],[71.756,50.744],[71.94,50.652],[71.884,50.464],[72.276,50.416],[72.5,50.528],[72.544,50.676],[72.776,50.732],[73.456,51.004],[73.268,51.224],[73.712,51.256],[73.852,51.408],[74.272,51.536],[73.836,51.624],[74.052,51.908],[74.028,52.468],[73.968,52.568],[72.964,52.76],[72.896,52.996],[72.444,52.992],[72.24,52.908],[71.924,52.912],[71.732,53.012],[71.824,53.196],[71.608,53.38],[71.312,53.288],[71.06,53.412],[70.672,53.396],[70.464,53.26],[70.112,53.364],[69.836,53.688],[69.404,53.576],[69,53.644],[68.584,53.4],[68.924,53.112],[68.844,52.808],[68.028,52.264],[67.7,52.372],[67.452,52.236],[67.148,52.208],[66.312,52.296],[66.052,52.404]],[[71.468,50.976],[71.252,51.156],[71.58,51.208],[71.468,50.976]]]},"properties":{"id":"KZ-AKM"}},
{"type":"Feature","geometry":{"type":"Polygon","coordinates":[[[77.732,50.204],[77.624,50.46],[76.98,50.636],[76.584,50.296],[75.656,50.148],[75.16,50.228],[74.948,50.432],[74.48,50.616],[74.084,50.576],[73.972,50.644],[74.096,51.036],[74.036,51.18],[73.712,51.256],[73.268,51.224],[73.456,51.004],[72.776,50.732],[72.544,50.676],[72.5,50.528],[72.276,50.416],[71.884,50.464],[71.94,50.652],[71.756,50.744],[70.952,50.416],[70.676,50.236],[70.616,50.072],[70.292,49.988],[70.248,50.22],[69.752,50.188],[69.5,50.332],[69.156,50.116],[68.82,50.188],[68.996,50.7],[68.78,50.752],[68.096,50.504],[68.272,50.412],[68.108,50.264],[67.756,50.188],[67.764,50.028],[67.524,49.836],[66.16,49.004],[65.524,48.832],[65.072,48.876],[64.74,48.84],[64.548,48.504],[64.216,48.404],[63.972,48.152],[64.204,47.88],[64.108,47.804],[62.844,47.184],[63.208,46.96],[63.82,46.852],[65.012,46.516],[65.552,46.292],[66.98,46.056],[67.276,45.956],[69.172,45.936],[74.184,45.956],[74.76,46.4],[75.404,46.68],[75.896,46.688],[76.528,46.648],[77.02,46.648],[77.16,46.548],[77.6,46.676],[77.58,47.176],[77.056,47.128],[76.932,47.22],[77.072,47.624],[77.272,48.02],[77.156,48.276],[76.952,48.352],[77.348,48.612],[77.36,48.816],[76.972,48.804],[76.884,48.984],[77.048,49.052],[76.632,49.352],[76.768,49.492],[77.168,49.644],[77.184,49.876],[77.448,49.988],[77.732,50.204]]]},"properties":{"id":"KZ-KAR"}},
{"type":"Feature","geometry":{"type":"Polygon","coordinates":[[[82.8,24],[82.532,23.776],[81.78,23.8],[81.592,23.56],[81.908,23.504],[82.188,23.288],[82.128,23.096],[81.948,23.044],[81.788,22.852],[81.768,22.664],[81.416,22.436],[81.124,22.4],[81.12,22.296],[80.92,22.096],[80.732,21.716],[80.68,21.352],[80.484,21.168],[80.436,21],[80.552,20.92],[80.624,20.6],[80.624,20.324],[80.532,20.136],[80.564,19.74],[80.892,19.484],[80.716,19.264],[80.576,19.392],[80.396,19.236],[80.272,18.98],[80.272,18.712],[80.504,18.6],[80.696,18.412],[80.772,18.232],[80.936,18.088],[80.984,17.84],[81.396,17.808],[81.544,18.264],[81.74,18.356],[81.968,18.684],[82.14,18.748],[82.224,19.016],[82.168,19.388],[82.028,19.516],[82.028,19.776],[81.824,19.912],[81.94,20.104],[82.38,19.884],[82.42,20.428],[82.34,20.556],[82.34,20.86],[82.452,20.848],[82.668,21.156],[83.2,21.172],[83.472,21.808],[83.604,22.196],[83.996,22.44],[83.972,22.54],[84.352,22.884],[84.116,23],[83.948,23.372],[84.016,23.552],[83.78,23.588],[83.696,23.82],[83.52,24.064],[83.336,24.14],[83.208,23.944],[82.964,23.912],[82.8,24]]]},"properties":{"id":"IN-CT"}},
{"type":"Feature","geometry":{"type":"Polygon","coordinates":[[[76.816,30.788],[76.828,30.68],[76.752,30.432],[76.604,30.276],[76.624,30.144],[76.268,30.112],[76.224,29.868],[75.956,29.74],[75.788,29.832],[75.24,29.748],[74.824,29.984],[74.516,29.948],[74.604,29.728],[74.612,29.332],[74.82,29.404],[75.108,29.24],[75.328,29.296],[75.592,28.644],[76.028,28.264],[75.932,27.92],[76.216,27.84],[76.164,28.056],[76.452,28.164],[76.552,27.972],[76.856,28.228],[76.94,28.124],[76.94,27.852],[77.28,27.808],[77.528,27.976],[77.496,28.392],[77.328,28.52],[76.872,28.52],[76.936,28.816],[77.2,28.876],[77.14,29.132],[77.148,29.404],[77.064,29.568],[77.228,29.976],[77.572,30.28],[77.584,30.384],[77.148,30.54],[77.116,30.724],[76.904,30.9],[76.768,30.908],[76.816,30.788]]]},"properties":{"id":"IN-HR"}},
{"type":"Feature","geometry":{"type":"Polygon","coordinates":[[[81.76,17.908],[81.58,17.796],[81.396,17.808],[80.984,17.84],[80.936,18.088],[80.772,18.232],[80.696,18.412],[80.504,18.6],[80.272,18.712],[80.092,18.696],[79.96,18.868],[79.932,19.484],[79.736,19.604],[79.54,19.532],[79.268,19.588],[79.196,19.46],[78.872,19.652],[78.848,19.724],[78.32,19.864],[78.384,19.684],[78.168,19.264],[77.92,19.332],[77.752,19.044],[77.912,18.836],[77.592,18.548],[77.552,18.308],[77.62,17.924],[77.412,17.632],[77.6,17.488],[77.376,17.224],[77.464,17.044],[77.432,16.592],[77.292,16.408],[77.532,16.36],[77.448,15.952],[77.64,15.9],[77.888,15.92],[78.088,15.832],[78.256,16.004],[78.5,16.092],[78.736,16.032],[79.02,16.248],[79.232,16.332],[79.264,16.568],[79.884,16.704],[80.072,16.824],[80.076,16.972],[80.22,17.032],[80.352,16.864],[80.508,16.792],[80.588,16.932],[80.5,17.108],[80.828,17.048],[80.892,17.156],[81.468,17.42],[81.536,17.636],[81.76,17.908]]]},"properties":{"id":"IN-TG"}},
{"type":"Feature","geometry":{"type":"Polygon","coordinates":[[[-91.252,43.5],[-91.084,43.28],[-91.168,43.16],[-91.044,42.744],[-90.704,42.656],[-90.64,42.512],[-89.396,42.504],[-87.8,42.492],[-87.02,42.496],[-87.148,43.38],[-87.116,43.764],[-87,44.168],[-86.716,44.844],[-86.252,45.236],[-86.764,45.444],[-87.092,45.444],[-87.404,45.204],[-87.652,45.12],[-87.656,45.36],[-87.812,45.484],[-87.804,45.688],[-88.072,45.788],[-88.116,45.924],[-88.536,46.028],[-88.836,46.036],[-89.12,46.148],[-90.12,46.34],[-90.412,46.584],[-89.956,47.288],[-90.652,47.308],[-91.468,46.924],[-91.964,46.728],[-92.292,46.66],[-92.292,46.084],[-92.704,45.912],[-92.88,45.716],[-92.884,45.576],[-92.668,45.444],[-92.804,45.076],[-92.82,44.756],[-92.584,44.608],[-92.104,44.436],[-91.664,44.072],[-91.296,43.92],[-91.252,43.5]]]},"properties":{"id":"US-WI"}},
{"type":"Feature","geometry":{"type":"Polygon","coordinates":[[[-87.02,42.496],[-87.8,42.492],[-89.396,42.504],[-90.64,42.512],[-90.404,42.244],[-90.168,42.116],[-90.2,41.812],[-90.348,41.604],[-90.704,41.452],[-90.992,41.432],[-91.084,41.188],[-90.968,40.948],[-91.188,40.652],[-91.384,40.6],[-91.44,40.38],[-91.52,40.176],[-91.356,39.712],[-91.052,39.452],[-90.82,39.32],[-90.704,38.996],[-90.184,38.884],[-90.196,38.64],[-90.384,38.3],[-90.112,38.016],[-89.924,37.952],[-89.548,37.696],[-89.452,37.44],[-89.524,37.268],[-89.328,37.016],[-89.124,36.98],[-89.044,37.208],[-88.908,37.22],[-88.484,37.072],[-88.464,37.408],[-88.124,37.476],[-88.164,37.64],[-88.044,37.808],[-88.044,38.052],[-87.648,38.52],[-87.512,38.764],[-87.664,39.156],[-87.532,39.36],[-87.528,40.704],[-87.52,41.76],[-87.208,41.76],[-87.02,42.496]]]},"properties":{"id":"US-IL"}},
{"type":"Feature","geometry":{"type":"Polygon","coordinates":[[[-84.824,39.096],[-84.82,38.788],[-85.184,38.692],[-85.816,38.288],[-86.032,37.992],[-86.416,38.116],[-86.536,37.928],[-86.82,37.996],[-87.088,37.804],[-87.428,37.948],[-88.044,37.808],[-88.164,37.64],[-88.124,37.476],[-88.464,37.408],[-88.484,37.072],[-88.908,37.22],[-89.044,37.208],[-89.124,36.98],[-89.14,36.736],[-89.252,36.568],[-89.424,36.5],[-88.044,36.5],[-88.068,36.688],[-87.832,36.644],[-86.464,36.664],[-86.068,36.636],[-85.12,36.624],[-83.732,36.584],[-83.668,36.604],[-83.136,36.748],[-82.884,36.896],[-82.632,37.164],[-82.352,37.28],[-81.964,37.54],[-82.296,37.688],[-82.632,38.152],[-82.588,38.42],[-82.828,38.588],[-82.888,38.744],[-83.304,38.6],[-83.536,38.708],[-83.716,38.64],[-83.864,38.764],[-84.196,38.812],[-84.444,39.1],[-84.824,39.096]]]},"properties":{"id":"US-KY"}},
{"type":"Feature","geometry":{"type":"Polygon","coordinates":[[[-94.04,33.012],[-93.148,33.012],[-91.168,33.016],[-91.1,33.148],[-91.184,33.32],[-91.192,33.708],[-91.044,33.816],[-91.084,33.996],[-90.908,34.036],[-90.82,34.284],[-90.592,34.424],[-90.592,34.644],[-90.304,35],[-90.084,35.188],[-90.104,35.384],[-89.916,35.548],[-89.936,35.736],[-89.724,35.832],[-89.724,36],[-90.372,35.988],[-90.068,36.288],[-90.164,36.5],[-92.152,36.5],[-93.52,36.5],[-94.62,36.5],[-94.44,35.388],[-94.484,33.648],[-94.048,33.556],[-94.04,33.012]]]},"properties":{"id":"US-AR"}},
{"type":"Feature","geometry":{"type":"Polygon","coordinates":[[[-88.18,34.996],[-86.728,34.988],[-85.604,34.984],[-84.324,34.988],[-84.3,35.208],[-84.096,35.256],[-84.012,35.424],[-83.728,35.568],[-83.5,35.568],[-83.076,35.788],[-82.88,35.956],[-82.2,36.16],[-82.088,36.1],[-81.74,36.408],[-81.66,36.608],[-81.952,36.596],[-83.668,36.604],[-83.732,36.584],[-85.12,36.624],[-86.068,36.636],[-86.464,36.664],[-87.832,36.644],[-88.068,36.688],[-88.044,36.5],[-89.424,36.5],[-89.496,36.5],[-89.56,36.5],[-89.532,36.384],[-89.696,36.248],[-89.724,36],[-89.724,35.832],[-89.936,35.736],[-89.916,35.548],[-90.104,35.384],[-90.084,35.188],[-90.304,35],[-88.18,34.996]]]},"properties":{"id":"US-TN"}},
{"type":"Feature","geometry":{"type":"Polygon","coordinates":[[[-82.588,38.42],[-82.632,38.152],[-82.296,37.688],[-81.964,37.54],[-81.824,37.288],[-81.544,37.212],[-81.344,37.332],[-81.224,37.244],[-80.948,37.296],[-80.528,37.468],[-80.296,37.508],[-80.284,37.684],[-79.792,38.28],[-79.636,38.592],[-79.296,38.424],[-78.988,38.844],[-78.864,38.792],[-78.412,39.168],[-78.324,39.452],[-77.836,39.144],[-77.736,39.332],[-77.792,39.484],[-78.132,39.7],[-78.744,39.576],[-79.488,39.208],[-79.476,39.72],[-80.52,39.72],[-80.52,40.648],[-80.676,40.588],[-80.6,40.324],[-80.74,40.06],[-80.876,39.628],[-81.228,39.4],[-81.748,39.192],[-81.784,38.932],[-82.06,39.004],[-82.208,38.784],[-82.332,38.444],[-82.588,38.42]]]},"properties":{"id":"US-WV"}},
{"type":"Feature","geometry":{"type":"Polygon","coordinates":[[[-87.208,41.76],[-87.52,41.76],[-87.528,40.704],[-87.532,39.36],[-87.664,39.156],[-87.512,38.764],[-87.648,38.52],[-88.044,38.052],[-88.044,37.808],[-87.428,37.948],[-87.088,37.804],[-86.82,37.996],[-86.536,37.928],[-86.416,38.116],[-86.032,37.992],[-85.816,38.288],[-85.184,38.692],[-84.82,38.788],[-84.824,39.096],[-84.816,39.992],[-84.808,41.696],[-84.808,41.76],[-85.884,41.76],[-87.208,41.76]]]},"properties":{"id":"US-IN"}},
{"type":"Feature","geometry":{"type":"Polygon","coordinates":[[[76.96,43.192],[77.032,43.38],[76.9,43.364],[76.808,43.272],[76.96,43.192]]]},"properties":{"id":"KZ-ALMATY"}},
{"type":"Feature","geometry":{"type":"Polygon","coordinates":[[[71.468,50.976],[71.58,51.208],[71.252,51.156],[71.468,50.976]]]},"properties":{"id":"KZ-AST"}},
{"type":"Feature","geometry":{"type":"Polygon","coordinates":[[[12.204,43.616],[12.036,43.416],[12.16,43.264],[11.952,43.172],[11.932,42.872],[11.888,42.852],[12.032,42.648],[12.236,42.648],[12.464,42.388],[12.9,42.608],[13.196,42.736],[13.224,42.848],[12.912,42.964],[12.852,43.208],[12.76,43.46],[12.204,43.616]]]},"properties":{"id":"IT-55"}},
{"type":"Feature","geometry":{"type":"Polygon","coordinates":[[[0.8,48.184],[0.832,48.096],[0.84,47.956],[0.608,47.688],[0.24,47.604],[0.068,47.152],[0.432,46.932],[0.672,46.964],[0.88,46.752],[1.176,46.388],[1.416,46.352],[1.88,46.44],[2.14,46.42],[2.252,46.42],[2.612,46.548],[2.716,46.732],[3.028,46.792],[3.068,47.044],[2.876,47.336],[2.876,47.52],[2.968,47.568],[3.112,48.024],[2.924,48.156],[2.496,48.12],[2.392,48.312],[1.988,48.276],[1.92,48.444],[1.576,48.704],[1.492,48.94],[1.26,48.752],[0.816,48.664],[0.98,48.432],[0.788,48.336],[0.8,48.184]]]},"properties":{"id":"FR-CVL"}},
{"type":"Feature","geometry":{"type":"Polygon","coordinates":[[[1.7,49.232],[1.62,49.084],[1.492,48.94],[1.576,48.704],[1.92,48.444],[1.988,48.276],[2.392,48.312],[2.496,48.12],[2.924,48.156],[3.044,48.36],[3.396,48.412],[3.536,48.612],[3.476,48.852],[3.08,49.108],[2.584,49.084],[2.08,49.212],[1.7,49.232]]]},"properties":{"id":"FR-IDF"}},
{"type":"Feature","geometry":{"type":"Polygon","coordinates":[[[-3.544,41.16],[-3.936,40.928],[-4.16,40.688],[-4.572,40.212],[-4.176,40.284],[-3.504,40.048],[-3.164,40.068],[-3.072,40.156],[-3.14,40.396],[-3.5,40.796],[-3.412,40.988],[-3.544,41.16]]]},"properties":{"id":"ES-MD"}}
]}